astronaut_id,mission_day,age,sex,body_mass_kg,baseline_hip_bmd,baseline_spine_bmd,equipment_status,ared_squat_load_kg,ared_deadlift_load_kg,ared_heel_raise_load_kg,total_ared_volume_kg,treadmill_minutes,cycle_ergometer_minutes,dietary_calcium_mg,vitamin_d_iu,bisphosphonate_administered,current_hip_bmd,current_spine_bmd,hip_bmd_pct_change,spine_bmd_pct_change,daily_hip_resorption_rate
ASTRO_01,1,40,F,67.3,0.917,0.984,NOMINAL,99.6,109.6,81.8,8730.0,32.4,23.5,1143.0,1000,0,0.9169,0.9839,-0.014,-0.01,0.000326
ASTRO_01,2,40,F,67.3,0.917,0.984,NOMINAL,119.7,110.8,91.7,9666.0,30.7,18.5,1181.0,800,0,0.9168,0.9838,-0.026,-0.024,0.000326
ASTRO_01,3,40,F,67.3,0.917,0.984,NOMINAL,106.2,102.6,70.3,8373.0,41.8,14.5,1210.0,1200,0,0.9166,0.9836,-0.044,-0.037,0.000326
ASTRO_01,4,40,F,67.3,0.917,0.984,NOMINAL,91.6,120.3,80.6,8775.0,29.9,24.1,973.0,1200,0,0.9164,0.9835,-0.063,-0.051,0.000326
ASTRO_01,5,40,F,67.3,0.917,0.984,NOMINAL,117.9,103.4,75.5,8904.0,30.0,22.4,1069.0,1200,0,0.9163,0.9834,-0.077,-0.059,0.000326
ASTRO_01,6,40,F,67.3,0.917,0.984,NOMINAL,140.2,88.3,74.7,9096.0,30.7,13.4,1020.0,1000,0,0.9162,0.9833,-0.088,-0.073,0.000326
ASTRO_01,7,40,F,67.3,0.917,0.984,SCHEDULED_REST,0.0,0.0,0.0,0.0,0.0,0.0,994.0,800,0,0.9159,0.983,-0.123,-0.105,0.000326
ASTRO_01,8,40,F,67.3,0.917,0.984,NOMINAL,102.3,115.6,84.2,9063.0,25.6,16.6,1207.0,1200,0,0.9157,0.9829,-0.137,-0.115,0.000326
ASTRO_01,9,40,F,67.3,0.917,0.984,NOMINAL,105.7,113.9,79.5,8973.0,28.4,15.6,1057.0,1000,0,0.9156,0.9827,-0.15,-0.127,0.000326
ASTRO_01,10,40,F,67.3,0.917,0.984,NOMINAL,121.2,108.3,84.8,9429.0,29.4,20.9,1216.0,1200,0,0.9155,0.9826,-0.169,-0.139,0.000326
ASTRO_01,11,40,F,67.3,0.917,0.984,NOMINAL,129.4,116.2,95.1,10221.0,32.3,19.2,1083.0,1200,0,0.9153,0.9825,-0.19,-0.153,0.000326
ASTRO_01,12,40,F,67.3,0.917,0.984,NOMINAL,124.5,97.9,87.1,9285.0,34.6,15.9,1216.0,800,0,0.9151,0.9824,-0.204,-0.163,0.000326
ASTRO_01,13,40,F,67.3,0.917,0.984,NOMINAL,94.0,130.4,81.9,9189.0,32.2,12.5,1099.0,1200,0,0.915,0.9822,-0.218,-0.179,0.000326
ASTRO_01,14,40,F,67.3,0.917,0.984,SCHEDULED_REST,0.0,0.0,0.0,0.0,0.0,0.0,998.0,1200,0,0.9146,0.9819,-0.258,-0.211,0.000326
ASTRO_01,15,40,F,67.3,0.917,0.984,NOMINAL,105.1,117.5,81.1,9111.0,29.5,19.4,1189.0,800,0,0.9145,0.9818,-0.272,-0.222,0.000326
ASTRO_01,16,40,F,67.3,0.917,0.984,NOMINAL,114.0,102.9,75.9,8784.0,26.7,8.4,1068.0,1000,0,0.9144,0.9817,-0.287,-0.233,0.000326
ASTRO_01,17,40,F,67.3,0.917,0.984,NOMINAL,106.0,109.2,81.2,8892.0,25.4,21.8,1167.0,800,0,0.9142,0.9816,-0.301,-0.247,0.000326
ASTRO_01,18,40,F,67.3,0.917,0.984,NOMINAL,95.0,112.4,68.3,8271.0,28.0,16.3,1123.0,1200,0,0.9141,0.9815,-0.313,-0.259,0.000326
ASTRO_01,19,40,F,67.3,0.917,0.984,NOMINAL,132.6,117.6,82.6,9984.0,30.7,14.2,920.0,1000,0,0.9141,0.9813,-0.321,-0.271,0.000326
ASTRO_01,20,40,F,67.3,0.917,0.984,NOMINAL,105.7,103.1,77.5,8589.0,32.4,10.0,1151.0,800,0,0.9139,0.9812,-0.333,-0.284,0.000326
ASTRO_01,21,40,F,67.3,0.917,0.984,SCHEDULED_REST,0.0,0.0,0.0,0.0,0.0,0.0,1300.0,800,0,0.9136,0.9809,-0.371,-0.316,0.000326
ASTRO_01,22,40,F,67.3,0.917,0.984,NOMINAL,110.8,123.6,77.3,9351.0,27.1,17.1,1084.0,800,0,0.9134,0.9808,-0.389,-0.33,0.000326
ASTRO_01,23,40,F,67.3,0.917,0.984,NOMINAL,112.5,109.5,85.4,9222.0,38.5,21.1,1299.0,1200,0,0.9133,0.9806,-0.405,-0.343,0.000326
ASTRO_01,24,40,F,67.3,0.917,0.984,NOMINAL,101.3,105.3,95.7,9069.0,29.9,15.3,945.0,1000,0,0.9131,0.9805,-0.421,-0.356,0.000326
ASTRO_01,25,40,F,67.3,0.917,0.984,NOMINAL,118.3,107.7,86.8,9384.0,37.7,22.1,1168.0,1000,0,0.913,0.9804,-0.436,-0.367,0.000326
ASTRO_01,26,40,F,67.3,0.917,0.984,NOMINAL,112.0,108.8,86.1,9207.0,36.3,13.8,1356.0,800,0,0.9128,0.9803,-0.457,-0.377,0.000326
ASTRO_01,27,40,F,67.3,0.917,0.984,NOMINAL,122.0,96.2,85.5,9111.0,26.5,16.5,1050.0,1000,0,0.9127,0.9802,-0.473,-0.389,0.000326
ASTRO_01,28,40,F,67.3,0.917,0.984,SCHEDULED_REST,0.0,0.0,0.0,0.0,0.0,0.0,1125.0,1000,0,0.9123,0.9799,-0.512,-0.418,0.000326
ASTRO_01,29,40,F,67.3,0.917,0.984,NOMINAL,116.3,90.5,72.4,8376.0,35.3,22.2,1091.0,1000,0,0.9122,0.9797,-0.523,-0.434,0.000326
ASTRO_01,30,40,F,67.3,0.917,0.984,NOMINAL,136.0,113.0,77.8,9804.0,27.8,25.2,1127.0,800,0,0.9121,0.9796,-0.535,-0.448,0.000326
ASTRO_01,31,40,F,67.3,0.917,0.984,NOMINAL,106.3,115.6,85.8,9231.0,21.0,7.7,1091.0,800,0,0.912,0.9795,-0.549,-0.46,0.000326
ASTRO_01,32,40,F,67.3,0.917,0.984,NOMINAL,117.8,113.6,74.2,9168.0,38.4,15.0,954.0,1200,1,0.9119,0.9794,-0.553,-0.465,0.000326
ASTRO_01,33,40,F,67.3,0.917,0.984,NOMINAL,117.7,108.5,78.7,9147.0,34.7,17.5,937.0,1200,0,0.9118,0.9793,-0.565,-0.478,0.000326
ASTRO_01,34,40,F,67.3,0.917,0.984,NOMINAL,108.7,121.3,64.5,8835.0,36.3,18.5,1099.0,1000,1,0.9118,0.9792,-0.571,-0.483,0.000326
ASTRO_01,35,40,F,67.3,0.917,0.984,SCHEDULED_REST,0.0,0.0,0.0,0.0,0.0,0.0,1087.0,800,1,0.9115,0.9789,-0.6,-0.515,0.000326
ASTRO_01,36,40,F,67.3,0.917,0.984,NOMINAL,130.4,88.7,85.6,9141.0,29.3,21.4,1043.0,1200,0,0.9114,0.9788,-0.615,-0.527,0.000326
ASTRO_01,37,40,F,67.3,0.917,0.984,NOMINAL,139.0,119.7,95.3,10620.0,29.6,24.9,926.0,1000,0,0.9113,0.9787,-0.626,-0.539,0.000326
ASTRO_01,38,40,F,67.3,0.917,0.984,NOMINAL,106.2,94.4,74.6,8256.0,28.0,19.8,1023.0,800,0,0.9111,0.9786,-0.648,-0.55,0.000326
ASTRO_01,39,40,F,67.3,0.917,0.984,NOMINAL,134.4,114.7,79.7,9864.0,29.7,18.6,1135.0,1200,0,0.9109,0.9785,-0.666,-0.561,0.000326
ASTRO_01,40,40,F,67.3,0.917,0.984,NOMINAL,131.4,109.9,76.9,9546.0,36.6,21.1,1120.0,800,0,0.9108,0.9784,-0.678,-0.573,0.000326
ASTRO_01,41,40,F,67.3,0.917,0.984,NOMINAL,124.1,97.0,79.6,9021.0,30.5,22.6,1185.0,1000,0,0.9106,0.9783,-0.698,-0.584,0.000326
ASTRO_01,42,40,F,67.3,0.917,0.984,SCHEDULED_REST,0.0,0.0,0.0,0.0,0.0,0.0,1010.0,1000,0,0.9103,0.9779,-0.73,-0.617,0.000326
ASTRO_01,43,40,F,67.3,0.917,0.984,NOMINAL,121.6,121.1,59.9,9078.0,27.4,23.0,1246.0,1200,1,0.9102,0.9778,-0.737,-0.627,0.000326
ASTRO_01,44,40,F,67.3,0.917,0.984,NOMINAL,102.5,87.3,78.6,8052.0,32.9,27.5,1109.0,1000,0,0.91,0.9777,-0.758,-0.64,0.000326
ASTRO_01,45,40,F,67.3,0.917,0.984,NOMINAL,121.3,107.4,64.2,8787.0,29.6,13.5,1180.0,1200,0,0.91,0.9776,-0.766,-0.654,0.000326
ASTRO_01,46,40,F,67.3,0.917,0.984,NOMINAL,136.0,99.6,85.2,9624.0,26.4,25.0,1072.0,1200,0,0.9098,0.9774,-0.783,-0.666,0.000326
ASTRO_01,47,40,F,67.3,0.917,0.984,NOMINAL,106.9,102.1,69.3,8349.0,29.2,20.3,826.0,800,0,0.9097,0.9773,-0.799,-0.68,0.000326
ASTRO_01,48,40,F,67.3,0.917,0.984,NOMINAL,118.1,127.4,77.7,9696.0,25.8,20.9,1007.0,1200,0,0.9095,0.9772,-0.814,-0.691,0.000326
ASTRO_01,49,40,F,67.3,0.917,0.984,SCHEDULED_REST,0.0,0.0,0.0,0.0,15.0,0.0,1314.0,1000,1,0.9093,0.977,-0.843,-0.716,0.000326
ASTRO_01,50,40,F,67.3,0.917,0.984,NOMINAL,104.8,108.0,88.5,9039.0,26.1,20.4,1283.0,1200,1,0.9091,0.9769,-0.861,-0.724,0.000326
ASTRO_01,51,40,F,67.3,0.917,0.984,NOMINAL,123.6,119.6,82.5,9771.0,30.3,15.6,1016.0,800,0,0.9089,0.9768,-0.88,-0.735,0.000326
ASTRO_01,52,40,F,67.3,0.917,0.984,NOMINAL,134.4,108.5,73.9,9504.0,36.1,22.7,976.0,800,0,0.9088,0.9767,-0.896,-0.746,0.000326
ASTRO_01,53,40,F,67.3,0.917,0.984,NOMINAL,126.7,107.6,67.7,9060.0,32.0,19.0,1075.0,1000,1,0.9086,0.9766,-0.913,-0.754,0.000326
ASTRO_01,54,40,F,67.3,0.917,0.984,NOMINAL,110.1,82.7,86.2,8370.0,31.6,19.6,1128.0,800,0,0.9085,0.9765,-0.928,-0.765,0.000326
ASTRO_01,55,40,F,67.3,0.917,0.984,NOMINAL,123.5,110.5,95.0,9870.0,35.0,19.6,991.0,800,0,0.9084,0.9764,-0.941,-0.774,0.000326
ASTRO_01,56,40,F,67.3,0.917,0.984,SCHEDULED_REST,0.0,0.0,0.0,0.0,0.0,0.0,1192.0,1000,1,0.9082,0.9761,-0.962,-0.804,0.000326
ASTRO_01,57,40,F,67.3,0.917,0.984,NOMINAL,114.9,103.6,75.9,8832.0,33.0,25.5,1193.0,1200,0,0.9081,0.976,-0.974,-0.815,0.000326
ASTRO_01,58,40,F,67.3,0.917,0.984,NOMINAL,109.9,122.7,76.7,9279.0,25.0,20.9,1142.0,800,1,0.908,0.9759,-0.985,-0.82,0.000326
ASTRO_01,59,40,F,67.3,0.917,0.984,NOMINAL,112.8,104.5,85.1,9072.0,34.1,9.0,1143.0,800,0,0.9078,0.9759,-1.002,-0.828,0.000326
ASTRO_01,60,40,F,67.3,0.917,0.984,NOMINAL,123.3,110.6,86.4,9609.0,38.8,30.0,910.0,800,0,0.9077,0.9757,-1.015,-0.844,0.000326
ASTRO_01,61,40,F,67.3,0.917,0.984,NOMINAL,119.5,115.4,68.9,9114.0,34.6,21.7,1050.0,800,0,0.9076,0.9756,-1.029,-0.852,0.000326
ASTRO_01,62,40,F,67.3,0.917,0.984,NOMINAL,128.3,114.9,77.9,9633.0,28.3,19.7,1321.0,1000,0,0.9075,0.9755,-1.039,-0.864,0.000326
ASTRO_01,63,40,F,67.3,0.917,0.984,SCHEDULED_REST,0.0,0.0,0.0,0.0,0.0,0.0,1191.0,1000,1,0.9072,0.9753,-1.073,-0.888,0.000326
ASTRO_01,64,40,F,67.3,0.917,0.984,NOMINAL,140.6,114.9,93.3,10464.0,25.3,16.6,898.0,1200,1,0.9071,0.9752,-1.084,-0.893,0.000326
ASTRO_01,65,40,F,67.3,0.917,0.984,NOMINAL,148.4,105.7,81.1,10056.0,37.1,23.0,1126.0,1000,0,0.9069,0.9751,-1.097,-0.905,0.000326
ASTRO_01,66,40,F,67.3,0.917,0.984,NOMINAL,114.5,104.4,77.0,8877.0,28.4,17.9,1043.0,1000,0,0.9068,0.9749,-1.109,-0.921,0.000326
ASTRO_01,67,40,F,67.3,0.917,0.984,NOMINAL,135.0,106.1,77.3,9552.0,26.0,11.7,1199.0,1000,0,0.9067,0.9748,-1.124,-0.93,0.000326
ASTRO_01,68,40,F,67.3,0.917,0.984,NOMINAL,116.2,103.2,81.4,9024.0,29.2,21.6,957.0,800,0,0.9066,0.9748,-1.139,-0.94,0.000326
ASTRO_01,69,40,F,67.3,0.917,0.984,NOMINAL,94.5,97.5,84.9,8307.0,26.8,19.2,1100.0,800,0,0.9064,0.9746,-1.154,-0.955,0.000326
ASTRO_01,70,40,F,67.3,0.917,0.984,SCHEDULED_REST,0.0,0.0,0.0,0.0,15.0,0.0,871.0,1000,1,0.9062,0.9743,-1.176,-0.984,0.000326
ASTRO_01,71,40,F,67.3,0.917,0.984,NOMINAL,133.3,81.1,64.1,8355.0,25.0,14.1,1124.0,800,0,0.9061,0.9742,-1.191,-0.996,0.000326
ASTRO_01,72,40,F,67.3,0.917,0.984,NOMINAL,122.8,104.7,92.1,9588.0,30.5,18.7,1223.0,800,1,0.906,0.9741,-1.199,-1.005,0.000326
ASTRO_01,73,40,F,67.3,0.917,0.984,NOMINAL,110.4,112.6,71.0,8820.0,32.9,18.8,1055.0,1000,0,0.9058,0.974,-1.22,-1.018,0.000326
ASTRO_01,74,40,F,67.3,0.917,0.984,NOMINAL,119.4,100.5,86.3,9186.0,31.9,26.8,1215.0,800,0,0.9056,0.9738,-1.239,-1.032,0.000326
ASTRO_01,75,40,F,67.3,0.917,0.984,NOMINAL,132.4,90.1,86.8,9279.0,24.3,26.2,840.0,1000,0,0.9055,0.9737,-1.256,-1.043,0.000326
ASTRO_01,76,40,F,67.3,0.917,0.984,NOMINAL,120.1,108.1,70.1,8949.0,29.5,31.4,766.0,800,0,0.9053,0.9736,-1.275,-1.053,0.000326
ASTRO_01,77,40,F,67.3,0.917,0.984,SCHEDULED_REST,0.0,0.0,0.0,0.0,0.0,0.0,945.0,1200,0,0.905,0.9733,-1.311,-1.084,0.000326
ASTRO_01,78,40,F,67.3,0.917,0.984,NOMINAL,132.4,107.6,91.6,9948.0,29.4,16.6,1317.0,800,1,0.9049,0.9733,-1.32,-1.09,0.000326
ASTRO_01,79,40,F,67.3,0.917,0.984,NOMINAL,128.4,124.3,88.9,10248.0,22.6,13.6,1025.0,1000,0,0.9048,0.9732,-1.335,-1.1,0.000326
ASTRO_01,80,40,F,67.3,0.917,0.984,NOMINAL,107.6,101.6,69.5,8361.0,26.3,13.2,983.0,1200,0,0.9046,0.9731,-1.347,-1.112,0.000326
ASTRO_01,81,40,F,67.3,0.917,0.984,NOMINAL,115.2,107.2,71.8,8826.0,31.2,11.4,1134.0,800,0,0.9045,0.9729,-1.364,-1.127,0.000326
ASTRO_01,82,40,F,67.3,0.917,0.984,NOMINAL,128.5,104.2,82.7,9462.0,30.7,18.3,1337.0,1000,0,0.9044,0.9728,-1.379,-1.136,0.000326
ASTRO_01,83,40,F,67.3,0.917,0.984,NOMINAL,109.5,109.9,96.3,9471.0,32.8,26.4,1197.0,1000,0,0.9042,0.9727,-1.391,-1.147,0.000326
ASTRO_01,84,40,F,67.3,0.917,0.984,SCHEDULED_REST,0.0,0.0,0.0,0.0,0.0,0.0,1188.0,800,0,0.9039,0.9724,-1.424,-1.178,0.000326
ASTRO_01,85,40,F,67.3,0.917,0.984,NOMINAL,122.0,105.5,89.8,9519.0,29.7,17.7,1206.0,1000,0,0.9038,0.9723,-1.443,-1.187,0.000326
ASTRO_01,86,40,F,67.3,0.917,0.984,NOMINAL,106.4,135.1,81.4,9687.0,34.1,9.6,946.0,1200,0,0.9037,0.9722,-1.453,-1.198,0.000326
ASTRO_01,87,40,F,67.3,0.917,0.984,NOMINAL,129.0,92.8,82.9,9141.0,33.6,20.4,1228.0,1200,1,0.9037,0.9721,-1.455,-1.206,0.000326
ASTRO_01,88,40,F,67.3,0.917,0.984,NOMINAL,108.5,92.5,78.6,8388.0,27.3,28.7,1120.0,800,1,0.9035,0.972,-1.47,-1.215,0.000326
ASTRO_01,89,40,F,67.3,0.917,0.984,NOMINAL,104.6,100.0,80.5,8553.0,30.9,27.8,980.0,1200,0,0.9034,0.9719,-1.482,-1.227,0.000326
ASTRO_01,90,40,F,67.3,0.917,0.984,NOMINAL,116.1,114.4,71.8,9069.0,31.5,20.8,1159.0,800,0,0.9033,0.9718,-1.499,-1.239,0.000326
ASTRO_01,91,40,F,67.3,0.917,0.984,SCHEDULED_REST,0.0,0.0,0.0,0.0,15.0,0.0,1156.0,1000,0,0.9029,0.9715,-1.533,-1.268,0.000326
ASTRO_01,92,40,F,67.3,0.917,0.984,NOMINAL,109.8,99.4,84.5,8811.0,27.8,23.2,1124.0,800,0,0.9028,0.9714,-1.554,-1.28,0.000326
ASTRO_01,93,40,F,67.3,0.917,0.984,NOMINAL,130.2,92.7,75.0,8937.0,27.6,19.8,1161.0,1200,1,0.9027,0.9713,-1.564,-1.29,0.000326
ASTRO_01,94,40,F,67.3,0.917,0.984,NOMINAL,101.6,116.5,73.2,8739.0,26.6,20.0,1183.0,800,0,0.9025,0.9712,-1.583,-1.3,0.000326
ASTRO_01,95,40,F,67.3,0.917,0.984,NOMINAL,117.1,126.3,87.3,9921.0,34.4,20.7,1119.0,800,1,0.9024,0.9711,-1.587,-1.307,0.000326
ASTRO_01,96,40,F,67.3,0.917,0.984,NOMINAL,105.2,110.9,75.7,8754.0,30.8,19.2,1095.0,1200,0,0.9023,0.971,-1.601,-1.32,0.000326
ASTRO_01,97,40,F,67.3,0.917,0.984,NOMINAL,106.7,100.8,84.7,8766.0,31.7,22.0,1073.0,800,0,0.9022,0.9709,-1.617,-1.332,0.000326
ASTRO_01,98,40,F,67.3,0.917,0.984,SCHEDULED_REST,0.0,0.0,0.0,0.0,0.0,0.0,1111.0,800,0,0.9019,0.9706,-1.651,-1.364,0.000326
ASTRO_01,99,40,F,67.3,0.917,0.984,NOMINAL,123.1,108.2,90.4,9651.0,24.2,20.9,1149.0,1000,0,0.9017,0.9705,-1.665,-1.377,0.000326
ASTRO_01,100,40,F,67.3,0.917,0.984,NOMINAL,113.8,126.1,76.1,9480.0,37.6,25.5,1307.0,1200,1,0.9016,0.9704,-1.676,-1.38,0.000326
ASTRO_01,101,40,F,67.3,0.917,0.984,NOMINAL,109.8,115.0,86.2,9330.0,29.8,26.5,1113.0,1200,1,0.9015,0.9703,-1.685,-1.388,0.000326
ASTRO_01,102,40,F,67.3,0.917,0.984,NOMINAL,101.3,116.4,86.0,9111.0,29.6,29.2,972.0,1000,0,0.9014,0.9702,-1.706,-1.401,0.000326
ASTRO_01,103,40,F,67.3,0.917,0.984,NOMINAL,130.6,98.4,74.5,9105.0,32.6,22.0,1183.0,1000,0,0.9012,0.9701,-1.72,-1.413,0.000326
ASTRO_01,104,40,F,67.3,0.917,0.984,NOMINAL,119.9,105.4,86.4,9351.0,32.9,22.3,1173.0,1200,0,0.9011,0.97,-1.734,-1.425,0.000326
ASTRO_01,105,40,F,67.3,0.917,0.984,SCHEDULED_REST,0.0,0.0,0.0,0.0,15.0,0.0,1081.0,1000,1,0.9008,0.9697,-1.768,-1.45,0.000326
ASTRO_01,106,40,F,67.3,0.917,0.984,NOMINAL,107.6,94.1,78.2,8397.0,27.0,19.9,909.0,1200,0,0.9007,0.9696,-1.782,-1.463,0.000326
ASTRO_01,107,40,F,67.3,0.917,0.984,NOMINAL,102.5,98.3,93.7,8835.0,34.9,23.7,1213.0,800,1,0.9006,0.9696,-1.79,-1.464,0.000326
ASTRO_01,108,40,F,67.3,0.917,0.984,NOMINAL,116.4,112.9,95.0,9729.0,26.5,20.2,1068.0,1000,0,0.9004,0.9695,-1.805,-1.475,0.000326
ASTRO_01,109,40,F,67.3,0.917,0.984,NOMINAL,103.9,117.6,85.7,9216.0,28.0,17.8,1133.0,1200,0,0.9003,0.9694,-1.823,-1.483,0.000326
ASTRO_01,110,40,F,67.3,0.917,0.984,NOMINAL,133.3,92.3,87.6,9396.0,35.1,22.8,1060.0,1200,0,0.9002,0.9693,-1.83,-1.492,0.000326
ASTRO_01,111,40,F,67.3,0.917,0.984,NOMINAL,119.0,128.4,75.2,9678.0,36.9,21.0,1022.0,800,0,0.9001,0.9692,-1.846,-1.504,0.000326
ASTRO_01,112,40,F,67.3,0.917,0.984,SCHEDULED_REST,0.0,0.0,0.0,0.0,15.0,0.0,857.0,800,0,0.8997,0.9689,-1.882,-1.531,0.000326
ASTRO_01,113,40,F,67.3,0.917,0.984,NOMINAL,137.4,112.0,81.1,9915.0,30.5,23.1,977.0,800,0,0.8996,0.9688,-1.895,-1.543,0.000326
ASTRO_01,114,40,F,67.3,0.917,0.984,NOMINAL,130.2,104.9,91.8,9807.0,33.0,20.1,1290.0,1000,0,0.8994,0.9687,-1.915,-1.551,0.000326
ASTRO_01,115,40,F,67.3,0.917,0.984,NOMINAL,115.4,125.5,67.7,9258.0,27.7,24.0,1122.0,1200,0,0.8993,0.9686,-1.926,-1.561,0.000326
ASTRO_01,116,40,F,67.3,0.917,0.984,NOMINAL,121.5,100.8,83.4,9171.0,28.8,11.7,1094.0,800,0,0.8991,0.9685,-1.949,-1.572,0.000326
ASTRO_01,117,40,F,67.3,0.917,0.984,NOMINAL,102.8,110.9,83.8,8925.0,29.7,24.0,951.0,1200,0,0.8989,0.9684,-1.969,-1.58,0.000326
ASTRO_01,118,40,F,67.3,0.917,0.984,NOMINAL,107.4,100.1,79.6,8613.0,34.0,17.0,866.0,1000,1,0.8989,0.9684,-1.973,-1.59,0.000326
ASTRO_01,119,40,F,67.3,0.917,0.984,SCHEDULED_REST,0.0,0.0,0.0,0.0,15.0,0.0,1011.0,800,0,0.8985,0.9681,-2.013,-1.62,0.000326
ASTRO_01,120,40,F,67.3,0.917,0.984,NOMINAL,90.8,114.8,88.5,8823.0,34.4,19.2,1290.0,1000,0,0.8985,0.9679,-2.021,-1.633,0.000326
ASTRO_01,121,40,F,67.3,0.917,0.984,NOMINAL,111.2,109.2,76.9,8919.0,27.5,17.3,1306.0,800,0,0.8984,0.9678,-2.034,-1.648,0.000326
ASTRO_01,122,40,F,67.3,0.917,0.984,NOMINAL,122.7,86.5,83.1,8769.0,25.7,20.5,1108.0,1000,1,0.8983,0.9677,-2.043,-1.656,0.000326
ASTRO_01,123,40,F,67.3,0.917,0.984,NOMINAL,122.5,115.7,71.0,9276.0,29.8,21.0,1122.0,800,1,0.8982,0.9676,-2.053,-1.662,0.000326
ASTRO_01,124,40,F,67.3,0.917,0.984,NOMINAL,122.0,96.9,86.1,9150.0,25.6,28.2,1007.0,1000,0,0.898,0.9676,-2.067,-1.672,0.000326
ASTRO_01,125,40,F,67.3,0.917,0.984,NOMINAL,113.6,111.1,92.2,9507.0,32.3,21.8,898.0,1000,0,0.8979,0.9675,-2.085,-1.681,0.000326
ASTRO_01,126,40,F,67.3,0.917,0.984,SCHEDULED_REST,0.0,0.0,0.0,0.0,0.0,0.0,1053.0,1000,0,0.8975,0.9671,-2.125,-1.716,0.000326
ASTRO_01,127,40,F,67.3,0.917,0.984,NOMINAL,106.0,123.2,68.3,8925.0,28.8,13.5,1028.0,1000,0,0.8974,0.967,-2.139,-1.73,0.000326
ASTRO_01,128,40,F,67.3,0.917,0.984,NOMINAL,116.7,123.9,85.7,9789.0,30.2,20.4,958.0,1200,0,0.8973,0.9669,-2.149,-1.74,0.000326
ASTRO_01,129,40,F,67.3,0.917,0.984,NOMINAL,123.8,116.2,86.8,9804.0,31.1,20.5,1092.0,1200,1,0.8972,0.9668,-2.163,-1.747,0.000326
ASTRO_01,130,40,F,67.3,0.917,0.984,NOMINAL,121.3,96.6,97.2,9453.0,31.1,20.3,1192.0,1000,0,0.897,0.9667,-2.182,-1.756,0.000326
ASTRO_01,131,40,F,67.3,0.917,0.984,NOMINAL,104.9,105.4,85.2,8865.0,26.1,20.5,940.0,1200,1,0.8969,0.9667,-2.194,-1.762,0.000326
ASTRO_01,132,40,F,67.3,0.917,0.984,NOMINAL,114.9,115.6,84.6,9453.0,20.9,21.2,1370.0,800,0,0.8967,0.9666,-2.212,-1.772,0.000326
ASTRO_01,133,40,F,67.3,0.917,0.984,SCHEDULED_REST,0.0,0.0,0.0,0.0,0.0,0.0,1121.0,800,1,0.8964,0.9663,-2.242,-1.8,0.000326
ASTRO_01,134,40,F,67.3,0.917,0.984,NOMINAL,127.4,104.7,90.7,9684.0,27.3,21.4,1000.0,1000,1,0.8964,0.9662,-2.244,-1.805,0.000326
ASTRO_01,135,40,F,67.3,0.917,0.984,NOMINAL,112.3,132.4,65.6,9309.0,27.8,15.3,1016.0,1200,1,0.8963,0.9662,-2.256,-1.808,0.000326
ASTRO_01,136,40,F,67.3,0.917,0.984,NOMINAL,96.4,110.8,80.7,8637.0,31.7,16.1,928.0,1200,0,0.8961,0.9661,-2.278,-1.82,0.000326
ASTRO_01,137,40,F,67.3,0.917,0.984,NOMINAL,131.1,114.5,78.6,9726.0,27.0,24.3,1236.0,800,0,0.896,0.966,-2.288,-1.832,0.000326
ASTRO_01,138,40,F,67.3,0.917,0.984,NOMINAL,102.0,108.0,74.6,8538.0,30.9,12.2,1140.0,1000,1,0.896,0.9659,-2.295,-1.842,0.000326
ASTRO_01,139,40,F,67.3,0.917,0.984,NOMINAL,114.4,106.2,76.5,8913.0,22.2,16.9,1001.0,800,1,0.8959,0.9658,-2.305,-1.85,0.000326
ASTRO_01,140,40,F,67.3,0.917,0.984,SCHEDULED_REST,0.0,0.0,0.0,0.0,0.0,0.0,1176.0,1000,0,0.8955,0.9655,-2.348,-1.883,0.000326
ASTRO_01,141,40,F,67.3,0.917,0.984,NOMINAL,107.6,115.6,75.6,8964.0,31.1,24.1,1018.0,800,0,0.8953,0.9654,-2.368,-1.895,0.000326
ASTRO_01,142,40,F,67.3,0.917,0.984,NOMINAL,108.5,95.9,68.5,8187.0,25.2,20.3,907.0,1200,0,0.8952,0.9652,-2.377,-1.909,0.000326
ASTRO_01,143,40,F,67.3,0.917,0.984,NOMINAL,126.7,108.0,82.8,9525.0,30.0,18.1,1156.0,1200,0,0.8951,0.9651,-2.385,-1.92,0.000326
ASTRO_01,144,40,F,67.3,0.917,0.984,NOMINAL,121.1,127.7,75.1,9717.0,31.7,22.9,1037.0,1200,0,0.895,0.965,-2.398,-1.933,0.000326
ASTRO_01,145,40,F,67.3,0.917,0.984,NOMINAL,117.0,107.6,89.4,9420.0,31.9,19.9,1198.0,1000,0,0.8949,0.9649,-2.415,-1.942,0.000326
ASTRO_01,146,40,F,67.3,0.917,0.984,NOMINAL,107.1,111.2,88.4,9201.0,16.4,19.5,1092.0,800,0,0.8947,0.9648,-2.431,-1.953,0.000326
ASTRO_01,147,40,F,67.3,0.917,0.984,SCHEDULED_REST,0.0,0.0,0.0,0.0,15.0,0.0,901.0,1200,1,0.8945,0.9645,-2.457,-1.979,0.000326
ASTRO_01,148,40,F,67.3,0.917,0.984,NOMINAL,134.5,109.2,78.1,9654.0,27.5,18.5,1053.0,1200,1,0.8944,0.9644,-2.466,-1.987,0.000326
ASTRO_01,149,40,F,67.3,0.917,0.984,NOMINAL,108.2,112.6,72.5,8799.0,31.9,23.7,1048.0,800,0,0.8943,0.9643,-2.477,-2.003,0.000326
ASTRO_01,150,40,F,67.3,0.917,0.984,NOMINAL,149.0,103.6,71.5,9723.0,29.1,14.8,1146.0,1200,1,0.8942,0.9642,-2.483,-2.012,0.000326
ASTRO_01,151,40,F,67.3,0.917,0.984,NOMINAL,118.9,107.5,85.4,9354.0,30.5,15.1,1244.0,1200,1,0.8941,0.9642,-2.493,-2.017,0.000326
ASTRO_01,152,40,F,67.3,0.917,0.984,NOMINAL,101.8,112.1,90.4,9129.0,28.8,25.1,1135.0,800,0,0.894,0.964,-2.511,-2.032,0.000326
ASTRO_01,153,40,F,67.3,0.917,0.984,NOMINAL,111.8,106.8,88.1,9201.0,35.6,26.1,1133.0,1200,0,0.8939,0.9639,-2.523,-2.041,0.000326
ASTRO_01,154,40,F,67.3,0.917,0.984,SCHEDULED_REST,0.0,0.0,0.0,0.0,0.0,0.0,1084.0,800,0,0.8936,0.9636,-2.556,-2.07,0.000326
ASTRO_01,155,40,F,67.3,0.917,0.984,NOMINAL,115.2,108.6,80.8,9138.0,27.8,16.2,827.0,1200,0,0.8934,0.9635,-2.575,-2.085,0.000326
ASTRO_01,156,40,F,67.3,0.917,0.984,NOMINAL,131.7,109.6,79.8,9633.0,27.1,20.1,998.0,800,1,0.8933,0.9634,-2.583,-2.089,0.000326
ASTRO_01,157,40,F,67.3,0.917,0.984,NOMINAL,101.6,102.7,83.0,8619.0,26.3,23.2,1247.0,1000,0,0.8932,0.9633,-2.6,-2.1,0.000326
ASTRO_01,158,40,F,67.3,0.917,0.984,NOMINAL,115.8,97.0,80.5,8799.0,25.9,20.2,1200.0,1000,1,0.8931,0.9633,-2.608,-2.107,0.000326
ASTRO_01,159,40,F,67.3,0.917,0.984,NOMINAL,109.5,94.9,66.9,8139.0,22.2,22.9,1118.0,1000,0,0.8929,0.9632,-2.624,-2.115,0.000326
ASTRO_01,160,40,F,67.3,0.917,0.984,NOMINAL,102.1,119.0,78.0,8973.0,32.2,30.6,1183.0,1000,0,0.8928,0.9631,-2.638,-2.125,0.000326
ASTRO_01,161,40,F,67.3,0.917,0.984,SCHEDULED_REST,0.0,0.0,0.0,0.0,15.0,0.0,975.0,1000,0,0.8925,0.9628,-2.672,-2.156,0.000326
ASTRO_01,162,40,F,67.3,0.917,0.984,NOMINAL,96.0,102.3,83.3,8448.0,27.6,21.4,1098.0,1200,0,0.8924,0.9627,-2.686,-2.168,0.000326
ASTRO_01,163,40,F,67.3,0.917,0.984,NOMINAL,137.1,110.1,101.6,10464.0,32.3,11.2,1190.0,1200,0,0.8922,0.9625,-2.699,-2.181,0.000326
ASTRO_01,164,40,F,67.3,0.917,0.984,NOMINAL,113.9,120.9,82.7,9525.0,32.2,21.7,997.0,1000,0,0.8921,0.9624,-2.716,-2.19,0.000326
ASTRO_01,165,40,F,67.3,0.917,0.984,NOMINAL,106.4,112.0,90.3,9261.0,26.1,27.4,1297.0,1000,0,0.892,0.9623,-2.723,-2.205,0.000326
ASTRO_01,166,40,F,67.3,0.917,0.984,NOMINAL,103.4,103.1,74.2,8421.0,26.7,9.5,1171.0,1200,1,0.8919,0.9622,-2.732,-2.212,0.000326
ASTRO_01,167,40,F,67.3,0.917,0.984,NOMINAL,111.7,93.2,67.5,8172.0,30.1,25.4,1035.0,1000,0,0.8918,0.9621,-2.748,-2.221,0.000326
ASTRO_01,168,40,F,67.3,0.917,0.984,SCHEDULED_REST,0.0,0.0,0.0,0.0,0.0,0.0,1245.0,1000,0,0.8914,0.9618,-2.786,-2.251,0.000326
ASTRO_01,169,40,F,67.3,0.917,0.984,NOMINAL,129.5,116.2,81.4,9813.0,35.2,15.5,1064.0,800,0,0.8913,0.9617,-2.802,-2.263,0.000326
ASTRO_01,170,40,F,67.3,0.917,0.984,NOMINAL,134.8,114.0,72.6,9642.0,37.4,26.1,1170.0,1200,0,0.8912,0.9616,-2.815,-2.277,0.000326
ASTRO_01,171,40,F,67.3,0.917,0.984,NOMINAL,125.3,124.4,94.2,10317.0,32.9,17.1,944.0,800,0,0.8911,0.9615,-2.828,-2.288,0.000326
ASTRO_01,172,40,F,67.3,0.917,0.984,NOMINAL,127.6,122.0,81.6,9936.0,30.6,17.7,1058.0,800,0,0.8909,0.9614,-2.841,-2.299,0.000326
ASTRO_01,173,40,F,67.3,0.917,0.984,NOMINAL,104.9,98.8,83.6,8619.0,29.1,15.8,989.0,1000,0,0.8908,0.9613,-2.859,-2.31,0.000326
ASTRO_01,174,40,F,67.3,0.917,0.984,NOMINAL,118.7,106.0,81.8,9195.0,28.0,10.3,1194.0,1000,0,0.8907,0.9612,-2.872,-2.322,0.000326
ASTRO_01,175,40,F,67.3,0.917,0.984,SCHEDULED_REST,0.0,0.0,0.0,0.0,0.0,0.0,1130.0,1200,0,0.8903,0.9609,-2.907,-2.351,0.000326
ASTRO_01,176,40,F,67.3,0.917,0.984,NOMINAL,112.1,113.1,90.8,9480.0,31.6,20.0,1154.0,800,0,0.8902,0.9608,-2.924,-2.362,0.000326
ASTRO_01,177,40,F,67.3,0.917,0.984,NOMINAL,116.2,91.5,90.1,8934.0,27.1,15.9,1124.0,800,0,0.8901,0.9606,-2.936,-2.374,0.000326
ASTRO_01,178,40,F,67.3,0.917,0.984,NOMINAL,99.9,122.1,82.4,9132.0,38.7,24.7,1166.0,1000,1,0.89,0.9606,-2.947,-2.382,0.000326
ASTRO_01,179,40,F,67.3,0.917,0.984,NOMINAL,140.8,125.4,72.5,10161.0,27.2,20.4,1268.0,1000,0,0.8898,0.9605,-2.962,-2.393,0.000326
ASTRO_01,180,40,F,67.3,0.917,0.984,NOMINAL,134.1,116.1,77.9,9843.0,36.3,21.4,1143.0,1000,1,0.8897,0.9604,-2.974,-2.398,0.000326
ASTRO_02,1,54,F,76.8,0.919,1.038,NOMINAL,132.7,122.3,86.3,10239.0,30.3,24.4,983.0,1200,0,0.9189,1.0379,-0.015,-0.012,0.000339
ASTRO_02,2,54,F,76.8,0.919,1.038,NOMINAL,146.9,124.0,80.7,10548.0,33.7,16.7,1325.0,1200,0,0.9188,1.0377,-0.027,-0.024,0.000339
ASTRO_02,3,54,F,76.8,0.919,1.038,NOMINAL,139.5,123.4,99.8,10881.0,38.1,10.8,1146.0,800,0,0.9186,1.0376,-0.045,-0.035,0.000339
ASTRO_02,4,54,F,76.8,0.919,1.038,NOMINAL,138.9,117.4,88.0,10329.0,31.2,23.8,1076.0,1000,0,0.9184,1.0375,-0.064,-0.045,0.000339
ASTRO_02,5,54,F,76.8,0.919,1.038,NOMINAL,126.6,112.3,91.8,9921.0,26.3,25.9,997.0,800,0,0.9183,1.0374,-0.078,-0.054,0.000339
ASTRO_02,6,54,F,76.8,0.919,1.038,NOMINAL,164.2,128.7,94.8,11631.0,30.8,18.2,1141.0,1000,0,0.9181,1.0374,-0.093,-0.061,0.000339
ASTRO_02,7,54,F,76.8,0.919,1.038,SCHEDULED_REST,0.0,0.0,0.0,0.0,0.0,0.0,1142.0,1200,0,0.9178,1.0371,-0.129,-0.09,0.000339
ASTRO_02,8,54,F,76.8,0.919,1.038,NOMINAL,119.8,114.5,93.2,9825.0,30.5,11.9,1119.0,1000,0,0.9177,1.0369,-0.145,-0.102,0.000339
ASTRO_02,9,54,F,76.8,0.919,1.038,NOMINAL,128.4,113.7,105.1,10416.0,28.7,26.1,1283.0,1000,0,0.9175,1.0368,-0.158,-0.112,0.000339
ASTRO_02,10,54,F,76.8,0.919,1.038,NOMINAL,127.4,129.5,89.6,10395.0,27.3,22.3,979.0,800,0,0.9174,1.0367,-0.175,-0.121,0.000339
ASTRO_02,11,54,F,76.8,0.919,1.038,NOMINAL,149.6,133.0,76.7,10779.0,30.5,25.1,942.0,1000,0,0.9173,1.0366,-0.19,-0.131,0.000339
ASTRO_02,12,54,F,76.8,0.919,1.038,NOMINAL,136.5,130.3,89.1,10677.0,25.4,13.4,1030.0,800,0,0.9171,1.0366,-0.212,-0.14,0.000339
ASTRO_02,13,54,F,76.8,0.919,1.038,NOMINAL,126.7,122.0,94.8,10305.0,30.8,23.5,1048.0,1200,0,0.9169,1.0364,-0.224,-0.149,0.000339
ASTRO_02,14,54,F,76.8,0.919,1.038,SCHEDULED_REST,0.0,0.0,0.0,0.0,15.0,0.0,1220.0,1200,0,0.9167,1.0362,-0.254,-0.176,0.000339
ASTRO_02,15,54,F,76.8,0.919,1.038,NOMINAL,139.5,108.2,90.1,10134.0,23.2,22.6,1189.0,800,0,0.9165,1.0361,-0.273,-0.186,0.000339
ASTRO_02,16,54,F,76.8,0.919,1.038,NOMINAL,143.9,131.9,93.9,11091.0,32.9,16.8,1110.0,1000,0,0.9163,1.036,-0.289,-0.196,0.000339
ASTRO_02,17,54,F,76.8,0.919,1.038,NOMINAL,147.1,113.6,94.1,10644.0,33.9,22.5,1123.0,800,0,0.9162,1.0358,-0.3,-0.208,0.000339
ASTRO_02,18,54,F,76.8,0.919,1.038,NOMINAL,136.0,122.1,99.2,10719.0,28.4,15.6,1058.0,800,0,0.9161,1.0358,-0.316,-0.216,0.000339
ASTRO_02,19,54,F,76.8,0.919,1.038,NOMINAL,154.1,112.7,98.4,10956.0,26.1,20.2,1069.0,1000,0,0.9159,1.0356,-0.339,-0.228,0.000339
ASTRO_02,20,54,F,76.8,0.919,1.038,NOMINAL,121.9,126.4,92.0,10209.0,27.5,12.3,1113.0,1200,0,0.9157,1.0355,-0.355,-0.24,0.000339
ASTRO_02,21,54,F,76.8,0.919,1.038,SCHEDULED_REST,0.0,0.0,0.0,0.0,15.0,0.0,1017.0,800,0,0.9155,1.0352,-0.385,-0.272,0.000339
ASTRO_02,22,54,F,76.8,0.919,1.038,NOMINAL,102.9,108.4,112.0,9699.0,27.2,25.8,1115.0,800,0,0.9153,1.035,-0.401,-0.284,0.000339
ASTRO_02,23,54,F,76.8,0.919,1.038,NOMINAL,137.0,136.3,77.2,10515.0,30.5,19.2,1181.0,800,0,0.9152,1.0349,-0.414,-0.296,0.000339
ASTRO_02,24,54,F,76.8,0.919,1.038,NOMINAL,145.6,123.7,88.7,10740.0,30.3,18.5,1114.0,1200,0,0.9151,1.0348,-0.43,-0.308,0.000339
ASTRO_02,25,54,F,76.8,0.919,1.038,NOMINAL,116.6,104.3,98.8,9591.0,29.3,23.9,1284.0,800,0,0.9149,1.0347,-0.447,-0.319,0.000339
ASTRO_02,26,54,F,76.8,0.919,1.038,NOMINAL,152.5,131.8,90.0,11229.0,26.4,9.2,1014.0,1200,0,0.9148,1.0346,-0.458,-0.325,0.000339
ASTRO_02,27,54,F,76.8,0.919,1.038,NOMINAL,130.7,131.5,101.2,10902.0,26.8,28.9,972.0,1000,0,0.9147,1.0345,-0.469,-0.339,0.000339
ASTRO_02,28,54,F,76.8,0.919,1.038,SCHEDULED_REST,0.0,0.0,0.0,0.0,0.0,0.0,1185.0,800,0,0.9144,1.0342,-0.505,-0.37,0.000339
ASTRO_02,29,54,F,76.8,0.919,1.038,NOMINAL,129.3,136.2,98.3,10914.0,35.1,20.6,1138.0,1200,0,0.9143,1.0341,-0.513,-0.375,0.000339
ASTRO_02,30,54,F,76.8,0.919,1.038,NOMINAL,127.3,103.3,98.0,9858.0,33.4,26.4,1157.0,1000,0,0.9142,1.034,-0.526,-0.388,0.000339
ASTRO_02,31,54,F,76.8,0.919,1.038,NOMINAL,131.1,134.1,93.2,10752.0,24.4,22.3,989.0,1200,0,0.914,1.0339,-0.548,-0.399,0.000339
ASTRO_02,32,54,F,76.8,0.919,1.038,NOMINAL,129.0,136.9,116.9,11484.0,31.8,14.9,1081.0,1000,0,0.9138,1.0337,-0.561,-0.411,0.000339
ASTRO_02,33,54,F,76.8,0.919,1.038,NOMINAL,147.7,121.4,86.4,10665.0,34.4,14.1,905.0,1000,0,0.9137,1.0336,-0.571,-0.424,0.000339
ASTRO_02,34,54,F,76.8,0.919,1.038,NOMINAL,138.2,118.1,92.0,10449.0,32.2,20.0,1048.0,1000,0,0.9136,1.0335,-0.587,-0.438,0.000339
ASTRO_02,35,54,F,76.8,0.919,1.038,SCHEDULED_REST,0.0,0.0,0.0,0.0,0.0,0.0,926.0,800,0,0.9133,1.0331,-0.622,-0.469,0.000339
ASTRO_02,36,54,F,76.8,0.919,1.038,NOMINAL,141.5,119.5,101.5,10875.0,31.5,19.5,1154.0,800,0,0.9132,1.033,-0.628,-0.483,0.000339
ASTRO_02,37,54,F,76.8,0.919,1.038,NOMINAL,126.9,116.1,88.7,9951.0,34.1,22.7,1202.0,1000,1,0.9131,1.0329,-0.642,-0.491,0.000339
ASTRO_02,38,54,F,76.8,0.919,1.038,NOMINAL,133.9,127.8,99.9,10848.0,22.7,19.1,967.0,1200,0,0.913,1.0328,-0.654,-0.502,0.000339
ASTRO_02,39,54,F,76.8,0.919,1.038,NOMINAL,122.3,133.5,100.7,10695.0,27.5,28.6,1066.0,800,0,0.9128,1.0327,-0.674,-0.512,0.000339
ASTRO_02,40,54,F,76.8,0.919,1.038,NOMINAL,136.3,140.6,89.3,10986.0,31.1,16.7,1205.0,1000,1,0.9127,1.0326,-0.686,-0.518,0.000339
ASTRO_02,41,54,F,76.8,0.919,1.038,NOMINAL,132.5,139.3,91.5,10899.0,22.3,33.4,1215.0,1200,0,0.9125,1.0326,-0.708,-0.522,0.000339
ASTRO_02,42,54,F,76.8,0.919,1.038,SCHEDULED_REST,0.0,0.0,0.0,0.0,0.0,0.0,1243.0,1200,0,0.9121,1.0323,-0.746,-0.553,0.000339
ASTRO_02,43,54,F,76.8,0.919,1.038,NOMINAL,149.8,112.6,85.8,10446.0,25.6,15.8,1187.0,1000,0,0.912,1.0322,-0.764,-0.562,0.000339
ASTRO_02,44,54,F,76.8,0.919,1.038,NOMINAL,144.5,115.2,95.4,10653.0,26.1,13.1,1025.0,1000,0,0.9119,1.0321,-0.776,-0.57,0.000339
ASTRO_02,45,54,F,76.8,0.919,1.038,NOMINAL,139.3,130.1,96.3,10971.0,27.4,22.2,1196.0,800,0,0.9118,1.032,-0.788,-0.58,0.000339
ASTRO_02,46,54,F,76.8,0.919,1.038,NOMINAL,146.0,122.6,85.1,10611.0,29.3,16.3,1019.0,1200,0,0.9116,1.0319,-0.804,-0.589,0.000339
ASTRO_02,47,54,F,76.8,0.919,1.038,NOMINAL,155.7,115.7,94.8,10986.0,28.1,23.1,960.0,1000,0,0.9115,1.0318,-0.818,-0.601,0.000339
ASTRO_02,48,54,F,76.8,0.919,1.038,NOMINAL,124.0,131.6,87.1,10281.0,29.4,23.5,1067.0,800,0,0.9114,1.0316,-0.831,-0.614,0.000339
ASTRO_02,49,54,F,76.8,0.919,1.038,SCHEDULED_REST,0.0,0.0,0.0,0.0,0.0,0.0,1131.0,1200,0,0.911,1.0313,-0.871,-0.645,0.000339
ASTRO_02,50,54,F,76.8,0.919,1.038,NOMINAL,133.2,132.9,109.7,11274.0,24.8,16.8,1123.0,1000,1,0.9109,1.0313,-0.877,-0.649,0.000339
ASTRO_02,51,54,F,76.8,0.919,1.038,NOMINAL,136.0,136.6,82.9,10665.0,30.3,16.3,1207.0,1200,1,0.9108,1.0312,-0.89,-0.652,0.000339
ASTRO_02,52,54,F,76.8,0.919,1.038,NOMINAL,122.7,120.7,96.6,10200.0,27.5,23.5,1292.0,800,1,0.9108,1.0312,-0.897,-0.66,0.000339
ASTRO_02,53,54,F,76.8,0.919,1.038,NOMINAL,125.2,119.8,81.4,9792.0,26.7,17.6,1205.0,1000,0,0.9106,1.031,-0.909,-0.671,0.000339
ASTRO_02,54,54,F,76.8,0.919,1.038,NOMINAL,137.8,121.8,94.3,10617.0,27.7,7.8,1084.0,1200,0,0.9105,1.0309,-0.927,-0.681,0.000339
ASTRO_02,55,54,F,76.8,0.919,1.038,NOMINAL,139.7,119.3,87.5,10395.0,26.7,21.9,1004.0,800,1,0.9104,1.0309,-0.936,-0.687,0.000339
ASTRO_02,56,54,F,76.8,0.919,1.038,SCHEDULED_REST,0.0,0.0,0.0,0.0,0.0,0.0,1083.0,1200,0,0.91,1.0305,-0.974,-0.721,0.000339
ASTRO_02,57,54,F,76.8,0.919,1.038,NOMINAL,105.6,117.4,82.4,9162.0,28.0,19.3,1046.0,800,0,0.9099,1.0304,-0.985,-0.734,0.000339
ASTRO_02,58,54,F,76.8,0.919,1.038,NOMINAL,150.1,126.8,97.2,11223.0,34.6,22.9,1181.0,1000,0,0.9098,1.0303,-1.0,-0.745,0.000339
ASTRO_02,59,54,F,76.8,0.919,1.038,NOMINAL,156.7,114.8,93.4,10947.0,30.5,18.4,1162.0,800,1,0.9097,1.0302,-1.008,-0.753,0.000339
ASTRO_02,60,54,F,76.8,0.919,1.038,NOMINAL,119.5,120.7,71.0,9336.0,33.1,8.0,1091.0,1200,0,0.9096,1.0301,-1.023,-0.765,0.000339
ASTRO_02,61,54,F,76.8,0.919,1.038,NOMINAL,127.3,120.2,104.7,10566.0,26.5,16.4,1008.0,1200,0,0.9095,1.0299,-1.038,-0.776,0.000339
ASTRO_02,62,54,F,76.8,0.919,1.038,NOMINAL,126.2,123.9,104.6,10641.0,25.0,12.7,1120.0,1200,0,0.9093,1.0299,-1.053,-0.784,0.000339
ASTRO_02,63,54,F,76.8,0.919,1.038,SCHEDULED_REST,0.0,0.0,0.0,0.0,0.0,0.0,1122.0,800,0,0.909,1.0295,-1.091,-0.815,0.000339
ASTRO_02,64,54,F,76.8,0.919,1.038,NOMINAL,124.2,114.9,105.5,10338.0,29.6,16.5,1095.0,1000,0,0.9088,1.0294,-1.105,-0.829,0.000339
ASTRO_02,65,54,F,76.8,0.919,1.038,NOMINAL,148.6,136.4,103.9,11667.0,31.3,23.3,996.0,1200,1,0.9088,1.0294,-1.11,-0.833,0.000339
ASTRO_02,66,54,F,76.8,0.919,1.038,NOMINAL,119.8,125.3,96.1,10236.0,34.6,27.9,978.0,1200,0,0.9087,1.0293,-1.125,-0.843,0.000339
ASTRO_02,67,54,F,76.8,0.919,1.038,NOMINAL,136.7,140.3,93.5,11115.0,28.5,22.2,1124.0,800,0,0.9085,1.0291,-1.145,-0.853,0.000339
ASTRO_02,68,54,F,76.8,0.919,1.038,NOMINAL,157.4,122.9,90.6,11127.0,28.6,19.1,1265.0,1000,1,0.9085,1.0291,-1.147,-0.861,0.000339
ASTRO_02,69,54,F,76.8,0.919,1.038,NOMINAL,132.4,134.1,94.6,10833.0,32.8,8.1,1172.0,1000,1,0.9084,1.0291,-1.156,-0.862,0.000339
ASTRO_02,70,54,F,76.8,0.919,1.038,SCHEDULED_REST,0.0,0.0,0.0,0.0,0.0,0.0,1104.0,1200,0,0.9081,1.0287,-1.191,-0.895,0.000339
ASTRO_02,71,54,F,76.8,0.919,1.038,NOMINAL,148.9,114.5,104.8,11046.0,34.2,18.4,1013.0,1000,0,0.908,1.0286,-1.202,-0.907,0.000339
ASTRO_02,72,54,F,76.8,0.919,1.038,NOMINAL,138.8,137.7,95.0,11145.0,28.7,20.0,950.0,1000,0,0.9078,1.0285,-1.215,-0.918,0.000339
ASTRO_02,73,54,F,76.8,0.919,1.038,NOMINAL,142.2,117.3,80.5,10200.0,44.0,12.7,1371.0,800,1,0.9077,1.0284,-1.225,-0.924,0.000339
ASTRO_02,74,54,F,76.8,0.919,1.038,NOMINAL,125.1,130.7,80.6,10092.0,22.6,28.1,1004.0,800,1,0.9077,1.0283,-1.233,-0.93,0.000339
ASTRO_02,75,54,F,76.8,0.919,1.038,NOMINAL,141.4,123.9,96.8,10863.0,37.9,12.2,1294.0,1200,1,0.9076,1.0283,-1.242,-0.934,0.000339
ASTRO_02,76,54,F,76.8,0.919,1.038,NOMINAL,131.3,119.7,101.0,10560.0,32.6,22.7,1114.0,800,0,0.9075,1.0282,-1.253,-0.946,0.000339
ASTRO_02,77,54,F,76.8,0.919,1.038,SCHEDULED_REST,0.0,0.0,0.0,0.0,15.0,0.0,977.0,1000,1,0.9071,1.0279,-1.293,-0.971,0.000339
ASTRO_02,78,54,F,76.8,0.919,1.038,NOMINAL,138.4,126.9,102.0,11019.0,25.7,23.4,1243.0,1200,0,0.907,1.0278,-1.31,-0.982,0.000339
ASTRO_02,79,54,F,76.8,0.919,1.038,NOMINAL,137.5,121.1,99.8,10752.0,21.2,32.1,1203.0,1000,0,0.9068,1.0277,-1.327,-0.991,0.000339
ASTRO_02,80,54,F,76.8,0.919,1.038,NOMINAL,145.1,121.3,101.0,11022.0,26.4,14.6,1318.0,800,0,0.9066,1.0276,-1.346,-1.004,0.000339
ASTRO_02,81,54,F,76.8,0.919,1.038,NOMINAL,143.5,128.7,88.5,10821.0,25.5,27.3,894.0,800,0,0.9065,1.0275,-1.355,-1.015,0.000339
ASTRO_02,82,54,F,76.8,0.919,1.038,NOMINAL,112.1,124.2,89.6,9777.0,39.2,22.4,1082.0,1200,0,0.9064,1.0274,-1.372,-1.026,0.000339
ASTRO_02,83,54,F,76.8,0.919,1.038,NOMINAL,157.1,154.0,97.0,12243.0,29.3,22.7,1207.0,1200,0,0.9063,1.0273,-1.385,-1.034,0.000339
ASTRO_02,84,54,F,76.8,0.919,1.038,SCHEDULED_REST,0.0,0.0,0.0,0.0,15.0,0.0,1049.0,1200,1,0.906,1.027,-1.414,-1.061,0.000339
ASTRO_02,85,54,F,76.8,0.919,1.038,NOMINAL,127.6,113.5,95.8,10107.0,31.2,17.8,1015.0,800,0,0.9059,1.0269,-1.424,-1.069,0.000339
ASTRO_02,86,54,F,76.8,0.919,1.038,NOMINAL,92.5,130.8,90.4,9411.0,31.0,18.4,1229.0,1200,1,0.9058,1.0269,-1.433,-1.074,0.000339
ASTRO_02,87,54,F,76.8,0.919,1.038,NOMINAL,140.0,127.9,92.6,10815.0,30.0,16.7,1184.0,800,0,0.9057,1.0268,-1.446,-1.083,0.000339
ASTRO_02,88,54,F,76.8,0.919,1.038,NOMINAL,129.5,128.7,100.2,10752.0,24.0,25.1,1101.0,1200,0,0.9056,1.0266,-1.456,-1.094,0.000339
ASTRO_02,89,54,F,76.8,0.919,1.038,NOMINAL,134.3,116.3,88.2,10164.0,25.1,17.8,1181.0,800,0,0.9055,1.0265,-1.472,-1.106,0.000339
ASTRO_02,90,54,F,76.8,0.919,1.038,NOMINAL,131.3,115.8,99.6,10401.0,37.3,16.7,1048.0,1200,0,0.9053,1.0264,-1.488,-1.118,0.000339
ASTRO_02,91,54,F,76.8,0.919,1.038,SCHEDULED_REST,0.0,0.0,0.0,0.0,15.0,0.0,1141.0,1000,0,0.905,1.0261,-1.525,-1.149,0.000339
ASTRO_02,92,54,F,76.8,0.919,1.038,NOMINAL,137.8,123.3,81.5,10278.0,31.0,13.3,1145.0,800,0,0.9048,1.0259,-1.542,-1.161,0.000339
ASTRO_02,93,54,F,76.8,0.919,1.038,NOMINAL,112.2,121.6,99.7,10005.0,24.9,20.4,1148.0,1200,1,0.9048,1.0259,-1.546,-1.168,0.000339
ASTRO_02,94,54,F,76.8,0.919,1.038,NOMINAL,122.5,122.0,108.5,10590.0,33.1,15.5,1275.0,1200,0,0.9047,1.0258,-1.559,-1.176,0.000339
ASTRO_02,95,54,F,76.8,0.919,1.038,NOMINAL,119.6,113.7,100.3,10008.0,31.1,22.8,1141.0,1200,0,0.9045,1.0257,-1.579,-1.184,0.000339
ASTRO_02,96,54,F,76.8,0.919,1.038,NOMINAL,134.8,117.9,97.1,10494.0,29.3,23.5,1108.0,1000,0,0.9043,1.0256,-1.595,-1.194,0.000339
ASTRO_02,97,54,F,76.8,0.919,1.038,NOMINAL,122.7,121.5,94.7,10167.0,30.8,12.0,1047.0,800,0,0.9042,1.0255,-1.609,-1.208,0.000339
ASTRO_02,98,54,F,76.8,0.919,1.038,SCHEDULED_REST,0.0,0.0,0.0,0.0,0.0,0.0,985.0,1200,1,0.9039,1.0252,-1.638,-1.233,0.000339
ASTRO_02,99,54,F,76.8,0.919,1.038,NOMINAL,139.9,115.9,85.2,10230.0,36.8,18.5,1294.0,1000,0,0.9038,1.0251,-1.65,-1.242,0.000339
ASTRO_02,100,54,F,76.8,0.919,1.038,NOMINAL,129.1,121.5,72.9,9705.0,33.7,16.5,1140.0,1200,0,0.9036,1.025,-1.674,-1.255,0.000339
ASTRO_02,101,54,F,76.8,0.919,1.038,NOMINAL,133.6,129.7,90.5,10614.0,34.3,31.8,1006.0,1000,0,0.9034,1.0249,-1.693,-1.264,0.000339
ASTRO_02,102,54,F,76.8,0.919,1.038,NOMINAL,130.3,133.4,95.6,10779.0,43.0,19.7,1146.0,1000,0,0.9033,1.0248,-1.71,-1.275,0.000339
ASTRO_02,103,54,F,76.8,0.919,1.038,NOMINAL,111.8,116.0,92.2,9600.0,33.2,19.9,1130.0,1000,1,0.9032,1.0247,-1.721,-1.28,0.000339
ASTRO_02,104,54,F,76.8,0.919,1.038,NOMINAL,131.2,123.3,84.1,10158.0,33.4,24.8,1075.0,800,1,0.9031,1.0247,-1.726,-1.286,0.000339
ASTRO_02,105,54,F,76.8,0.919,1.038,SCHEDULED_REST,0.0,0.0,0.0,0.0,0.0,0.0,1194.0,800,0,0.9028,1.0243,-1.76,-1.318,0.000339
ASTRO_02,106,54,F,76.8,0.919,1.038,NOMINAL,125.1,132.9,83.0,10230.0,24.5,23.5,1101.0,800,0,0.9027,1.0242,-1.777,-1.326,0.000339
ASTRO_02,107,54,F,76.8,0.919,1.038,NOMINAL,150.5,123.9,89.6,10920.0,33.2,8.2,973.0,1200,0,0.9026,1.0241,-1.79,-1.339,0.000339
ASTRO_02,108,54,F,76.8,0.919,1.038,NOMINAL,139.8,113.7,88.8,10269.0,28.8,24.9,1210.0,1000,1,0.9024,1.0241,-1.806,-1.343,0.000339
ASTRO_02,109,54,F,76.8,0.919,1.038,NOMINAL,152.0,117.1,101.1,11106.0,37.3,18.7,1059.0,1200,1,0.9023,1.024,-1.815,-1.349,0.000339
ASTRO_02,110,54,F,76.8,0.919,1.038,NOMINAL,124.3,115.9,93.1,9999.0,31.8,9.5,1270.0,1000,0,0.9021,1.0239,-1.834,-1.357,0.000339
ASTRO_02,111,54,F,76.8,0.919,1.038,NOMINAL,124.0,129.4,96.4,10494.0,22.2,18.2,1107.0,1200,1,0.902,1.0239,-1.846,-1.362,0.000339
ASTRO_02,112,54,F,76.8,0.919,1.038,SCHEDULED_REST,0.0,0.0,0.0,0.0,0.0,0.0,1152.0,1200,1,0.9017,1.0236,-1.88,-1.386,0.000339
ASTRO_02,113,54,F,76.8,0.919,1.038,NOMINAL,146.4,128.3,102.8,11325.0,31.7,24.3,1212.0,1200,0,0.9016,1.0235,-1.895,-1.396,0.000339
ASTRO_02,114,54,F,76.8,0.919,1.038,NOMINAL,154.2,126.6,95.3,11283.0,29.8,26.1,1232.0,1000,0,0.9014,1.0234,-1.912,-1.407,0.000339
ASTRO_02,115,54,F,76.8,0.919,1.038,NOMINAL,147.7,119.6,92.1,10782.0,37.0,14.6,939.0,1200,1,0.9013,1.0233,-1.921,-1.413,0.000339
ASTRO_02,116,54,F,76.8,0.919,1.038,NOMINAL,135.7,134.9,88.2,10764.0,22.5,23.1,1024.0,1200,0,0.9012,1.0232,-1.94,-1.427,0.000339
ASTRO_02,117,54,F,76.8,0.919,1.038,NOMINAL,116.4,121.6,89.0,9810.0,29.3,23.3,1138.0,800,1,0.9011,1.0231,-1.949,-1.432,0.000339
ASTRO_02,118,54,F,76.8,0.919,1.038,NOMINAL,141.1,115.5,92.8,10482.0,31.8,27.3,1185.0,1200,0,0.901,1.023,-1.961,-1.441,0.000339
ASTRO_02,119,54,F,76.8,0.919,1.038,SCHEDULED_REST,0.0,0.0,0.0,0.0,0.0,0.0,990.0,800,0,0.9006,1.0227,-2.002,-1.473,0.000339
ASTRO_02,120,54,F,76.8,0.919,1.038,NOMINAL,140.8,108.2,103.9,10587.0,28.6,20.7,1239.0,1000,1,0.9006,1.0227,-2.005,-1.478,0.000339
ASTRO_02,121,54,F,76.8,0.919,1.038,NOMINAL,122.9,116.4,83.4,9681.0,26.9,18.1,931.0,1000,0,0.9004,1.0226,-2.024,-1.487,0.000339
ASTRO_02,122,54,F,76.8,0.919,1.038,NOMINAL,139.2,133.2,86.9,10779.0,33.4,14.5,1207.0,1000,0,0.9003,1.0224,-2.038,-1.5,0.000339
ASTRO_02,123,54,F,76.8,0.919,1.038,NOMINAL,131.4,135.8,99.3,10995.0,24.9,23.1,1163.0,1200,0,0.9002,1.0223,-2.05,-1.509,0.000339
ASTRO_02,124,54,F,76.8,0.919,1.038,NOMINAL,125.4,127.4,90.6,10302.0,24.1,17.2,912.0,1200,0,0.9,1.0222,-2.062,-1.519,0.000339
ASTRO_02,125,54,F,76.8,0.919,1.038,NOMINAL,128.9,137.1,92.7,10761.0,24.3,17.8,1296.0,800,0,0.8999,1.0221,-2.079,-1.528,0.000339
ASTRO_02,126,54,F,76.8,0.919,1.038,SCHEDULED_REST,0.0,0.0,0.0,0.0,0.0,0.0,1191.0,1000,1,0.8996,1.0219,-2.108,-1.55,0.000339
ASTRO_02,127,54,F,76.8,0.919,1.038,NOMINAL,119.0,112.1,82.9,9420.0,28.8,25.5,976.0,1200,0,0.8995,1.0218,-2.12,-1.559,0.000339
ASTRO_02,128,54,F,76.8,0.919,1.038,NOMINAL,157.4,132.5,94.8,11541.0,36.5,28.8,1312.0,1200,0,0.8994,1.0217,-2.136,-1.567,0.000339
ASTRO_02,129,54,F,76.8,0.919,1.038,NOMINAL,135.5,108.0,81.0,9735.0,36.1,26.8,798.0,1000,0,0.8992,1.0216,-2.156,-1.577,0.000339
ASTRO_02,130,54,F,76.8,0.919,1.038,NOMINAL,143.7,117.0,93.1,10614.0,37.8,17.5,973.0,1200,0,0.8991,1.0215,-2.166,-1.588,0.000339
ASTRO_02,131,54,F,76.8,0.919,1.038,NOMINAL,135.0,124.7,92.6,10569.0,30.4,16.3,1190.0,800,1,0.899,1.0214,-2.173,-1.595,0.000339
ASTRO_02,132,54,F,76.8,0.919,1.038,NOMINAL,155.0,132.4,95.9,11499.0,32.1,26.7,1202.0,1000,0,0.8989,1.0213,-2.186,-1.604,0.000339
ASTRO_02,133,54,F,76.8,0.919,1.038,SCHEDULED_REST,0.0,0.0,0.0,0.0,15.0,0.0,1186.0,800,1,0.8986,1.0211,-2.223,-1.629,0.000339
ASTRO_02,134,54,F,76.8,0.919,1.038,NOMINAL,134.9,130.5,78.2,10308.0,34.5,16.0,1082.0,1200,0,0.8984,1.021,-2.242,-1.639,0.000339
ASTRO_02,135,54,F,76.8,0.919,1.038,NOMINAL,140.7,114.8,99.3,10644.0,27.5,21.3,1198.0,1200,0,0.8983,1.0209,-2.258,-1.651,0.000339
ASTRO_02,136,54,F,76.8,0.919,1.038,NOMINAL,108.9,110.4,98.0,9519.0,31.3,22.5,879.0,1000,1,0.8981,1.0208,-2.27,-1.658,0.000339
ASTRO_02,137,54,F,76.8,0.919,1.038,NOMINAL,112.4,120.6,78.5,9345.0,28.1,16.9,1226.0,800,1,0.898,1.0207,-2.281,-1.666,0.000339
ASTRO_02,138,54,F,76.8,0.919,1.038,NOMINAL,149.6,111.5,89.1,10506.0,31.3,24.4,1054.0,1200,1,0.898,1.0207,-2.288,-1.668,0.000339
ASTRO_02,139,54,F,76.8,0.919,1.038,NOMINAL,132.2,110.7,86.5,9882.0,34.0,20.6,1088.0,800,0,0.8979,1.0206,-2.3,-1.68,0.000339
ASTRO_02,140,54,F,76.8,0.919,1.038,SCHEDULED_REST,0.0,0.0,0.0,0.0,0.0,0.0,958.0,800,0,0.8975,1.0202,-2.345,-1.711,0.000339
ASTRO_02,141,54,F,76.8,0.919,1.038,NOMINAL,133.4,112.1,96.9,10272.0,36.1,21.8,795.0,800,0,0.8974,1.0202,-2.354,-1.719,0.000339
ASTRO_02,142,54,F,76.8,0.919,1.038,NOMINAL,132.4,132.4,89.2,10620.0,23.2,15.4,1288.0,1000,0,0.8972,1.0201,-2.369,-1.727,0.000339
ASTRO_02,143,54,F,76.8,0.919,1.038,NOMINAL,134.0,133.9,92.5,10812.0,31.6,19.6,1111.0,1200,1,0.8971,1.02,-2.378,-1.734,0.000339
ASTRO_02,144,54,F,76.8,0.919,1.038,NOMINAL,136.6,113.8,86.4,10104.0,31.8,17.8,1146.0,1200,0,0.897,1.0199,-2.394,-1.746,0.000339
ASTRO_02,145,54,F,76.8,0.919,1.038,NOMINAL,121.2,117.6,101.7,10215.0,30.5,15.8,1148.0,1000,0,0.8969,1.0198,-2.407,-1.752,0.000339
ASTRO_02,146,54,F,76.8,0.919,1.038,NOMINAL,160.3,137.8,96.4,11835.0,35.4,28.3,1082.0,800,1,0.8968,1.0197,-2.418,-1.761,0.000339
ASTRO_02,147,54,F,76.8,0.919,1.038,SCHEDULED_REST,0.0,0.0,0.0,0.0,0.0,0.0,1030.0,1000,1,0.8965,1.0195,-2.447,-1.786,0.000339
ASTRO_02,148,54,F,76.8,0.919,1.038,NOMINAL,138.3,136.5,99.1,11217.0,36.1,20.4,1293.0,1000,0,0.8964,1.0194,-2.463,-1.794,0.000339
ASTRO_02,149,54,F,76.8,0.919,1.038,NOMINAL,128.5,126.7,93.3,10455.0,21.5,23.8,1126.0,1000,0,0.8962,1.0193,-2.477,-1.806,0.000339
ASTRO_02,150,54,F,76.8,0.919,1.038,NOMINAL,141.8,118.3,97.4,10725.0,33.0,16.8,965.0,800,0,0.8961,1.0192,-2.491,-1.816,0.000339
ASTRO_02,151,54,F,76.8,0.919,1.038,NOMINAL,118.1,127.5,93.0,10158.0,27.4,14.2,1173.0,1000,0,0.896,1.019,-2.504,-1.826,0.000339
ASTRO_02,152,54,F,76.8,0.919,1.038,NOMINAL,125.4,121.2,104.4,10530.0,30.6,16.5,955.0,800,0,0.8959,1.019,-2.515,-1.834,0.000339
ASTRO_02,153,54,F,76.8,0.919,1.038,NOMINAL,120.0,128.3,99.1,10422.0,24.0,20.8,1404.0,1000,1,0.8958,1.0189,-2.522,-1.837,0.000339
ASTRO_02,154,54,F,76.8,0.919,1.038,SCHEDULED_REST,0.0,0.0,0.0,0.0,15.0,0.0,969.0,1200,0,0.8954,1.0186,-2.563,-1.867,0.000339
ASTRO_02,155,54,F,76.8,0.919,1.038,NOMINAL,133.5,122.1,97.8,10602.0,28.1,17.8,1196.0,1200,1,0.8953,1.0186,-2.575,-1.872,0.000339
ASTRO_02,156,54,F,76.8,0.919,1.038,NOMINAL,138.9,106.4,92.2,10125.0,38.3,18.1,1199.0,1000,1,0.8953,1.0185,-2.582,-1.879,0.000339
ASTRO_02,157,54,F,76.8,0.919,1.038,NOMINAL,129.0,133.9,91.2,10623.0,33.4,15.2,1054.0,1200,1,0.8952,1.0184,-2.589,-1.886,0.000339
ASTRO_02,158,54,F,76.8,0.919,1.038,NOMINAL,129.3,139.6,88.7,10728.0,30.6,23.1,1127.0,800,0,0.8951,1.0183,-2.603,-1.9,0.000339
ASTRO_02,159,54,F,76.8,0.919,1.038,NOMINAL,136.4,103.8,91.6,9954.0,24.5,29.9,1209.0,1200,1,0.895,1.0182,-2.612,-1.908,0.000339
ASTRO_02,160,54,F,76.8,0.919,1.038,NOMINAL,135.4,123.5,100.8,10791.0,27.0,28.3,1180.0,1200,1,0.8949,1.0181,-2.621,-1.913,0.000339
ASTRO_02,161,54,F,76.8,0.919,1.038,SCHEDULED_REST,0.0,0.0,0.0,0.0,0.0,0.0,1120.0,800,1,0.8946,1.0179,-2.652,-1.941,0.000339
ASTRO_02,162,54,F,76.8,0.919,1.038,NOMINAL,138.2,143.7,78.2,10803.0,32.3,19.7,1154.0,1200,1,0.8945,1.0178,-2.666,-1.946,0.000339
ASTRO_02,163,54,F,76.8,0.919,1.038,NOMINAL,133.5,124.9,95.5,10617.0,26.8,21.4,1153.0,1000,0,0.8943,1.0177,-2.685,-1.959,0.000339
ASTRO_02,164,54,F,76.8,0.919,1.038,NOMINAL,126.1,133.3,80.0,10182.0,18.7,17.7,1166.0,1200,1,0.8943,1.0176,-2.69,-1.964,0.000339
ASTRO_02,165,54,F,76.8,0.919,1.038,NOMINAL,124.5,131.8,87.9,10326.0,30.9,29.2,928.0,1200,0,0.8941,1.0175,-2.709,-1.975,0.000339
ASTRO_02,166,54,F,76.8,0.919,1.038,NOMINAL,135.0,123.4,105.9,10929.0,32.0,19.3,1015.0,1200,0,0.894,1.0174,-2.72,-1.983,0.000339
ASTRO_02,167,54,F,76.8,0.919,1.038,NOMINAL,142.0,112.0,87.1,10233.0,22.6,28.0,1057.0,1000,0,0.8938,1.0173,-2.737,-1.993,0.000339
ASTRO_02,168,54,F,76.8,0.919,1.038,SCHEDULED_REST,0.0,0.0,0.0,0.0,0.0,0.0,1055.0,1000,1,0.8935,1.017,-2.769,-2.019,0.000339
ASTRO_02,169,54,F,76.8,0.919,1.038,NOMINAL,114.9,117.5,94.4,9804.0,26.5,14.4,829.0,800,0,0.8934,1.017,-2.787,-2.027,0.000339
ASTRO_02,170,54,F,76.8,0.919,1.038,NOMINAL,126.4,142.8,95.0,10926.0,36.5,17.5,1064.0,800,1,0.8933,1.0169,-2.795,-2.032,0.000339
ASTRO_02,171,54,F,76.8,0.919,1.038,NOMINAL,128.7,94.4,92.3,9462.0,31.2,11.9,1160.0,1000,0,0.8932,1.0168,-2.812,-2.044,0.000339
ASTRO_02,172,54,F,76.8,0.919,1.038,NOMINAL,138.2,114.2,102.4,10644.0,34.2,22.9,1084.0,1200,1,0.8931,1.0168,-2.819,-2.046,0.000339
ASTRO_02,173,54,F,76.8,0.919,1.038,NOMINAL,146.0,115.6,95.1,10701.0,24.8,22.9,1154.0,1000,0,0.8929,1.0167,-2.84,-2.056,0.000339
ASTRO_02,174,54,F,76.8,0.919,1.038,NOMINAL,120.5,136.8,90.0,10419.0,33.8,25.6,1230.0,800,0,0.8927,1.0165,-2.857,-2.069,0.000339
ASTRO_02,175,54,F,76.8,0.919,1.038,SCHEDULED_REST,0.0,0.0,0.0,0.0,0.0,0.0,1141.0,1200,0,0.8924,1.0162,-2.894,-2.099,0.000339
ASTRO_02,176,54,F,76.8,0.919,1.038,NOMINAL,122.3,113.2,90.9,9792.0,29.9,22.2,1181.0,1000,0,0.8922,1.0161,-2.913,-2.112,0.000339
ASTRO_02,177,54,F,76.8,0.919,1.038,NOMINAL,121.5,137.0,91.2,10491.0,30.1,20.3,1014.0,1200,1,0.8921,1.016,-2.924,-2.116,0.000339
ASTRO_02,178,54,F,76.8,0.919,1.038,NOMINAL,125.6,123.6,101.8,10530.0,28.9,17.0,1179.0,800,1,0.8921,1.016,-2.933,-2.122,0.000339
ASTRO_02,179,54,F,76.8,0.919,1.038,NOMINAL,121.0,113.2,101.9,10083.0,25.0,21.8,1162.0,800,0,0.8919,1.0158,-2.946,-2.138,0.000339
ASTRO_02,180,54,F,76.8,0.919,1.038,NOMINAL,136.1,111.0,97.0,10323.0,32.9,19.1,1080.0,1000,0,0.8918,1.0157,-2.964,-2.149,0.000339
ASTRO_03,1,55,M,82.2,1.016,1.102,NOMINAL,147.1,127.6,84.4,10773.0,33.7,16.9,1189.0,1000,0,1.0158,1.1018,-0.018,-0.015,0.000504
ASTRO_03,2,55,M,82.2,1.016,1.102,NOMINAL,138.7,137.6,94.9,11136.0,24.3,23.8,962.0,800,0,1.0156,1.1017,-0.037,-0.032,0.000504
ASTRO_03,3,55,M,82.2,1.016,1.102,NOMINAL,148.1,152.3,100.6,12030.0,18.2,26.2,1016.0,800,0,1.0154,1.1015,-0.058,-0.044,0.000504
ASTRO_03,4,55,M,82.2,1.016,1.102,NOMINAL,169.9,125.3,86.4,11448.0,22.5,23.6,874.0,1000,0,1.0152,1.1014,-0.077,-0.059,0.000504
ASTRO_03,5,55,M,82.2,1.016,1.102,NOMINAL,134.6,127.6,100.4,10878.0,26.6,11.7,1119.0,800,0,1.015,1.1012,-0.1,-0.075,0.000504
ASTRO_03,6,55,M,82.2,1.016,1.102,NOMINAL,133.2,139.8,105.8,11364.0,31.8,25.9,959.0,800,0,1.0148,1.101,-0.122,-0.09,0.000504
ASTRO_03,7,55,M,82.2,1.016,1.102,SCHEDULED_REST,0.0,0.0,0.0,0.0,0.0,0.0,1182.0,800,0,1.0143,1.1006,-0.172,-0.13,0.000504
ASTRO_03,8,55,M,82.2,1.016,1.102,NOMINAL,150.8,134.4,90.7,11277.0,26.6,26.2,1194.0,800,0,1.0141,1.1004,-0.191,-0.145,0.000504
ASTRO_03,9,55,M,82.2,1.016,1.102,NOMINAL,142.2,129.7,96.1,11040.0,30.3,18.6,1273.0,1000,0,1.0138,1.1003,-0.217,-0.158,0.000504
ASTRO_03,10,55,M,82.2,1.016,1.102,NOMINAL,127.4,133.4,106.1,11007.0,30.0,34.3,900.0,1000,0,1.0136,1.1001,-0.234,-0.174,0.000504
ASTRO_03,11,55,M,82.2,1.016,1.102,NOMINAL,139.1,121.5,106.9,11025.0,37.6,21.2,1113.0,800,0,1.0134,1.0999,-0.253,-0.188,0.000504
ASTRO_03,12,55,M,82.2,1.016,1.102,NOMINAL,155.7,116.1,102.7,11235.0,29.1,20.7,1073.0,1200,0,1.0132,1.0998,-0.271,-0.203,0.000504
ASTRO_03,13,55,M,82.2,1.016,1.102,NOMINAL,143.0,122.5,108.0,11205.0,32.7,29.7,995.0,800,0,1.013,1.0996,-0.292,-0.219,0.000504
ASTRO_03,14,55,M,82.2,1.016,1.102,SCHEDULED_REST,0.0,0.0,0.0,0.0,0.0,0.0,1134.0,1200,0,1.0126,1.0991,-0.339,-0.263,0.000504
ASTRO_03,15,55,M,82.2,1.016,1.102,NOMINAL,128.7,133.3,99.6,10848.0,33.7,17.8,1243.0,1000,0,1.0123,1.099,-0.364,-0.274,0.000504
ASTRO_03,16,55,M,82.2,1.016,1.102,NOMINAL,138.5,129.4,93.6,10845.0,28.8,27.1,801.0,1000,0,1.012,1.0988,-0.389,-0.29,0.000504
ASTRO_03,17,55,M,82.2,1.016,1.102,NOMINAL,118.6,128.9,107.8,10659.0,29.9,28.3,1194.0,800,0,1.0118,1.0987,-0.412,-0.304,0.000504
ASTRO_03,18,55,M,82.2,1.016,1.102,NOMINAL,163.3,138.5,106.9,12261.0,33.3,20.0,1230.0,1000,0,1.0116,1.0985,-0.43,-0.318,0.000504
ASTRO_03,19,55,M,82.2,1.016,1.102,NOMINAL,156.0,138.8,98.0,11784.0,22.2,16.8,1185.0,1000,0,1.0114,1.0983,-0.455,-0.331,0.000504
ASTRO_03,20,55,M,82.2,1.016,1.102,NOMINAL,129.8,121.9,104.0,10671.0,34.8,16.2,1095.0,1200,0,1.0112,1.0982,-0.472,-0.345,0.000504
ASTRO_03,21,55,M,82.2,1.016,1.102,SCHEDULED_REST,0.0,0.0,0.0,0.0,0.0,0.0,1337.0,1000,0,1.0107,1.0978,-0.521,-0.386,0.000504
ASTRO_03,22,55,M,82.2,1.016,1.102,NOMINAL,155.6,120.5,99.7,11274.0,34.0,23.7,1155.0,800,0,1.0105,1.0976,-0.541,-0.402,0.000504
ASTRO_03,23,55,M,82.2,1.016,1.102,NOMINAL,157.2,121.9,111.7,11724.0,28.9,28.0,1181.0,1200,0,1.0103,1.0974,-0.561,-0.417,0.000504
ASTRO_03,24,55,M,82.2,1.016,1.102,NOMINAL,155.0,113.3,106.2,11235.0,29.4,26.7,1100.0,1200,0,1.0101,1.0972,-0.582,-0.435,0.000504
ASTRO_03,25,55,M,82.2,1.016,1.102,NOMINAL,134.2,122.2,96.7,10593.0,29.1,24.8,1290.0,1000,0,1.0098,1.097,-0.606,-0.451,0.000504
ASTRO_03,26,55,M,82.2,1.016,1.102,NOMINAL,144.6,135.5,99.7,11394.0,29.7,14.0,1274.0,1000,0,1.0097,1.0969,-0.62,-0.466,0.000504
ASTRO_03,27,55,M,82.2,1.016,1.102,NOMINAL,151.2,136.3,91.2,11361.0,30.4,17.9,981.0,1200,0,1.0095,1.0967,-0.637,-0.478,0.000504
ASTRO_03,28,55,M,82.2,1.016,1.102,SCHEDULED_REST,0.0,0.0,0.0,0.0,0.0,0.0,1131.0,800,0,1.009,1.0962,-0.689,-0.523,0.000504
ASTRO_03,29,55,M,82.2,1.016,1.102,NOMINAL,166.3,134.9,89.9,11733.0,31.2,25.3,1120.0,1200,0,1.0088,1.0961,-0.71,-0.537,0.000504
ASTRO_03,30,55,M,82.2,1.016,1.102,NOMINAL,156.9,134.7,98.3,11697.0,26.7,25.5,1152.0,1000,0,1.0086,1.0959,-0.732,-0.552,0.000504
ASTRO_03,31,55,M,82.2,1.016,1.102,NOMINAL,128.5,143.3,111.0,11484.0,23.7,19.3,1269.0,1000,0,1.0084,1.0958,-0.75,-0.566,0.000504
ASTRO_03,32,55,M,82.2,1.016,1.102,NOMINAL,139.8,152.0,93.2,11550.0,28.4,30.0,1000.0,800,0,1.0082,1.0956,-0.77,-0.582,0.000504
ASTRO_03,33,55,M,82.2,1.016,1.102,NOMINAL,146.9,133.8,95.2,11277.0,31.9,13.1,1068.0,800,0,1.008,1.0954,-0.791,-0.597,0.000504
ASTRO_03,34,55,M,82.2,1.016,1.102,NOMINAL,113.3,116.4,97.8,9825.0,30.5,18.8,1095.0,800,0,1.0077,1.0953,-0.816,-0.611,0.000504
ASTRO_03,35,55,M,82.2,1.016,1.102,SCHEDULED_REST,0.0,0.0,0.0,0.0,0.0,0.0,1268.0,1200,0,1.0072,1.0948,-0.864,-0.654,0.000504
ASTRO_03,36,55,M,82.2,1.016,1.102,NOMINAL,128.8,130.4,92.2,10542.0,28.4,17.9,1043.0,1000,0,1.007,1.0947,-0.887,-0.667,0.000504
ASTRO_03,37,55,M,82.2,1.016,1.102,NOMINAL,138.5,123.2,93.7,10662.0,29.1,19.9,1106.0,800,0,1.0068,1.0945,-0.909,-0.682,0.000504
ASTRO_03,38,55,M,82.2,1.016,1.102,NOMINAL,138.6,105.0,109.5,10593.0,33.6,11.3,852.0,1000,0,1.0065,1.0943,-0.934,-0.697,0.000504
ASTRO_03,39,55,M,82.2,1.016,1.102,NOMINAL,141.5,132.0,90.2,10911.0,27.1,13.6,1217.0,1000,0,1.0062,1.0941,-0.96,-0.714,0.000504
ASTRO_03,40,55,M,82.2,1.016,1.102,NOMINAL,148.5,129.9,95.3,11211.0,28.1,27.3,1214.0,1000,0,1.0061,1.094,-0.974,-0.728,0.000504
ASTRO_03,41,55,M,82.2,1.016,1.102,NOMINAL,148.4,118.7,98.3,10962.0,30.6,17.4,1148.0,800,0,1.0059,1.0938,-0.998,-0.741,0.000504
ASTRO_03,42,55,M,82.2,1.016,1.102,SCHEDULED_REST,0.0,0.0,0.0,0.0,0.0,0.0,1094.0,1000,0,1.0054,1.0934,-1.043,-0.782,0.000504
ASTRO_03,43,55,M,82.2,1.016,1.102,NOMINAL,136.9,140.6,99.5,11310.0,30.2,19.6,1311.0,800,0,1.0052,1.0932,-1.062,-0.796,0.000504
ASTRO_03,44,55,M,82.2,1.016,1.102,NOMINAL,148.5,126.2,108.4,11493.0,26.5,28.6,890.0,1200,0,1.005,1.0931,-1.083,-0.81,0.000504
ASTRO_03,45,55,M,82.2,1.016,1.102,NOMINAL,146.2,139.4,114.4,12000.0,28.2,25.7,1336.0,1000,0,1.0048,1.0929,-1.101,-0.826,0.000504
ASTRO_03,46,55,M,82.2,1.016,1.102,NOMINAL,130.5,128.7,109.6,11064.0,25.3,6.9,1037.0,1000,0,1.0046,1.0928,-1.121,-0.839,0.000504
ASTRO_03,47,55,M,82.2,1.016,1.102,NOMINAL,151.4,119.3,93.7,10932.0,26.0,17.3,1186.0,1200,0,1.0044,1.0926,-1.14,-0.851,0.000504
ASTRO_03,48,55,M,82.2,1.016,1.102,NOMINAL,153.0,120.7,109.7,11502.0,31.3,23.4,1276.0,800,0,1.0042,1.0925,-1.165,-0.866,0.000504
ASTRO_03,49,55,M,82.2,1.016,1.102,SCHEDULED_REST,0.0,0.0,0.0,0.0,15.0,0.0,1120.0,1000,0,1.0037,1.0919,-1.216,-0.913,0.000504
ASTRO_03,50,55,M,82.2,1.016,1.102,NOMINAL,142.1,137.9,99.6,11388.0,29.5,13.5,1128.0,800,0,1.0034,1.0918,-1.237,-0.929,0.000504
ASTRO_03,51,55,M,82.2,1.016,1.102,NOMINAL,138.5,139.0,88.2,10971.0,29.8,11.1,1127.0,1000,0,1.0032,1.0916,-1.26,-0.941,0.000504
ASTRO_03,52,55,M,82.2,1.016,1.102,NOMINAL,148.3,116.2,105.4,11097.0,26.7,14.1,1054.0,1200,0,1.003,1.0914,-1.281,-0.957,0.000504
ASTRO_03,53,55,M,82.2,1.016,1.102,NOMINAL,118.3,147.5,112.1,11337.0,32.2,15.9,1190.0,1000,0,1.0028,1.0913,-1.297,-0.973,0.000504
ASTRO_03,54,55,M,82.2,1.016,1.102,NOMINAL,123.7,144.9,108.1,11301.0,29.6,25.0,1328.0,1000,0,1.0026,1.0911,-1.314,-0.989,0.000504
ASTRO_03,55,55,M,82.2,1.016,1.102,NOMINAL,150.6,135.0,91.3,11307.0,28.4,19.2,1053.0,800,0,1.0024,1.091,-1.338,-1.002,0.000504
ASTRO_03,56,55,M,82.2,1.016,1.102,SCHEDULED_REST,0.0,0.0,0.0,0.0,15.0,0.0,1005.0,1000,0,1.0019,1.0905,-1.386,-1.045,0.000504
ASTRO_03,57,55,M,82.2,1.016,1.102,NOMINAL,157.0,136.3,97.0,11709.0,27.0,24.3,1066.0,1200,0,1.0017,1.0903,-1.408,-1.059,0.000504
ASTRO_03,58,55,M,82.2,1.016,1.102,NOMINAL,156.8,140.5,87.7,11550.0,31.4,10.1,1106.0,1000,0,1.0015,1.0902,-1.429,-1.075,0.000504
ASTRO_03,59,55,M,82.2,1.016,1.102,NOMINAL,127.5,148.2,98.7,11232.0,29.1,22.4,1164.0,1200,0,1.0013,1.09,-1.45,-1.089,0.000504
ASTRO_03,60,55,M,82.2,1.016,1.102,NOMINAL,157.3,145.3,96.5,11973.0,31.9,18.2,1400.0,800,0,1.0011,1.0898,-1.467,-1.103,0.000504
ASTRO_03,61,55,M,82.2,1.016,1.102,NOMINAL,147.4,137.0,102.2,11598.0,26.7,20.7,1144.0,800,0,1.0009,1.0897,-1.486,-1.118,0.000504
ASTRO_03,62,55,M,82.2,1.016,1.102,NOMINAL,133.4,123.6,95.5,10575.0,29.3,15.8,1087.0,1000,0,1.0007,1.0895,-1.502,-1.131,0.000504
ASTRO_03,63,55,M,82.2,1.016,1.102,SCHEDULED_REST,0.0,0.0,0.0,0.0,15.0,0.0,1083.0,1200,0,1.0002,1.089,-1.551,-1.176,0.000504
ASTRO_03,64,55,M,82.2,1.016,1.102,NOMINAL,144.6,144.2,110.5,11979.0,24.4,25.0,1093.0,1200,0,1.0001,1.0889,-1.57,-1.189,0.000504
ASTRO_03,65,55,M,82.2,1.016,1.102,NOMINAL,138.5,118.1,100.3,10707.0,30.4,29.0,997.0,800,0,0.9999,1.0887,-1.583,-1.204,0.000504
ASTRO_03,66,55,M,82.2,1.016,1.102,NOMINAL,150.5,150.0,96.4,11907.0,26.9,17.9,914.0,1000,0,0.9998,1.0886,-1.599,-1.216,0.000504
ASTRO_03,67,55,M,82.2,1.016,1.102,NOMINAL,159.9,122.4,91.9,11226.0,29.4,21.5,1037.0,1000,0,0.9996,1.0884,-1.615,-1.231,0.000504
ASTRO_03,68,55,M,82.2,1.016,1.102,NOMINAL,144.1,118.7,99.5,10869.0,29.4,13.7,1019.0,1200,0,0.9994,1.0883,-1.635,-1.245,0.000504
ASTRO_03,69,55,M,82.2,1.016,1.102,NOMINAL,141.2,141.5,112.3,11850.0,23.4,11.1,1025.0,1000,0,0.9992,1.0881,-1.652,-1.261,0.000504
ASTRO_03,70,55,M,82.2,1.016,1.102,SCHEDULED_REST,0.0,0.0,0.0,0.0,0.0,0.0,1319.0,1000,0,0.9987,1.0876,-1.698,-1.303,0.000504
ASTRO_03,71,55,M,82.2,1.016,1.102,NOMINAL,152.8,126.8,107.5,11613.0,22.2,25.7,1092.0,1000,0,0.9986,1.0875,-1.716,-1.316,0.000504
ASTRO_03,72,55,M,82.2,1.016,1.102,NOMINAL,144.3,128.6,97.7,11118.0,33.0,20.2,975.0,1000,0,0.9984,1.0873,-1.735,-1.331,0.000504
ASTRO_03,73,55,M,82.2,1.016,1.102,NOMINAL,130.8,139.3,100.9,11130.0,30.7,18.7,1055.0,1000,0,0.9982,1.0872,-1.751,-1.346,0.000504
ASTRO_03,74,55,M,82.2,1.016,1.102,NOMINAL,134.2,111.8,99.5,10365.0,38.2,21.4,1097.0,1000,0,0.998,1.087,-1.771,-1.364,0.000504
ASTRO_03,75,55,M,82.2,1.016,1.102,NOMINAL,145.9,125.9,87.3,10773.0,27.9,17.4,1224.0,1200,0,0.9978,1.0868,-1.793,-1.38,0.000504
ASTRO_03,76,55,M,82.2,1.016,1.102,NOMINAL,121.2,136.2,84.0,10242.0,25.1,9.6,1090.0,1000,0,0.9976,1.0866,-1.814,-1.393,0.000504
ASTRO_03,77,55,M,82.2,1.016,1.102,SCHEDULED_REST,0.0,0.0,0.0,0.0,15.0,0.0,1209.0,1000,0,0.9971,1.0861,-1.863,-1.438,0.000504
ASTRO_03,78,55,M,82.2,1.016,1.102,NOMINAL,154.4,130.6,88.3,11199.0,27.5,22.1,1005.0,1000,0,0.9968,1.086,-1.89,-1.45,0.000504
ASTRO_03,79,55,M,82.2,1.016,1.102,NOMINAL,143.3,125.1,91.5,10797.0,26.6,12.7,1212.0,1200,0,0.9965,1.0859,-1.917,-1.461,0.000504
ASTRO_03,80,55,M,82.2,1.016,1.102,NOMINAL,151.5,129.2,87.7,11052.0,31.9,25.1,1310.0,1200,0,0.9963,1.0857,-1.939,-1.477,0.000504
ASTRO_03,81,55,M,82.2,1.016,1.102,NOMINAL,143.7,118.9,84.3,10407.0,28.5,19.4,1052.0,800,0,0.9961,1.0856,-1.963,-1.492,0.000504
ASTRO_03,82,55,M,82.2,1.016,1.102,NOMINAL,165.1,131.8,109.0,12177.0,28.3,31.7,1288.0,1200,0,0.9959,1.0854,-1.982,-1.507,0.000504
ASTRO_03,83,55,M,82.2,1.016,1.102,NOMINAL,138.5,134.3,105.5,11349.0,25.0,14.5,932.0,1200,0,0.9957,1.0853,-1.998,-1.52,0.000504
ASTRO_03,84,55,M,82.2,1.016,1.102,SCHEDULED_REST,0.0,0.0,0.0,0.0,0.0,0.0,1211.0,800,0,0.9952,1.0848,-2.046,-1.563,0.000504
ASTRO_03,85,55,M,82.2,1.016,1.102,NOMINAL,151.9,150.7,99.7,12069.0,32.8,28.0,1119.0,800,0,0.995,1.0846,-2.065,-1.58,0.000504
ASTRO_03,86,55,M,82.2,1.016,1.102,NOMINAL,114.9,126.3,78.0,9576.0,32.1,18.1,942.0,1200,0,0.9948,1.0844,-2.083,-1.595,0.000504
ASTRO_03,87,55,M,82.2,1.016,1.102,NOMINAL,132.4,145.1,87.2,10941.0,30.9,12.3,1130.0,800,0,0.9946,1.0843,-2.102,-1.61,0.000504
ASTRO_03,88,55,M,82.2,1.016,1.102,NOMINAL,138.0,124.2,101.2,10902.0,36.6,20.7,1220.0,800,0,0.9945,1.0841,-2.121,-1.623,0.000504
ASTRO_03,89,55,M,82.2,1.016,1.102,NOMINAL,152.2,115.4,100.3,11037.0,29.4,33.4,1108.0,1200,0,0.9942,1.0839,-2.141,-1.641,0.000504
ASTRO_03,90,55,M,82.2,1.016,1.102,NOMINAL,151.4,123.2,97.5,11163.0,33.1,21.5,1088.0,1000,0,0.994,1.0838,-2.162,-1.654,0.000504
ASTRO_03,91,55,M,82.2,1.016,1.102,SCHEDULED_REST,0.0,0.0,0.0,0.0,15.0,0.0,883.0,800,0,0.9935,1.0833,-2.21,-1.696,0.000504
ASTRO_03,92,55,M,82.2,1.016,1.102,NOMINAL,131.2,136.6,102.2,11100.0,23.3,25.2,1032.0,1000,0,0.9933,1.0831,-2.23,-1.711,0.000504
ASTRO_03,93,55,M,82.2,1.016,1.102,NOMINAL,140.9,148.2,91.1,11406.0,36.5,18.4,1259.0,1200,0,0.9931,1.083,-2.253,-1.725,0.000504
ASTRO_03,94,55,M,82.2,1.016,1.102,NOMINAL,161.9,125.0,91.2,11343.0,29.5,28.3,994.0,1000,0,0.9928,1.0829,-2.28,-1.736,0.000504
ASTRO_03,95,55,M,82.2,1.016,1.102,NOMINAL,145.2,128.1,85.7,10770.0,28.9,18.3,1215.0,1000,0,0.9926,1.0827,-2.299,-1.749,0.000504
ASTRO_03,96,55,M,82.2,1.016,1.102,NOMINAL,133.8,146.7,103.9,11532.0,22.6,24.3,1031.0,1000,0,0.9925,1.0825,-2.318,-1.766,0.000504
ASTRO_03,97,55,M,82.2,1.016,1.102,NOMINAL,154.8,133.9,87.9,11298.0,24.6,21.9,1265.0,1200,0,0.9922,1.0824,-2.34,-1.783,0.000504
ASTRO_03,98,55,M,82.2,1.016,1.102,SCHEDULED_REST,0.0,0.0,0.0,0.0,15.0,0.0,1070.0,800,0,0.9917,1.0818,-2.389,-1.829,0.000504
ASTRO_03,99,55,M,82.2,1.016,1.102,NOMINAL,150.7,136.5,101.9,11673.0,30.8,15.6,1230.0,1200,0,0.9915,1.0817,-2.408,-1.843,0.000504
ASTRO_03,100,55,M,82.2,1.016,1.102,NOMINAL,122.2,133.5,95.7,10542.0,27.2,32.4,1250.0,1000,0,0.9913,1.0815,-2.429,-1.86,0.000504
ASTRO_03,101,55,M,82.2,1.016,1.102,NOMINAL,146.7,132.4,101.5,11418.0,30.8,22.5,1274.0,800,0,0.9912,1.0814,-2.445,-1.871,0.000504
ASTRO_03,102,55,M,82.2,1.016,1.102,NOMINAL,139.5,156.5,82.2,11346.0,31.4,12.9,1111.0,800,0,0.991,1.0812,-2.464,-1.89,0.000504
ASTRO_03,103,55,M,82.2,1.016,1.102,NOMINAL,147.6,137.6,95.8,11430.0,31.2,12.4,1004.0,1000,0,0.9907,1.081,-2.489,-1.905,0.000504
ASTRO_03,104,55,M,82.2,1.016,1.102,NOMINAL,162.2,135.1,91.7,11670.0,29.9,20.1,1157.0,800,0,0.9905,1.0808,-2.509,-1.922,0.000504
ASTRO_03,105,55,M,82.2,1.016,1.102,SCHEDULED_REST,0.0,0.0,0.0,0.0,0.0,0.0,1184.0,1000,0,0.99,1.0803,-2.557,-1.965,0.000504
ASTRO_03,106,55,M,82.2,1.016,1.102,NOMINAL,125.6,121.7,100.2,10425.0,29.7,17.1,1042.0,800,0,0.9898,1.0802,-2.575,-1.977,0.000504
ASTRO_03,107,55,M,82.2,1.016,1.102,NOMINAL,125.1,127.7,105.9,10761.0,24.9,26.6,1207.0,800,0,0.9896,1.0801,-2.594,-1.992,0.000504
ASTRO_03,108,55,M,82.2,1.016,1.102,NOMINAL,138.6,134.3,106.8,11391.0,25.7,25.0,1013.0,1200,0,0.9895,1.0799,-2.607,-2.007,0.000504
ASTRO_03,109,55,M,82.2,1.016,1.102,NOMINAL,132.6,122.0,97.1,10551.0,30.7,13.7,972.0,1200,0,0.9893,1.0797,-2.629,-2.021,0.000504
ASTRO_03,110,55,M,82.2,1.016,1.102,NOMINAL,137.5,133.9,101.8,11196.0,34.5,20.5,1228.0,1200,0,0.9891,1.0796,-2.649,-2.033,0.000504
ASTRO_03,111,55,M,82.2,1.016,1.102,NOMINAL,147.9,141.1,96.7,11571.0,33.0,21.4,986.0,1000,0,0.9889,1.0794,-2.668,-2.047,0.000504
ASTRO_03,112,55,M,82.2,1.016,1.102,SCHEDULED_REST,0.0,0.0,0.0,0.0,0.0,0.0,1245.0,1200,0,0.9884,1.0789,-2.72,-2.092,0.000504
ASTRO_03,113,55,M,82.2,1.016,1.102,NOMINAL,140.5,147.7,103.1,11739.0,24.7,19.5,1070.0,800,0,0.9882,1.0788,-2.74,-2.106,0.000504
ASTRO_03,114,55,M,82.2,1.016,1.102,NOMINAL,150.1,124.5,112.1,11601.0,22.4,26.6,1073.0,800,0,0.988,1.0786,-2.759,-2.122,0.000504
ASTRO_03,115,55,M,82.2,1.016,1.102,NOMINAL,140.0,139.1,97.2,11289.0,30.6,20.8,1150.0,1000,0,0.9878,1.0784,-2.779,-2.138,0.000504
ASTRO_03,116,55,M,82.2,1.016,1.102,NOMINAL,127.5,137.2,104.0,11061.0,30.8,16.2,972.0,800,0,0.9875,1.0783,-2.803,-2.153,0.000504
ASTRO_03,117,55,M,82.2,1.016,1.102,NOMINAL,158.7,140.4,98.1,11916.0,31.0,18.5,1263.0,800,0,0.9873,1.0781,-2.821,-2.166,0.000504
ASTRO_03,118,55,M,82.2,1.016,1.102,NOMINAL,167.2,137.2,103.8,12246.0,23.7,14.4,1096.0,1000,0,0.9871,1.078,-2.842,-2.178,0.000504
ASTRO_03,119,55,M,82.2,1.016,1.102,SCHEDULED_REST,0.0,0.0,0.0,0.0,0.0,0.0,1071.0,1200,0,0.9866,1.0775,-2.897,-2.223,0.000504
ASTRO_03,120,55,M,82.2,1.016,1.102,NOMINAL,146.6,149.5,105.0,12033.0,32.5,11.9,1114.0,1200,0,0.9864,1.0774,-2.916,-2.237,0.000504
ASTRO_03,121,55,M,82.2,1.016,1.102,NOMINAL,159.8,123.3,107.3,11712.0,34.6,20.2,839.0,800,0,0.9862,1.0772,-2.937,-2.25,0.000504
ASTRO_03,122,55,M,82.2,1.016,1.102,NOMINAL,146.2,116.3,77.6,10203.0,31.6,19.5,1038.0,800,0,0.986,1.077,-2.957,-2.264,0.000504
ASTRO_03,123,55,M,82.2,1.016,1.102,NOMINAL,147.0,126.0,95.1,11043.0,26.6,11.8,1249.0,1200,0,0.9858,1.0769,-2.976,-2.28,0.000504
ASTRO_03,124,55,M,82.2,1.016,1.102,NOMINAL,135.2,127.6,92.9,10671.0,29.4,27.5,1028.0,1200,0,0.9855,1.0767,-2.998,-2.295,0.000504
ASTRO_03,125,55,M,82.2,1.016,1.102,NOMINAL,148.4,131.4,101.1,11427.0,37.3,18.3,1133.0,1200,0,0.9853,1.0766,-3.018,-2.307,0.000504
ASTRO_03,126,55,M,82.2,1.016,1.102,SCHEDULED_REST,0.0,0.0,0.0,0.0,0.0,0.0,1178.0,800,0,0.9848,1.0761,-3.069,-2.35,0.000504
ASTRO_03,127,55,M,82.2,1.016,1.102,NOMINAL,170.7,124.4,95.3,11712.0,29.7,22.0,1132.0,800,0,0.9846,1.0759,-3.088,-2.367,0.000504
ASTRO_03,128,55,M,82.2,1.016,1.102,NOMINAL,143.2,132.4,104.1,11391.0,29.9,20.3,1024.0,800,0,0.9844,1.0758,-3.113,-2.38,0.000504
ASTRO_03,129,55,M,82.2,1.016,1.102,NOMINAL,134.4,115.8,92.3,10275.0,30.6,19.0,959.0,1000,0,0.9842,1.0756,-3.128,-2.395,0.000504
ASTRO_03,130,55,M,82.2,1.016,1.102,NOMINAL,124.9,125.0,107.7,10728.0,27.6,22.9,1120.0,1200,0,0.9841,1.0755,-3.142,-2.408,0.000504
ASTRO_03,131,55,M,82.2,1.016,1.102,NOMINAL,142.9,127.2,107.4,11325.0,33.3,22.1,1061.0,1000,0,0.9839,1.0754,-3.155,-2.418,0.000504
ASTRO_03,132,55,M,82.2,1.016,1.102,NOMINAL,128.4,128.2,118.7,11259.0,29.8,21.2,917.0,1000,0,0.9837,1.0752,-3.176,-2.433,0.000504
ASTRO_03,133,55,M,82.2,1.016,1.102,SCHEDULED_REST,0.0,0.0,0.0,0.0,0.0,0.0,1121.0,1200,0,0.9832,1.0747,-3.232,-2.474,0.000504
ASTRO_03,134,55,M,82.2,1.016,1.102,NOMINAL,135.9,123.9,92.9,10581.0,23.1,20.2,751.0,1000,0,0.983,1.0746,-3.25,-2.489,0.000504
ASTRO_03,135,55,M,82.2,1.016,1.102,NOMINAL,137.0,140.1,101.5,11358.0,28.8,12.1,1126.0,1000,0,0.9828,1.0744,-3.268,-2.504,0.000504
ASTRO_03,136,55,M,82.2,1.016,1.102,NOMINAL,135.2,147.9,103.5,11598.0,31.0,15.1,1196.0,1000,0,0.9827,1.0742,-3.279,-2.521,0.000504
ASTRO_03,137,55,M,82.2,1.016,1.102,NOMINAL,135.3,151.0,100.8,11613.0,33.8,15.5,911.0,800,0,0.9825,1.0741,-3.301,-2.535,0.000504
ASTRO_03,138,55,M,82.2,1.016,1.102,NOMINAL,161.6,132.7,110.8,12153.0,34.8,23.0,1058.0,1200,0,0.9823,1.0739,-3.317,-2.549,0.000504
ASTRO_03,139,55,M,82.2,1.016,1.102,NOMINAL,144.7,146.6,103.5,11844.0,32.0,17.8,922.0,1000,0,0.9821,1.0737,-3.337,-2.565,0.000504
ASTRO_03,140,55,M,82.2,1.016,1.102,SCHEDULED_REST,0.0,0.0,0.0,0.0,0.0,0.0,1142.0,800,0,0.9816,1.0732,-3.383,-2.611,0.000504
ASTRO_03,141,55,M,82.2,1.016,1.102,NOMINAL,129.8,132.8,90.8,10602.0,26.8,17.9,936.0,1000,0,0.9814,1.0731,-3.403,-2.626,0.000504
ASTRO_03,142,55,M,82.2,1.016,1.102,NOMINAL,139.8,141.7,84.1,10968.0,27.9,15.6,1263.0,800,0,0.9812,1.0729,-3.421,-2.64,0.000504
ASTRO_03,143,55,M,82.2,1.016,1.102,NOMINAL,137.6,141.6,89.6,11064.0,34.5,20.8,1060.0,800,0,0.981,1.0728,-3.443,-2.653,0.000504
ASTRO_03,144,55,M,82.2,1.016,1.102,NOMINAL,145.2,129.5,89.9,10938.0,29.3,21.3,1136.0,800,0,0.9808,1.0726,-3.46,-2.67,0.000504
ASTRO_03,145,55,M,82.2,1.016,1.102,NOMINAL,151.5,133.5,102.4,11622.0,27.4,11.7,1160.0,1200,0,0.9807,1.0724,-3.479,-2.687,0.000504
ASTRO_03,146,55,M,82.2,1.016,1.102,NOMINAL,132.8,137.0,112.8,11478.0,31.6,17.8,1094.0,800,0,0.9804,1.0722,-3.504,-2.701,0.000504
ASTRO_03,147,55,M,82.2,1.016,1.102,SCHEDULED_REST,0.0,0.0,0.0,0.0,0.0,0.0,856.0,1000,0,0.9799,1.0718,-3.554,-2.741,0.000504
ASTRO_03,148,55,M,82.2,1.016,1.102,NOMINAL,119.2,127.4,84.0,9918.0,28.0,15.7,921.0,1000,0,0.9797,1.0716,-3.572,-2.758,0.000504
ASTRO_03,149,55,M,82.2,1.016,1.102,NOMINAL,166.8,131.5,94.1,11772.0,26.9,24.4,1027.0,1000,0,0.9795,1.0714,-3.589,-2.773,0.000504
ASTRO_03,150,55,M,82.2,1.016,1.102,NOMINAL,145.2,114.1,94.3,10608.0,25.6,20.7,1219.0,800,0,0.9794,1.0713,-3.607,-2.787,0.000504
ASTRO_03,151,55,M,82.2,1.016,1.102,NOMINAL,131.8,162.4,86.9,11433.0,25.1,24.3,1084.0,1200,0,0.9792,1.0711,-3.624,-2.801,0.000504
ASTRO_03,152,55,M,82.2,1.016,1.102,NOMINAL,155.8,127.5,93.7,11310.0,32.3,19.3,1235.0,1000,0,0.979,1.071,-3.642,-2.81,0.000504
ASTRO_03,153,55,M,82.2,1.016,1.102,NOMINAL,145.7,129.1,88.7,10905.0,35.8,19.1,1299.0,1000,0,0.9788,1.0709,-3.658,-2.823,0.000504
ASTRO_03,154,55,M,82.2,1.016,1.102,SCHEDULED_REST,0.0,0.0,0.0,0.0,15.0,0.0,1213.0,1200,0,0.9783,1.0704,-3.707,-2.867,0.000504
ASTRO_03,155,55,M,82.2,1.016,1.102,NOMINAL,143.0,142.0,85.4,11112.0,31.1,23.8,1197.0,1200,0,0.9781,1.0702,-3.727,-2.882,0.000504
ASTRO_03,156,55,M,82.2,1.016,1.102,NOMINAL,144.2,124.9,100.8,11097.0,31.0,27.4,1077.0,1200,0,0.9779,1.0701,-3.751,-2.894,0.000504
ASTRO_03,157,55,M,82.2,1.016,1.102,NOMINAL,133.5,132.0,98.1,10908.0,30.9,9.0,1060.0,800,0,0.9777,1.07,-3.768,-2.907,0.000504
ASTRO_03,158,55,M,82.2,1.016,1.102,NOMINAL,138.4,130.0,108.9,11319.0,25.2,22.1,1014.0,800,0,0.9775,1.0698,-3.793,-2.925,0.000504
ASTRO_03,159,55,M,82.2,1.016,1.102,NOMINAL,145.2,125.9,94.2,10959.0,32.8,25.9,1067.0,1200,0,0.9772,1.0696,-3.815,-2.943,0.000504
ASTRO_03,160,55,M,82.2,1.016,1.102,NOMINAL,128.1,143.9,104.4,11292.0,24.6,32.3,1139.0,1000,0,0.9771,1.0694,-3.832,-2.961,0.000504
ASTRO_03,161,55,M,82.2,1.016,1.102,SCHEDULED_REST,0.0,0.0,0.0,0.0,0.0,0.0,1158.0,800,0,0.9766,1.0689,-3.878,-3.003,0.000504
ASTRO_03,162,55,M,82.2,1.016,1.102,NOMINAL,146.0,144.2,100.9,11733.0,25.4,13.3,914.0,1000,0,0.9764,1.0687,-3.895,-3.02,0.000504
ASTRO_03,163,55,M,82.2,1.016,1.102,NOMINAL,137.6,136.6,105.0,11376.0,32.7,21.6,966.0,1000,0,0.9763,1.0686,-3.911,-3.033,0.000504
ASTRO_03,164,55,M,82.2,1.016,1.102,NOMINAL,132.8,120.1,102.4,10659.0,37.5,26.2,1185.0,1200,0,0.9761,1.0684,-3.928,-3.047,0.000504
ASTRO_03,165,55,M,82.2,1.016,1.102,NOMINAL,154.8,138.0,98.6,11742.0,28.1,19.7,1179.0,1000,0,0.9759,1.0683,-3.945,-3.062,0.000504
ASTRO_03,166,55,M,82.2,1.016,1.102,NOMINAL,144.1,128.1,98.5,11121.0,27.3,16.8,1002.0,1200,0,0.9757,1.0681,-3.962,-3.075,0.000504
ASTRO_03,167,55,M,82.2,1.016,1.102,NOMINAL,131.9,146.2,103.0,11433.0,28.0,10.7,1127.0,1000,0,0.9755,1.0679,-3.982,-3.092,0.000504
ASTRO_03,168,55,M,82.2,1.016,1.102,SCHEDULED_REST,0.0,0.0,0.0,0.0,15.0,0.0,1065.0,800,0,0.975,1.0674,-4.031,-3.137,0.000504
ASTRO_03,169,55,M,82.2,1.016,1.102,NOMINAL,141.9,136.4,99.8,11343.0,31.5,15.4,1029.0,1000,0,0.9748,1.0673,-4.051,-3.153,0.000504
ASTRO_03,170,55,M,82.2,1.016,1.102,NOMINAL,137.5,135.0,101.4,11217.0,26.4,17.6,1229.0,800,0,0.9746,1.0671,-4.074,-3.168,0.000504
ASTRO_03,171,55,M,82.2,1.016,1.102,NOMINAL,139.4,119.1,89.5,10440.0,30.1,10.8,995.0,1000,0,0.9744,1.0669,-4.091,-3.181,0.000504
ASTRO_03,172,55,M,82.2,1.016,1.102,NOMINAL,129.4,139.5,97.2,10983.0,30.6,20.6,1110.0,800,0,0.9742,1.0667,-4.115,-3.199,0.000504
ASTRO_03,173,55,M,82.2,1.016,1.102,NOMINAL,155.3,123.8,99.7,11364.0,29.5,15.6,1202.0,1000,0,0.974,1.0666,-4.134,-3.214,0.000504
ASTRO_03,174,55,M,82.2,1.016,1.102,NOMINAL,159.2,139.9,105.6,12141.0,26.1,19.6,1064.0,1000,0,0.9738,1.0664,-4.155,-3.228,0.000504
ASTRO_03,175,55,M,82.2,1.016,1.102,SCHEDULED_REST,0.0,0.0,0.0,0.0,15.0,0.0,1080.0,1000,0,0.9733,1.066,-4.204,-3.27,0.000504
ASTRO_03,176,55,M,82.2,1.016,1.102,NOMINAL,135.6,140.0,88.8,10932.0,35.8,20.1,1028.0,800,0,0.9731,1.0658,-4.225,-3.285,0.000504
ASTRO_03,177,55,M,82.2,1.016,1.102,NOMINAL,156.5,129.0,93.3,11364.0,30.1,20.5,958.0,1200,0,0.9729,1.0656,-4.245,-3.3,0.000504
ASTRO_03,178,55,M,82.2,1.016,1.102,NOMINAL,152.5,133.6,90.8,11307.0,30.0,23.9,1077.0,1000,0,0.9727,1.0655,-4.261,-3.316,0.000504
ASTRO_03,179,55,M,82.2,1.016,1.102,NOMINAL,149.0,145.2,87.6,11454.0,29.2,16.9,1117.0,1000,0,0.9725,1.0653,-4.28,-3.328,0.000504
ASTRO_03,180,55,M,82.2,1.016,1.102,NOMINAL,146.8,120.2,85.8,10584.0,26.1,24.2,1064.0,1000,0,0.9723,1.0652,-4.3,-3.344,0.000504
ASTRO_04,1,48,F,63.3,0.97,1.077,NOMINAL,89.0,105.5,67.0,7845.0,32.5,15.7,953.0,1200,0,0.9699,1.0768,-0.015,-0.016,0.000402
ASTRO_04,2,48,F,63.3,0.97,1.077,NOMINAL,137.0,98.9,76.0,9357.0,36.6,17.1,1300.0,1200,0,0.9697,1.0767,-0.034,-0.03,0.000402
ASTRO_04,3,48,F,63.3,0.97,1.077,NOMINAL,111.7,96.4,67.4,8265.0,27.0,19.5,1320.0,1200,0,0.9695,1.0765,-0.048,-0.043,0.000402
ASTRO_04,4,48,F,63.3,0.97,1.077,NOMINAL,119.8,94.5,52.6,8007.0,32.1,13.9,858.0,1000,0,0.9693,1.0764,-0.076,-0.056,0.000402
ASTRO_04,5,48,F,63.3,0.97,1.077,NOMINAL,104.9,117.1,81.4,9102.0,27.1,21.0,1015.0,1000,0,0.9691,1.0763,-0.096,-0.068,0.000402
ASTRO_04,6,48,F,63.3,0.97,1.077,NOMINAL,108.1,123.4,80.4,9357.0,25.7,20.6,1004.0,800,0,0.9689,1.0761,-0.115,-0.083,0.000402
ASTRO_04,7,48,F,63.3,0.97,1.077,SCHEDULED_REST,0.0,0.0,0.0,0.0,0.0,0.0,1079.0,800,0,0.9685,1.0757,-0.157,-0.121,0.000402
ASTRO_04,8,48,F,63.3,0.97,1.077,NOMINAL,112.1,105.3,80.4,8934.0,19.5,13.8,1215.0,800,0,0.9683,1.0756,-0.177,-0.131,0.000402
ASTRO_04,9,48,F,63.3,0.97,1.077,NOMINAL,115.3,101.1,76.1,8775.0,26.2,19.7,1058.0,1200,0,0.9681,1.0754,-0.194,-0.145,0.000402
ASTRO_04,10,48,F,63.3,0.97,1.077,NOMINAL,115.1,105.2,72.7,8790.0,30.5,16.0,1068.0,1200,0,0.968,1.0753,-0.21,-0.157,0.000402
ASTRO_04,11,48,F,63.3,0.97,1.077,NOMINAL,107.4,99.3,80.0,8601.0,35.1,20.6,1044.0,1000,0,0.9678,1.0752,-0.227,-0.169,0.000402
ASTRO_04,12,48,F,63.3,0.97,1.077,NOMINAL,108.8,102.0,71.5,8469.0,30.1,21.2,1031.0,1200,0,0.9676,1.075,-0.244,-0.182,0.000402
ASTRO_04,13,48,F,63.3,0.97,1.077,NOMINAL,116.5,95.7,72.3,8535.0,33.1,20.6,959.0,800,0,0.9674,1.0749,-0.265,-0.198,0.000402
ASTRO_04,14,48,F,63.3,0.97,1.077,SCHEDULED_REST,0.0,0.0,0.0,0.0,15.0,0.0,1128.0,800,0,0.9671,1.0745,-0.296,-0.234,0.000402
ASTRO_04,15,48,F,63.3,0.97,1.077,NOMINAL,106.4,103.3,80.1,8694.0,21.9,30.6,1005.0,1000,0,0.967,1.0743,-0.314,-0.247,0.000402
ASTRO_04,16,48,F,63.3,0.97,1.077,NOMINAL,104.0,94.8,67.5,7989.0,30.6,26.6,1057.0,800,0,0.9668,1.0742,-0.332,-0.26,0.000402
ASTRO_04,17,48,F,63.3,0.97,1.077,NOMINAL,101.6,106.0,87.7,8859.0,31.2,15.5,1175.0,1000,0,0.9666,1.0741,-0.349,-0.272,0.000402
ASTRO_04,18,48,F,63.3,0.97,1.077,NOMINAL,116.3,92.5,67.6,8292.0,30.5,20.9,1088.0,1000,0,0.9664,1.0739,-0.37,-0.286,0.000402
ASTRO_04,19,48,F,63.3,0.97,1.077,NOMINAL,108.2,95.4,78.3,8457.0,26.3,14.2,1185.0,1000,0,0.9663,1.0738,-0.386,-0.299,0.000402
ASTRO_04,20,48,F,63.3,0.97,1.077,NOMINAL,122.0,99.3,67.7,8670.0,32.0,15.8,1051.0,800,0,0.9661,1.0736,-0.404,-0.317,0.000402
ASTRO_04,21,48,F,63.3,0.97,1.077,SCHEDULED_REST,0.0,0.0,0.0,0.0,0.0,0.0,1051.0,800,0,0.9657,1.0732,-0.442,-0.353,0.000402
ASTRO_04,22,48,F,63.3,0.97,1.077,NOMINAL,70.4,93.1,85.6,7473.0,29.9,18.3,1240.0,800,0,0.9655,1.073,-0.461,-0.367,0.000402
ASTRO_04,23,48,F,63.3,0.97,1.077,NOMINAL,117.3,125.2,79.0,9645.0,30.2,18.3,1128.0,1000,0,0.9654,1.0729,-0.479,-0.382,0.000402
ASTRO_04,24,48,F,63.3,0.97,1.077,NOMINAL,117.7,91.1,73.0,8454.0,32.7,18.8,1041.0,800,0,0.9652,1.0727,-0.498,-0.395,0.000402
ASTRO_04,25,48,F,63.3,0.97,1.077,NOMINAL,99.4,93.2,88.6,8436.0,29.0,23.3,988.0,800,0,0.965,1.0726,-0.517,-0.412,0.000402
ASTRO_04,26,48,F,63.3,0.97,1.077,NOMINAL,121.7,91.7,67.4,8424.0,39.5,22.8,1215.0,1200,0,0.9648,1.0724,-0.531,-0.427,0.000402
ASTRO_04,27,48,F,63.3,0.97,1.077,NOMINAL,117.3,98.5,74.7,8715.0,29.3,15.8,1098.0,800,0,0.9647,1.0723,-0.544,-0.44,0.000402
ASTRO_04,28,48,F,63.3,0.97,1.077,SCHEDULED_REST,0.0,0.0,0.0,0.0,0.0,0.0,1098.0,1200,0,0.9643,1.0719,-0.583,-0.476,0.000402
ASTRO_04,29,48,F,63.3,0.97,1.077,NOMINAL,111.5,101.8,87.9,9036.0,26.8,17.7,1000.0,1200,0,0.9641,1.0717,-0.606,-0.489,0.000402
ASTRO_04,30,48,F,63.3,0.97,1.077,NOMINAL,112.7,111.1,63.9,8631.0,35.6,24.8,853.0,1000,0,0.964,1.0716,-0.617,-0.504,0.000402
ASTRO_04,31,48,F,63.3,0.97,1.077,NOMINAL,115.5,75.0,96.4,8607.0,32.1,20.7,1242.0,800,0,0.9639,1.0715,-0.628,-0.514,0.000402
ASTRO_04,32,48,F,63.3,0.97,1.077,NOMINAL,110.4,107.8,69.7,8637.0,33.3,19.9,931.0,1200,1,0.9638,1.0714,-0.64,-0.523,0.000402
ASTRO_04,33,48,F,63.3,0.97,1.077,NOMINAL,111.5,101.7,86.0,8976.0,40.4,25.7,1046.0,1000,0,0.9636,1.0712,-0.66,-0.537,0.000402
ASTRO_04,34,48,F,63.3,0.97,1.077,NOMINAL,158.4,98.8,68.9,9783.0,27.1,18.8,1053.0,1000,0,0.9634,1.0711,-0.678,-0.549,0.000402
ASTRO_04,35,48,F,63.3,0.97,1.077,SCHEDULED_REST,0.0,0.0,0.0,0.0,0.0,0.0,1147.0,800,0,0.963,1.0707,-0.719,-0.583,0.000402
ASTRO_04,36,48,F,63.3,0.97,1.077,NOMINAL,120.1,93.6,75.7,8682.0,33.2,25.2,1021.0,1000,0,0.9628,1.0706,-0.741,-0.595,0.000402
ASTRO_04,37,48,F,63.3,0.97,1.077,NOMINAL,111.5,83.9,73.6,8070.0,30.2,17.0,1247.0,1200,0,0.9626,1.0704,-0.759,-0.61,0.000402
ASTRO_04,38,48,F,63.3,0.97,1.077,NOMINAL,103.5,114.5,82.6,9018.0,30.6,13.6,1125.0,1000,0,0.9625,1.0703,-0.778,-0.625,0.000402
ASTRO_04,39,48,F,63.3,0.97,1.077,NOMINAL,87.7,87.7,67.0,7272.0,32.6,23.6,994.0,800,0,0.9622,1.0701,-0.801,-0.64,0.000402
ASTRO_04,40,48,F,63.3,0.97,1.077,NOMINAL,117.6,110.1,75.4,9093.0,26.6,17.5,979.0,1000,0,0.9621,1.07,-0.813,-0.651,0.000402
ASTRO_04,41,48,F,63.3,0.97,1.077,NOMINAL,121.4,106.0,73.0,9012.0,28.9,19.1,1123.0,800,0,0.9619,1.0699,-0.832,-0.663,0.000402
ASTRO_04,42,48,F,63.3,0.97,1.077,SCHEDULED_REST,0.0,0.0,0.0,0.0,15.0,0.0,1120.0,1200,1,0.9616,1.0696,-0.866,-0.688,0.000402
ASTRO_04,43,48,F,63.3,0.97,1.077,NOMINAL,124.1,88.7,82.3,8853.0,34.1,18.0,1159.0,1200,0,0.9614,1.0694,-0.885,-0.702,0.000402
ASTRO_04,44,48,F,63.3,0.97,1.077,NOMINAL,102.4,90.1,74.6,8013.0,30.3,15.3,1070.0,1200,0,0.9612,1.0693,-0.906,-0.716,0.000402
ASTRO_04,45,48,F,63.3,0.97,1.077,NOMINAL,113.4,94.7,74.1,8466.0,26.2,25.6,1065.0,1200,0,0.9611,1.0691,-0.92,-0.73,0.000402
ASTRO_04,46,48,F,63.3,0.97,1.077,NOMINAL,95.2,98.0,76.0,8076.0,34.9,11.6,1312.0,800,1,0.961,1.0691,-0.933,-0.738,0.000402
ASTRO_04,47,48,F,63.3,0.97,1.077,NOMINAL,113.1,119.9,83.7,9501.0,30.3,18.3,1462.0,800,0,0.9608,1.069,-0.948,-0.747,0.000402
ASTRO_04,48,48,F,63.3,0.97,1.077,NOMINAL,101.8,112.7,66.8,8439.0,28.6,22.5,1093.0,1200,0,0.9606,1.0688,-0.966,-0.758,0.000402
ASTRO_04,49,48,F,63.3,0.97,1.077,SCHEDULED_REST,0.0,0.0,0.0,0.0,15.0,0.0,1043.0,1200,0,0.9603,1.0685,-1.004,-0.792,0.000402
ASTRO_04,50,48,F,63.3,0.97,1.077,NOMINAL,100.9,99.9,88.7,8685.0,32.9,20.0,1071.0,1200,0,0.96,1.0684,-1.029,-0.802,0.000402
ASTRO_04,51,48,F,63.3,0.97,1.077,NOMINAL,111.6,105.3,75.5,8772.0,27.1,19.1,908.0,800,1,0.9599,1.0683,-1.039,-0.808,0.000402
ASTRO_04,52,48,F,63.3,0.97,1.077,NOMINAL,101.1,101.3,77.6,8400.0,33.0,22.1,951.0,1000,1,0.9598,1.0682,-1.051,-0.814,0.000402
ASTRO_04,53,48,F,63.3,0.97,1.077,NOMINAL,104.1,101.6,73.9,8388.0,23.5,24.6,1347.0,800,1,0.9597,1.0682,-1.064,-0.819,0.000402
ASTRO_04,54,48,F,63.3,0.97,1.077,NOMINAL,125.4,109.8,68.2,9102.0,31.4,29.8,882.0,1200,0,0.9595,1.068,-1.078,-0.833,0.000402
ASTRO_04,55,48,F,63.3,0.97,1.077,NOMINAL,118.5,104.8,78.7,9060.0,28.9,13.9,965.0,800,1,0.9594,1.068,-1.093,-0.839,0.000402
ASTRO_04,56,48,F,63.3,0.97,1.077,SCHEDULED_REST,0.0,0.0,0.0,0.0,0.0,0.0,1069.0,1200,0,0.959,1.0676,-1.135,-0.873,0.000402
ASTRO_04,57,48,F,63.3,0.97,1.077,NOMINAL,107.3,101.6,88.8,8931.0,29.9,21.4,959.0,1000,0,0.9588,1.0675,-1.153,-0.886,0.000402
ASTRO_04,58,48,F,63.3,0.97,1.077,NOMINAL,127.7,107.0,69.7,9132.0,29.8,11.6,1123.0,800,0,0.9586,1.0673,-1.173,-0.898,0.000402
ASTRO_04,59,48,F,63.3,0.97,1.077,NOMINAL,121.8,109.1,66.1,8910.0,28.4,18.3,895.0,1000,1,0.9585,1.0673,-1.187,-0.9,0.000402
ASTRO_04,60,48,F,63.3,0.97,1.077,NOMINAL,109.5,102.5,74.0,8580.0,33.0,14.6,1328.0,800,0,0.9583,1.0672,-1.206,-0.913,0.000402
ASTRO_04,61,48,F,63.3,0.97,1.077,NOMINAL,124.0,106.1,84.4,9435.0,30.1,24.0,1109.0,800,0,0.9581,1.067,-1.226,-0.928,0.000402
ASTRO_04,62,48,F,63.3,0.97,1.077,NOMINAL,125.7,105.3,75.3,9189.0,28.7,17.3,1251.0,800,1,0.958,1.0669,-1.238,-0.935,0.000402
ASTRO_04,63,48,F,63.3,0.97,1.077,SCHEDULED_REST,0.0,0.0,0.0,0.0,0.0,0.0,1057.0,800,0,0.9576,1.0665,-1.281,-0.972,0.000402
ASTRO_04,64,48,F,63.3,0.97,1.077,NOMINAL,101.9,107.4,75.6,8547.0,26.7,22.9,1180.0,800,1,0.9575,1.0664,-1.291,-0.981,0.000402
ASTRO_04,65,48,F,63.3,0.97,1.077,NOMINAL,114.0,98.5,78.9,8742.0,34.0,16.0,1181.0,800,1,0.9573,1.0663,-1.305,-0.989,0.000402
ASTRO_04,66,48,F,63.3,0.97,1.077,NOMINAL,102.8,106.6,84.2,8808.0,28.4,24.5,1115.0,1000,1,0.9572,1.0663,-1.317,-0.997,0.000402
ASTRO_04,67,48,F,63.3,0.97,1.077,NOMINAL,118.7,104.5,94.2,9522.0,26.6,22.6,1036.0,800,0,0.9571,1.0661,-1.334,-1.01,0.000402
ASTRO_04,68,48,F,63.3,0.97,1.077,NOMINAL,122.5,113.4,82.4,9549.0,26.6,15.9,1234.0,800,0,0.9569,1.066,-1.354,-1.02,0.000402
ASTRO_04,69,48,F,63.3,0.97,1.077,NOMINAL,97.8,95.7,66.8,7809.0,31.0,26.8,980.0,800,0,0.9567,1.0658,-1.369,-1.036,0.000402
ASTRO_04,70,48,F,63.3,0.97,1.077,SCHEDULED_REST,0.0,0.0,0.0,0.0,0.0,0.0,949.0,800,1,0.9564,1.0655,-1.405,-1.065,0.000402
ASTRO_04,71,48,F,63.3,0.97,1.077,NOMINAL,112.4,93.4,64.8,8118.0,34.0,20.9,1131.0,1000,0,0.9562,1.0654,-1.426,-1.081,0.000402
ASTRO_04,72,48,F,63.3,0.97,1.077,NOMINAL,121.8,93.9,65.7,8442.0,32.2,15.5,1058.0,1200,1,0.9561,1.0653,-1.431,-1.089,0.000402
ASTRO_04,73,48,F,63.3,0.97,1.077,NOMINAL,103.6,102.8,82.1,8655.0,39.5,24.1,1239.0,800,0,0.9559,1.0651,-1.45,-1.101,0.000402
ASTRO_04,74,48,F,63.3,0.97,1.077,NOMINAL,102.9,103.0,77.9,8514.0,27.6,20.7,1143.0,800,1,0.9559,1.0651,-1.456,-1.109,0.000402
ASTRO_04,75,48,F,63.3,0.97,1.077,NOMINAL,81.8,95.5,78.6,7677.0,28.4,7.3,1258.0,1000,0,0.9557,1.0649,-1.475,-1.123,0.000402
ASTRO_04,76,48,F,63.3,0.97,1.077,NOMINAL,131.7,93.9,89.3,9447.0,31.6,15.7,1365.0,800,0,0.9555,1.0648,-1.491,-1.137,0.000402
ASTRO_04,77,48,F,63.3,0.97,1.077,SCHEDULED_REST,0.0,0.0,0.0,0.0,0.0,0.0,1120.0,1000,1,0.9552,1.0645,-1.522,-1.165,0.000402
ASTRO_04,78,48,F,63.3,0.97,1.077,NOMINAL,109.7,92.3,83.1,8553.0,26.2,13.3,1063.0,1000,0,0.955,1.0643,-1.542,-1.18,0.000402
ASTRO_04,79,48,F,63.3,0.97,1.077,NOMINAL,91.4,96.2,69.4,7710.0,28.4,23.1,893.0,800,0,0.9549,1.0641,-1.557,-1.195,0.000402
ASTRO_04,80,48,F,63.3,0.97,1.077,NOMINAL,104.2,99.2,74.7,8343.0,32.6,16.6,1207.0,1000,0,0.9548,1.064,-1.57,-1.207,0.000402
ASTRO_04,81,48,F,63.3,0.97,1.077,NOMINAL,122.6,101.9,78.8,9099.0,32.1,20.1,1055.0,800,1,0.9546,1.0639,-1.586,-1.216,0.000402
ASTRO_04,82,48,F,63.3,0.97,1.077,ARED_POWER_OFFLINE,0.0,0.0,0.0,0.0,0.0,0.0,1007.0,1200,0,0.9542,1.0635,-1.627,-1.255,0.000402
ASTRO_04,83,48,F,63.3,0.97,1.077,ARED_POWER_OFFLINE,0.0,0.0,0.0,0.0,0.0,0.0,1023.0,1000,0,0.9538,1.0631,-1.672,-1.288,0.000402
ASTRO_04,84,48,F,63.3,0.97,1.077,ARED_POWER_OFFLINE,0.0,0.0,0.0,0.0,0.0,0.0,1027.0,1000,1,0.9535,1.0628,-1.705,-1.315,0.000402
ASTRO_04,85,48,F,63.3,0.97,1.077,ARED_POWER_OFFLINE,0.0,0.0,0.0,0.0,0.0,0.0,1065.0,800,0,0.9531,1.0625,-1.74,-1.35,0.000402
ASTRO_04,86,48,F,63.3,0.97,1.077,ARED_POWER_OFFLINE,0.0,0.0,0.0,0.0,0.0,0.0,1192.0,1000,0,0.9527,1.0621,-1.784,-1.387,0.000402
ASTRO_04,87,48,F,63.3,0.97,1.077,ARED_POWER_OFFLINE,0.0,0.0,0.0,0.0,0.0,0.0,1080.0,1000,1,0.9524,1.0617,-1.812,-1.418,0.000402
ASTRO_04,88,48,F,63.3,0.97,1.077,ARED_POWER_OFFLINE,0.0,0.0,0.0,0.0,0.0,0.0,1268.0,800,0,0.952,1.0613,-1.853,-1.454,0.000402
ASTRO_04,89,48,F,63.3,0.97,1.077,NOMINAL,123.5,89.9,73.8,8616.0,35.0,24.9,965.0,1000,1,0.9519,1.0613,-1.865,-1.459,0.000402
ASTRO_04,90,48,F,63.3,0.97,1.077,NOMINAL,112.2,103.3,75.9,8742.0,27.9,21.1,1157.0,800,0,0.9517,1.0611,-1.889,-1.474,0.000402
ASTRO_04,91,48,F,63.3,0.97,1.077,SCHEDULED_REST,0.0,0.0,0.0,0.0,15.0,0.0,1049.0,800,1,0.9513,1.0608,-1.926,-1.504,0.000402
ASTRO_04,92,48,F,63.3,0.97,1.077,NOMINAL,103.6,93.3,73.2,8103.0,33.1,14.7,1151.0,1200,1,0.9512,1.0607,-1.94,-1.509,0.000402
ASTRO_04,93,48,F,63.3,0.97,1.077,NOMINAL,106.4,79.3,60.0,7371.0,30.1,23.1,1145.0,800,0,0.951,1.0606,-1.959,-1.522,0.000402
ASTRO_04,94,48,F,63.3,0.97,1.077,NOMINAL,88.9,92.0,67.1,7440.0,33.5,18.2,1061.0,1000,1,0.9509,1.0605,-1.973,-1.531,0.000402
ASTRO_04,95,48,F,63.3,0.97,1.077,NOMINAL,80.6,88.3,81.1,7500.0,33.2,10.8,1002.0,1200,1,0.9508,1.0604,-1.983,-1.539,0.000402
ASTRO_04,96,48,F,63.3,0.97,1.077,NOMINAL,101.6,101.4,81.8,8544.0,30.2,26.3,1147.0,1000,0,0.9506,1.0603,-1.999,-1.551,0.000402
ASTRO_04,97,48,F,63.3,0.97,1.077,NOMINAL,96.9,101.8,73.3,8160.0,34.2,22.3,1077.0,800,1,0.9505,1.0602,-2.007,-1.562,0.000402
ASTRO_04,98,48,F,63.3,0.97,1.077,SCHEDULED_REST,0.0,0.0,0.0,0.0,0.0,0.0,1057.0,800,0,0.9501,1.0598,-2.053,-1.596,0.000402
ASTRO_04,99,48,F,63.3,0.97,1.077,NOMINAL,92.0,105.8,74.0,8154.0,27.5,21.0,1107.0,1200,0,0.9499,1.0596,-2.074,-1.612,0.000402
ASTRO_04,100,48,F,63.3,0.97,1.077,NOMINAL,96.6,96.6,70.4,7908.0,36.5,17.5,950.0,1200,0,0.9497,1.0595,-2.097,-1.627,0.000402
ASTRO_04,101,48,F,63.3,0.97,1.077,NOMINAL,103.4,93.6,83.0,8400.0,27.2,23.2,1054.0,1000,1,0.9495,1.0594,-2.115,-1.635,0.000402
ASTRO_04,102,48,F,63.3,0.97,1.077,NOMINAL,124.5,102.7,93.0,9606.0,35.0,19.6,1087.0,1200,0,0.9494,1.0592,-2.128,-1.65,0.000402
ASTRO_04,103,48,F,63.3,0.97,1.077,NOMINAL,104.7,88.1,82.3,8253.0,31.7,21.8,787.0,800,1,0.9492,1.0591,-2.142,-1.658,0.000402
ASTRO_04,104,48,F,63.3,0.97,1.077,NOMINAL,116.9,115.0,70.8,9081.0,31.5,30.1,1079.0,1200,1,0.9491,1.0591,-2.153,-1.662,0.000402
ASTRO_04,105,48,F,63.3,0.97,1.077,SCHEDULED_REST,0.0,0.0,0.0,0.0,0.0,0.0,967.0,1000,0,0.9487,1.0587,-2.195,-1.699,0.000402
ASTRO_04,106,48,F,63.3,0.97,1.077,NOMINAL,86.0,98.6,75.9,7815.0,36.3,24.8,1030.0,800,0,0.9485,1.0585,-2.212,-1.714,0.000402
ASTRO_04,107,48,F,63.3,0.97,1.077,NOMINAL,115.2,93.7,78.5,8622.0,29.2,19.6,992.0,1000,0,0.9484,1.0584,-2.227,-1.726,0.000402
ASTRO_04,108,48,F,63.3,0.97,1.077,NOMINAL,110.2,107.3,80.2,8931.0,29.5,13.1,1216.0,1000,0,0.9482,1.0583,-2.247,-1.74,0.000402
ASTRO_04,109,48,F,63.3,0.97,1.077,NOMINAL,111.4,93.7,83.8,8667.0,31.6,15.8,1037.0,1000,0,0.948,1.0581,-2.265,-1.756,0.000402
ASTRO_04,110,48,F,63.3,0.97,1.077,NOMINAL,103.9,109.7,67.6,8436.0,19.9,18.9,1083.0,1000,0,0.9478,1.0579,-2.287,-1.774,0.000402
ASTRO_04,111,48,F,63.3,0.97,1.077,NOMINAL,120.2,106.9,81.8,9267.0,25.3,12.0,942.0,1200,0,0.9477,1.0577,-2.303,-1.791,0.000402
ASTRO_04,112,48,F,63.3,0.97,1.077,SCHEDULED_REST,0.0,0.0,0.0,0.0,0.0,0.0,1010.0,1200,1,0.9473,1.0574,-2.34,-1.82,0.000402
ASTRO_04,113,48,F,63.3,0.97,1.077,NOMINAL,96.1,108.8,69.2,8223.0,33.2,17.9,1005.0,1200,1,0.9472,1.0573,-2.348,-1.828,0.000402
ASTRO_04,114,48,F,63.3,0.97,1.077,NOMINAL,111.1,105.7,68.6,8562.0,32.6,11.9,940.0,1000,1,0.9472,1.0573,-2.353,-1.833,0.000402
ASTRO_04,115,48,F,63.3,0.97,1.077,NOMINAL,81.9,112.5,81.2,8268.0,36.6,14.1,1274.0,800,0,0.947,1.0571,-2.374,-1.847,0.000402
ASTRO_04,116,48,F,63.3,0.97,1.077,NOMINAL,96.6,96.0,83.0,8268.0,23.0,18.8,1219.0,1000,1,0.9468,1.057,-2.387,-1.855,0.000402
ASTRO_04,117,48,F,63.3,0.97,1.077,NOMINAL,118.0,112.2,81.5,9351.0,31.1,15.0,1100.0,1200,0,0.9467,1.0569,-2.406,-1.868,0.000402
ASTRO_04,118,48,F,63.3,0.97,1.077,NOMINAL,109.9,107.7,71.3,8667.0,30.8,25.1,981.0,1000,0,0.9464,1.0567,-2.432,-1.885,0.000402
ASTRO_04,119,48,F,63.3,0.97,1.077,SCHEDULED_REST,0.0,0.0,0.0,0.0,0.0,0.0,1214.0,800,0,0.946,1.0563,-2.475,-1.919,0.000402
ASTRO_04,120,48,F,63.3,0.97,1.077,NOMINAL,123.2,83.9,79.2,8589.0,28.9,20.6,1155.0,1200,1,0.9459,1.0563,-2.488,-1.925,0.000402
ASTRO_04,121,48,F,63.3,0.97,1.077,NOMINAL,114.7,103.5,65.8,8520.0,28.5,24.5,1105.0,1200,1,0.9458,1.0562,-2.498,-1.93,0.000402
ASTRO_04,122,48,F,63.3,0.97,1.077,NOMINAL,122.2,102.2,71.9,8889.0,19.8,19.2,1061.0,1000,1,0.9457,1.0561,-2.509,-1.937,0.000402
ASTRO_04,123,48,F,63.3,0.97,1.077,NOMINAL,125.4,127.3,81.3,10020.0,34.7,32.7,979.0,1000,0,0.9455,1.056,-2.523,-1.948,0.000402
ASTRO_04,124,48,F,63.3,0.97,1.077,NOMINAL,106.2,86.7,86.6,8385.0,32.3,18.4,1165.0,1000,0,0.9454,1.0559,-2.538,-1.963,0.000402
ASTRO_04,125,48,F,63.3,0.97,1.077,NOMINAL,121.7,92.3,52.8,8004.0,29.9,27.8,1268.0,1200,0,0.9452,1.0557,-2.56,-1.979,0.000402
ASTRO_04,126,48,F,63.3,0.97,1.077,SCHEDULED_REST,0.0,0.0,0.0,0.0,0.0,0.0,1067.0,1200,0,0.9448,1.0553,-2.599,-2.016,0.000402
ASTRO_04,127,48,F,63.3,0.97,1.077,NOMINAL,134.4,84.9,68.3,8628.0,29.4,10.1,791.0,1000,0,0.9446,1.0552,-2.623,-2.024,0.000402
ASTRO_04,128,48,F,63.3,0.97,1.077,NOMINAL,110.3,94.9,98.6,9114.0,24.7,20.1,1122.0,800,1,0.9445,1.0551,-2.631,-2.035,0.000402
ASTRO_04,129,48,F,63.3,0.97,1.077,NOMINAL,106.7,109.1,86.8,9078.0,29.0,22.5,757.0,1200,0,0.9443,1.0549,-2.65,-2.049,0.000402
ASTRO_04,130,48,F,63.3,0.97,1.077,NOMINAL,126.8,95.9,69.9,8778.0,25.3,20.2,1242.0,800,1,0.9442,1.0549,-2.656,-2.056,0.000402
ASTRO_04,131,48,F,63.3,0.97,1.077,NOMINAL,106.5,100.7,79.4,8598.0,32.0,20.2,1175.0,1000,1,0.9441,1.0548,-2.669,-2.064,0.000402
ASTRO_04,132,48,F,63.3,0.97,1.077,NOMINAL,117.1,101.0,74.2,8769.0,30.2,17.0,1059.0,1200,0,0.9439,1.0546,-2.694,-2.076,0.000402
ASTRO_04,133,48,F,63.3,0.97,1.077,SCHEDULED_REST,0.0,0.0,0.0,0.0,15.0,0.0,1020.0,1000,0,0.9435,1.0542,-2.735,-2.114,0.000402
ASTRO_04,134,48,F,63.3,0.97,1.077,NOMINAL,120.0,105.3,79.1,9132.0,28.3,22.3,1069.0,1000,0,0.9433,1.0541,-2.755,-2.125,0.000402
ASTRO_04,135,48,F,63.3,0.97,1.077,NOMINAL,105.4,113.7,85.3,9132.0,26.7,10.1,872.0,1000,0,0.9431,1.054,-2.772,-2.138,0.000402
ASTRO_04,136,48,F,63.3,0.97,1.077,NOMINAL,109.0,97.5,72.9,8382.0,32.9,21.1,1060.0,1200,0,0.9429,1.0539,-2.791,-2.149,0.000402
ASTRO_04,137,48,F,63.3,0.97,1.077,NOMINAL,113.1,103.8,60.2,8313.0,32.7,20.3,1165.0,800,0,0.9427,1.0537,-2.809,-2.166,0.000402
ASTRO_04,138,48,F,63.3,0.97,1.077,NOMINAL,126.4,87.7,74.4,8655.0,25.8,22.9,1060.0,1000,0,0.9426,1.0535,-2.825,-2.18,0.000402
ASTRO_04,139,48,F,63.3,0.97,1.077,NOMINAL,86.9,103.9,71.3,7863.0,29.3,16.4,1337.0,800,1,0.9424,1.0535,-2.842,-2.183,0.000402
ASTRO_04,140,48,F,63.3,0.97,1.077,SCHEDULED_REST,0.0,0.0,0.0,0.0,15.0,0.0,1184.0,1200,1,0.9421,1.0532,-2.88,-2.21,0.000402
ASTRO_04,141,48,F,63.3,0.97,1.077,NOMINAL,135.1,101.6,66.7,9102.0,28.1,25.2,976.0,1200,0,0.9419,1.0531,-2.899,-2.22,0.000402
ASTRO_04,142,48,F,63.3,0.97,1.077,NOMINAL,106.6,99.6,79.5,8571.0,30.0,17.0,949.0,1200,0,0.9417,1.053,-2.916,-2.233,0.000402
ASTRO_04,143,48,F,63.3,0.97,1.077,NOMINAL,118.1,120.4,58.6,8913.0,29.7,26.0,1085.0,800,0,0.9415,1.0528,-2.942,-2.246,0.000402
ASTRO_04,144,48,F,63.3,0.97,1.077,NOMINAL,102.0,82.4,77.4,7854.0,23.2,16.7,1013.0,1000,0,0.9413,1.0526,-2.962,-2.262,0.000402
ASTRO_04,145,48,F,63.3,0.97,1.077,NOMINAL,111.8,88.8,73.8,8232.0,30.1,21.3,966.0,800,0,0.9411,1.0525,-2.977,-2.275,0.000402
ASTRO_04,146,48,F,63.3,0.97,1.077,NOMINAL,108.9,97.3,77.7,8517.0,31.4,13.8,1296.0,1200,1,0.941,1.0524,-2.988,-2.282,0.000402
ASTRO_04,147,48,F,63.3,0.97,1.077,SCHEDULED_REST,0.0,0.0,0.0,0.0,0.0,0.0,924.0,1000,0,0.9406,1.052,-3.033,-2.318,0.000402
ASTRO_04,148,48,F,63.3,0.97,1.077,NOMINAL,114.0,89.3,64.0,8019.0,21.5,23.6,1035.0,800,0,0.9404,1.0519,-3.054,-2.331,0.000402
ASTRO_04,149,48,F,63.3,0.97,1.077,NOMINAL,107.3,99.6,67.9,8244.0,38.4,22.7,970.0,1200,0,0.9403,1.0518,-3.067,-2.344,0.000402
ASTRO_04,150,48,F,63.3,0.97,1.077,NOMINAL,98.0,108.3,73.7,8400.0,24.8,21.9,1142.0,1200,1,0.9401,1.0516,-3.082,-2.354,0.000402
ASTRO_04,151,48,F,63.3,0.97,1.077,NOMINAL,113.7,92.3,65.1,8133.0,34.9,22.4,1312.0,1200,1,0.94,1.0516,-3.095,-2.361,0.000402
ASTRO_04,152,48,F,63.3,0.97,1.077,NOMINAL,108.5,110.9,75.7,8853.0,38.2,18.6,1036.0,1200,0,0.9398,1.0514,-3.116,-2.376,0.000402
ASTRO_04,153,48,F,63.3,0.97,1.077,NOMINAL,82.5,97.8,74.1,7632.0,32.9,13.0,918.0,800,0,0.9396,1.0513,-3.134,-2.389,0.000402
ASTRO_04,154,48,F,63.3,0.97,1.077,SCHEDULED_REST,0.0,0.0,0.0,0.0,0.0,0.0,949.0,1200,0,0.9392,1.0509,-3.178,-2.425,0.000402
ASTRO_04,155,48,F,63.3,0.97,1.077,NOMINAL,79.5,99.8,84.4,7911.0,26.4,18.1,1079.0,800,0,0.9389,1.0507,-3.206,-2.438,0.000402
ASTRO_04,156,48,F,63.3,0.97,1.077,NOMINAL,108.7,113.9,79.2,9054.0,29.1,15.5,1196.0,1000,1,0.9387,1.0507,-3.224,-2.445,0.000402
ASTRO_04,157,48,F,63.3,0.97,1.077,NOMINAL,139.8,103.0,55.4,8946.0,27.4,23.4,965.0,1000,0,0.9386,1.0505,-3.239,-2.46,0.000402
ASTRO_04,158,48,F,63.3,0.97,1.077,NOMINAL,102.1,106.9,75.9,8547.0,29.7,27.8,1172.0,800,0,0.9383,1.0504,-3.264,-2.473,0.000402
ASTRO_04,159,48,F,63.3,0.97,1.077,NOMINAL,103.3,130.2,78.2,9351.0,26.6,26.6,1263.0,800,0,0.9382,1.0502,-3.276,-2.487,0.000402
ASTRO_04,160,48,F,63.3,0.97,1.077,NOMINAL,107.3,98.4,72.7,8352.0,35.0,20.0,1217.0,1000,0,0.9381,1.0501,-3.292,-2.5,0.000402
ASTRO_04,161,48,F,63.3,0.97,1.077,SCHEDULED_REST,0.0,0.0,0.0,0.0,15.0,0.0,1054.0,1000,0,0.9377,1.0497,-3.334,-2.534,0.000402
ASTRO_04,162,48,F,63.3,0.97,1.077,NOMINAL,99.3,103.6,76.1,8370.0,41.1,20.5,1239.0,800,0,0.9375,1.0495,-3.352,-2.55,0.000402
ASTRO_04,163,48,F,63.3,0.97,1.077,NOMINAL,126.1,102.5,82.8,9342.0,34.9,21.7,1029.0,1200,0,0.9373,1.0494,-3.367,-2.564,0.000402
ASTRO_04,164,48,F,63.3,0.97,1.077,NOMINAL,121.1,92.1,87.8,9030.0,33.5,16.4,901.0,1200,0,0.9372,1.0492,-3.378,-2.578,0.000402
ASTRO_04,165,48,F,63.3,0.97,1.077,NOMINAL,100.6,115.1,83.5,8976.0,34.7,19.5,1326.0,800,0,0.9371,1.0491,-3.395,-2.588,0.000402
ASTRO_04,166,48,F,63.3,0.97,1.077,NOMINAL,115.7,108.8,83.5,9240.0,25.1,21.5,952.0,800,0,0.9369,1.049,-3.412,-2.601,0.000402
ASTRO_04,167,48,F,63.3,0.97,1.077,NOMINAL,114.8,104.3,79.3,8952.0,35.0,23.2,1060.0,1000,0,0.9367,1.0488,-3.43,-2.615,0.000402
ASTRO_04,168,48,F,63.3,0.97,1.077,SCHEDULED_REST,0.0,0.0,0.0,0.0,0.0,0.0,1169.0,800,0,0.9363,1.0485,-3.475,-2.648,0.000402
ASTRO_04,169,48,F,63.3,0.97,1.077,NOMINAL,96.3,91.3,73.1,7821.0,26.3,18.9,1037.0,1000,0,0.9361,1.0483,-3.493,-2.662,0.000402
ASTRO_04,170,48,F,63.3,0.97,1.077,NOMINAL,97.0,99.9,72.6,8085.0,32.7,16.2,997.0,800,0,0.9359,1.0482,-3.511,-2.677,0.000402
ASTRO_04,171,48,F,63.3,0.97,1.077,NOMINAL,111.6,107.2,81.8,9018.0,33.3,24.8,1067.0,1200,0,0.9358,1.048,-3.523,-2.689,0.000402
ASTRO_04,172,48,F,63.3,0.97,1.077,NOMINAL,115.6,90.8,66.7,8193.0,29.6,20.2,1191.0,800,0,0.9357,1.0479,-3.54,-2.702,0.000402
ASTRO_04,173,48,F,63.3,0.97,1.077,NOMINAL,127.7,102.0,84.2,9417.0,40.6,23.0,1106.0,1200,0,0.9355,1.0478,-3.555,-2.715,0.000402
ASTRO_04,174,48,F,63.3,0.97,1.077,NOMINAL,130.3,93.6,71.7,8868.0,35.8,24.0,1293.0,1200,1,0.9354,1.0477,-3.566,-2.721,0.000402
ASTRO_04,175,48,F,63.3,0.97,1.077,SCHEDULED_REST,0.0,0.0,0.0,0.0,0.0,0.0,1117.0,1200,0,0.935,1.0473,-3.608,-2.756,0.000402
ASTRO_04,176,48,F,63.3,0.97,1.077,NOMINAL,103.0,104.2,76.5,8511.0,28.0,24.9,1178.0,1200,0,0.9348,1.0472,-3.626,-2.767,0.000402
ASTRO_04,177,48,F,63.3,0.97,1.077,NOMINAL,94.2,94.7,69.8,7761.0,29.6,19.3,1193.0,800,1,0.9347,1.0471,-3.643,-2.776,0.000402
ASTRO_04,178,48,F,63.3,0.97,1.077,NOMINAL,111.7,91.8,89.5,8790.0,27.5,26.9,1080.0,1000,1,0.9346,1.047,-3.654,-2.785,0.000402
ASTRO_04,179,48,F,63.3,0.97,1.077,NOMINAL,102.7,103.6,66.9,8196.0,31.4,15.5,1228.0,1000,0,0.9344,1.0468,-3.671,-2.8,0.000402
ASTRO_04,180,48,F,63.3,0.97,1.077,NOMINAL,122.2,88.6,79.8,8718.0,26.5,19.0,976.0,800,0,0.9342,1.0467,-3.688,-2.813,0.000402
ASTRO_05,1,40,M,77.2,1.027,1.096,NOMINAL,148.2,144.3,98.1,11718.0,30.5,27.4,1117.0,1200,0,1.0269,1.0959,-0.013,-0.011,0.000369
ASTRO_05,2,40,M,77.2,1.027,1.096,NOMINAL,156.2,123.9,86.2,10989.0,25.4,25.4,1031.0,1200,0,1.0267,1.0958,-0.025,-0.022,0.000369
ASTRO_05,3,40,M,77.2,1.027,1.096,NOMINAL,116.9,132.4,81.6,9927.0,33.6,16.1,910.0,1000,0,1.0266,1.0957,-0.036,-0.029,0.000369
ASTRO_05,4,40,M,77.2,1.027,1.096,NOMINAL,129.5,109.2,103.0,10251.0,33.5,17.6,1026.0,1000,0,1.0265,1.0955,-0.048,-0.042,0.000369
ASTRO_05,5,40,M,77.2,1.027,1.096,NOMINAL,157.4,118.2,84.6,10806.0,23.9,26.1,1103.0,1000,0,1.0263,1.0954,-0.063,-0.054,0.000369
ASTRO_05,6,40,M,77.2,1.027,1.096,NOMINAL,134.9,107.9,93.8,10098.0,33.5,13.7,916.0,1200,0,1.0262,1.0953,-0.077,-0.062,0.000369
ASTRO_05,7,40,M,77.2,1.027,1.096,SCHEDULED_REST,0.0,0.0,0.0,0.0,15.0,0.0,856.0,1000,0,1.0258,1.095,-0.116,-0.09,0.000369
ASTRO_05,8,40,M,77.2,1.027,1.096,NOMINAL,138.2,122.5,102.5,10896.0,24.2,17.6,1024.0,1200,0,1.0257,1.0949,-0.129,-0.102,0.000369
ASTRO_05,9,40,M,77.2,1.027,1.096,NOMINAL,140.7,110.7,98.6,10500.0,30.2,26.3,1125.0,1200,0,1.0255,1.0948,-0.147,-0.114,0.000369
ASTRO_05,10,40,M,77.2,1.027,1.096,NOMINAL,129.3,108.8,100.8,10167.0,24.9,13.1,1111.0,1000,0,1.0254,1.0946,-0.159,-0.125,0.000369
ASTRO_05,11,40,M,77.2,1.027,1.096,NOMINAL,130.2,118.1,81.9,9906.0,36.1,17.4,1103.0,1200,0,1.0252,1.0945,-0.177,-0.137,0.000369
ASTRO_05,12,40,M,77.2,1.027,1.096,NOMINAL,118.2,114.6,79.5,9369.0,30.0,14.0,1068.0,1000,0,1.0251,1.0944,-0.188,-0.147,0.000369
ASTRO_05,13,40,M,77.2,1.027,1.096,NOMINAL,133.3,123.0,94.5,10524.0,23.1,12.0,1230.0,1200,0,1.0249,1.0943,-0.204,-0.159,0.000369
ASTRO_05,14,40,M,77.2,1.027,1.096,SCHEDULED_REST,0.0,0.0,0.0,0.0,0.0,0.0,1254.0,1200,0,1.0246,1.0939,-0.237,-0.189,0.000369
ASTRO_05,15,40,M,77.2,1.027,1.096,NOMINAL,155.8,116.6,103.6,11280.0,32.2,13.4,788.0,800,0,1.0245,1.0938,-0.246,-0.202,0.000369
ASTRO_05,16,40,M,77.2,1.027,1.096,NOMINAL,123.6,129.1,97.9,10518.0,28.2,21.9,1159.0,800,0,1.0243,1.0937,-0.26,-0.214,0.000369
ASTRO_05,17,40,M,77.2,1.027,1.096,NOMINAL,133.1,118.2,90.2,10245.0,26.8,20.4,1028.0,1000,0,1.0242,1.0935,-0.277,-0.225,0.000369
ASTRO_05,18,40,M,77.2,1.027,1.096,NOMINAL,150.8,131.3,91.4,11205.0,31.2,17.0,1117.0,1200,0,1.024,1.0934,-0.289,-0.237,0.000369
ASTRO_05,19,40,M,77.2,1.027,1.096,NOMINAL,115.2,129.1,99.7,10320.0,36.4,19.0,1058.0,1200,0,1.0239,1.0933,-0.304,-0.247,0.000369
ASTRO_05,20,40,M,77.2,1.027,1.096,NOMINAL,143.5,132.5,85.3,10839.0,32.6,23.3,977.0,1000,0,1.0238,1.0932,-0.315,-0.258,0.000369
ASTRO_05,21,40,M,77.2,1.027,1.096,SCHEDULED_REST,0.0,0.0,0.0,0.0,0.0,0.0,994.0,1000,0,1.0234,1.0928,-0.35,-0.292,0.000369
ASTRO_05,22,40,M,77.2,1.027,1.096,NOMINAL,122.9,116.3,89.8,9870.0,26.5,16.6,1206.0,800,0,1.0232,1.0927,-0.365,-0.301,0.000369
ASTRO_05,23,40,M,77.2,1.027,1.096,NOMINAL,147.3,104.0,100.5,10554.0,26.8,24.3,1092.0,800,0,1.0231,1.0926,-0.38,-0.311,0.000369
ASTRO_05,24,40,M,77.2,1.027,1.096,NOMINAL,139.4,128.9,73.0,10239.0,23.5,16.0,1024.0,800,0,1.023,1.0925,-0.392,-0.323,0.000369
ASTRO_05,25,40,M,77.2,1.027,1.096,NOMINAL,124.5,133.0,78.7,10086.0,36.6,18.5,1174.0,1200,0,1.0228,1.0924,-0.405,-0.332,0.000369
ASTRO_05,26,40,M,77.2,1.027,1.096,NOMINAL,117.5,119.1,90.3,9807.0,29.5,20.4,1183.0,1000,0,1.0227,1.0922,-0.422,-0.344,0.000369
ASTRO_05,27,40,M,77.2,1.027,1.096,NOMINAL,134.4,130.4,92.1,10707.0,33.1,23.1,1074.0,1200,0,1.0225,1.0921,-0.441,-0.357,0.000369
ASTRO_05,28,40,M,77.2,1.027,1.096,SCHEDULED_REST,0.0,0.0,0.0,0.0,15.0,0.0,1082.0,1200,0,1.0221,1.0917,-0.474,-0.388,0.000369
ASTRO_05,29,40,M,77.2,1.027,1.096,NOMINAL,114.0,113.2,91.7,9567.0,23.7,30.5,1199.0,1000,0,1.022,1.0916,-0.488,-0.4,0.000369
ASTRO_05,30,40,M,77.2,1.027,1.096,NOMINAL,141.9,118.0,87.3,10416.0,27.0,22.0,1018.0,1000,0,1.0219,1.0915,-0.5,-0.41,0.000369
ASTRO_05,31,40,M,77.2,1.027,1.096,NOMINAL,141.3,109.3,78.2,9864.0,34.7,10.1,1082.0,800,0,1.0217,1.0914,-0.512,-0.42,0.000369
ASTRO_05,32,40,M,77.2,1.027,1.096,NOMINAL,132.3,133.1,72.9,10149.0,33.6,17.9,1166.0,1000,0,1.0216,1.0913,-0.528,-0.429,0.000369
ASTRO_05,33,40,M,77.2,1.027,1.096,NOMINAL,138.1,124.2,99.9,10866.0,30.3,30.3,927.0,1200,0,1.0215,1.0912,-0.54,-0.438,0.000369
ASTRO_05,34,40,M,77.2,1.027,1.096,NOMINAL,139.8,122.3,81.9,10320.0,28.7,27.4,1222.0,1000,0,1.0213,1.0911,-0.558,-0.446,0.000369
ASTRO_05,35,40,M,77.2,1.027,1.096,SCHEDULED_REST,0.0,0.0,0.0,0.0,0.0,0.0,992.0,1000,0,1.0209,1.0907,-0.591,-0.481,0.000369
ASTRO_05,36,40,M,77.2,1.027,1.096,NOMINAL,136.9,114.7,95.0,10398.0,24.8,24.6,1189.0,1000,0,1.0208,1.0906,-0.608,-0.494,0.000369
ASTRO_05,37,40,M,77.2,1.027,1.096,NOMINAL,165.5,119.5,95.2,11406.0,33.8,12.3,1001.0,1000,0,1.0207,1.0904,-0.617,-0.508,0.000369
ASTRO_05,38,40,M,77.2,1.027,1.096,NOMINAL,115.5,124.1,88.5,9843.0,27.4,21.7,1222.0,1200,0,1.0205,1.0903,-0.634,-0.519,0.000369
ASTRO_05,39,40,M,77.2,1.027,1.096,NOMINAL,114.0,129.2,85.8,9870.0,24.3,11.7,1074.0,800,0,1.0203,1.0902,-0.652,-0.528,0.000369
ASTRO_05,40,40,M,77.2,1.027,1.096,NOMINAL,148.4,117.3,86.8,10575.0,32.7,21.3,1052.0,1200,0,1.0202,1.0901,-0.665,-0.54,0.000369
ASTRO_05,41,40,M,77.2,1.027,1.096,NOMINAL,128.3,101.0,95.3,9738.0,28.9,24.9,968.0,800,0,1.02,1.09,-0.682,-0.549,0.000369
ASTRO_05,42,40,M,77.2,1.027,1.096,SCHEDULED_REST,0.0,0.0,0.0,0.0,0.0,0.0,1013.0,1200,0,1.0197,1.0896,-0.713,-0.582,0.000369
ASTRO_05,43,40,M,77.2,1.027,1.096,NOMINAL,141.4,122.6,101.1,10953.0,29.6,16.1,1265.0,1000,0,1.0195,1.0895,-0.733,-0.592,0.000369
ASTRO_05,44,40,M,77.2,1.027,1.096,NOMINAL,146.3,114.4,90.7,10542.0,31.2,23.5,857.0,1000,0,1.0193,1.0894,-0.747,-0.606,0.000369
ASTRO_05,45,40,M,77.2,1.027,1.096,NOMINAL,125.1,120.2,79.8,9753.0,28.5,25.9,948.0,1000,0,1.0191,1.0892,-0.767,-0.619,0.000369
ASTRO_05,46,40,M,77.2,1.027,1.096,NOMINAL,120.6,130.1,99.0,10491.0,30.7,13.7,1314.0,1000,0,1.019,1.0891,-0.783,-0.632,0.000369
ASTRO_05,47,40,M,77.2,1.027,1.096,NOMINAL,133.7,108.8,100.1,10278.0,29.8,19.8,1090.0,1000,0,1.0188,1.089,-0.801,-0.64,0.000369
ASTRO_05,48,40,M,77.2,1.027,1.096,NOMINAL,152.4,132.3,86.5,11136.0,28.8,20.7,1016.0,800,0,1.0186,1.0889,-0.818,-0.65,0.000369
ASTRO_05,49,40,M,77.2,1.027,1.096,SCHEDULED_REST,0.0,0.0,0.0,0.0,0.0,0.0,1137.0,1000,0,1.0182,1.0885,-0.857,-0.683,0.000369
ASTRO_05,50,40,M,77.2,1.027,1.096,NOMINAL,143.5,134.7,94.9,11193.0,28.6,19.8,1102.0,1000,0,1.018,1.0884,-0.873,-0.69,0.000369
ASTRO_05,51,40,M,77.2,1.027,1.096,NOMINAL,130.0,124.0,85.4,10182.0,31.4,21.7,1107.0,1000,0,1.0179,1.0883,-0.888,-0.701,0.000369
ASTRO_05,52,40,M,77.2,1.027,1.096,NOMINAL,140.4,132.3,84.5,10716.0,27.9,17.5,992.0,1200,0,1.0177,1.0882,-0.907,-0.711,0.000369
ASTRO_05,53,40,M,77.2,1.027,1.096,NOMINAL,134.0,133.0,95.6,10878.0,27.2,19.0,1167.0,800,0,1.0175,1.0881,-0.928,-0.722,0.000369
ASTRO_05,54,40,M,77.2,1.027,1.096,NOMINAL,147.2,130.4,103.9,11445.0,28.8,26.7,1077.0,1200,0,1.0174,1.088,-0.937,-0.731,0.000369
ASTRO_05,55,40,M,77.2,1.027,1.096,NOMINAL,114.4,111.6,94.8,9624.0,32.1,19.6,1095.0,800,0,1.0173,1.0879,-0.949,-0.744,0.000369
ASTRO_05,56,40,M,77.2,1.027,1.096,SCHEDULED_REST,0.0,0.0,0.0,0.0,0.0,0.0,979.0,800,0,1.017,1.0875,-0.978,-0.78,0.000369
ASTRO_05,57,40,M,77.2,1.027,1.096,NOMINAL,151.3,132.5,94.6,11352.0,30.3,19.2,1232.0,1200,0,1.0168,1.0873,-0.993,-0.792,0.000369
ASTRO_05,58,40,M,77.2,1.027,1.096,NOMINAL,151.5,117.3,77.9,10401.0,35.3,17.5,1027.0,1200,0,1.0166,1.0872,-1.009,-0.805,0.000369
ASTRO_05,59,40,M,77.2,1.027,1.096,NOMINAL,144.1,106.2,107.8,10743.0,32.8,14.7,1223.0,1200,0,1.0164,1.0871,-1.029,-0.814,0.000369
ASTRO_05,60,40,M,77.2,1.027,1.096,NOMINAL,143.9,117.4,81.1,10272.0,25.8,20.9,1121.0,1000,0,1.0162,1.087,-1.048,-0.826,0.000369
ASTRO_05,61,40,M,77.2,1.027,1.096,NOMINAL,105.3,125.4,95.6,9789.0,29.8,16.7,854.0,1000,0,1.0161,1.0868,-1.058,-0.836,0.000369
ASTRO_05,62,40,M,77.2,1.027,1.096,NOMINAL,136.6,112.2,86.0,10044.0,27.0,16.5,1058.0,800,0,1.0159,1.0867,-1.081,-0.848,0.000369
ASTRO_05,63,40,M,77.2,1.027,1.096,SCHEDULED_REST,0.0,0.0,0.0,0.0,0.0,0.0,1247.0,1200,0,1.0155,1.0864,-1.12,-0.879,0.000369
ASTRO_05,64,40,M,77.2,1.027,1.096,NOMINAL,131.6,124.1,87.4,10293.0,32.3,12.3,971.0,1000,0,1.0153,1.0862,-1.137,-0.892,0.000369
ASTRO_05,65,40,M,77.2,1.027,1.096,NOMINAL,137.9,118.1,107.2,10896.0,24.9,27.7,1087.0,1200,0,1.0152,1.0861,-1.15,-0.901,0.000369
ASTRO_05,66,40,M,77.2,1.027,1.096,NOMINAL,143.2,145.3,96.8,11559.0,33.6,12.2,1213.0,1000,0,1.0151,1.086,-1.161,-0.909,0.000369
ASTRO_05,67,40,M,77.2,1.027,1.096,NOMINAL,149.2,125.0,92.0,10986.0,30.6,21.5,1068.0,800,0,1.0149,1.0859,-1.175,-0.92,0.000369
ASTRO_05,68,40,M,77.2,1.027,1.096,NOMINAL,142.2,115.4,77.9,10065.0,30.6,25.4,1183.0,1000,0,1.0148,1.0858,-1.189,-0.93,0.000369
ASTRO_05,69,40,M,77.2,1.027,1.096,NOMINAL,125.4,121.1,96.4,10287.0,32.1,14.6,1220.0,800,0,1.0147,1.0857,-1.2,-0.942,0.000369
ASTRO_05,70,40,M,77.2,1.027,1.096,SCHEDULED_REST,0.0,0.0,0.0,0.0,0.0,0.0,967.0,1200,0,1.0143,1.0853,-1.233,-0.974,0.000369
ASTRO_05,71,40,M,77.2,1.027,1.096,NOMINAL,107.2,109.5,90.6,9219.0,25.3,17.9,1104.0,800,0,1.0141,1.0852,-1.255,-0.985,0.000369
ASTRO_05,72,40,M,77.2,1.027,1.096,NOMINAL,138.0,124.4,90.9,10599.0,26.8,27.6,879.0,1000,0,1.0139,1.0851,-1.272,-0.997,0.000369
ASTRO_05,73,40,M,77.2,1.027,1.096,NOMINAL,132.9,133.5,94.4,10824.0,33.9,25.2,1171.0,1200,0,1.0137,1.085,-1.291,-1.005,0.000369
ASTRO_05,74,40,M,77.2,1.027,1.096,NOMINAL,139.9,128.8,88.1,10704.0,29.3,10.1,1204.0,1200,0,1.0136,1.0848,-1.303,-1.019,0.000369
ASTRO_05,75,40,M,77.2,1.027,1.096,NOMINAL,139.5,122.7,100.9,10893.0,32.6,17.7,1073.0,800,0,1.0134,1.0847,-1.321,-1.03,0.000369
ASTRO_05,76,40,M,77.2,1.027,1.096,NOMINAL,132.9,129.5,88.9,10539.0,28.0,15.6,957.0,800,0,1.0133,1.0846,-1.338,-1.043,0.000369
ASTRO_05,77,40,M,77.2,1.027,1.096,SCHEDULED_REST,0.0,0.0,0.0,0.0,0.0,0.0,1020.0,1200,0,1.0129,1.0842,-1.375,-1.078,0.000369
ASTRO_05,78,40,M,77.2,1.027,1.096,NOMINAL,105.2,127.0,96.6,9864.0,38.3,20.8,1198.0,1200,0,1.0127,1.0841,-1.39,-1.09,0.000369
ASTRO_05,79,40,M,77.2,1.027,1.096,NOMINAL,126.7,140.0,92.5,10776.0,30.3,20.4,1376.0,1200,0,1.0126,1.084,-1.405,-1.099,0.000369
ASTRO_05,80,40,M,77.2,1.027,1.096,NOMINAL,118.2,121.4,100.6,10206.0,29.0,18.2,1101.0,1200,0,1.0124,1.0839,-1.424,-1.109,0.000369
ASTRO_05,81,40,M,77.2,1.027,1.096,NOMINAL,139.0,117.8,101.6,10752.0,28.2,12.0,909.0,800,0,1.0122,1.0837,-1.439,-1.12,0.000369
ASTRO_05,82,40,M,77.2,1.027,1.096,NOMINAL,128.4,132.4,87.8,10458.0,29.2,27.0,1285.0,1200,0,1.0121,1.0836,-1.449,-1.133,0.000369
ASTRO_05,83,40,M,77.2,1.027,1.096,NOMINAL,111.8,144.6,107.3,10911.0,22.2,19.8,1118.0,1000,0,1.012,1.0835,-1.461,-1.145,0.000369
ASTRO_05,84,40,M,77.2,1.027,1.096,SCHEDULED_REST,0.0,0.0,0.0,0.0,0.0,0.0,1030.0,1000,0,1.0116,1.0831,-1.498,-1.178,0.000369
ASTRO_05,85,40,M,77.2,1.027,1.096,NOMINAL,145.3,123.0,96.8,10953.0,29.5,22.3,1098.0,1200,0,1.0115,1.083,-1.512,-1.19,0.000369
ASTRO_05,86,40,M,77.2,1.027,1.096,NOMINAL,157.7,141.9,85.7,11559.0,32.2,23.7,1028.0,1000,0,1.0113,1.0828,-1.526,-1.202,0.000369
ASTRO_05,87,40,M,77.2,1.027,1.096,NOMINAL,123.4,119.3,95.0,10131.0,37.3,17.6,1155.0,1200,0,1.0112,1.0827,-1.536,-1.215,0.000369
ASTRO_05,88,40,M,77.2,1.027,1.096,NOMINAL,155.5,113.4,99.7,11058.0,23.6,17.8,1103.0,800,0,1.0112,1.0826,-1.543,-1.225,0.000369
ASTRO_05,89,40,M,77.2,1.027,1.096,NOMINAL,134.9,128.3,112.9,11283.0,26.0,14.4,1009.0,1000,0,1.011,1.0825,-1.556,-1.235,0.000369
ASTRO_05,90,40,M,77.2,1.027,1.096,NOMINAL,138.6,131.9,97.3,11034.0,25.1,29.1,1106.0,800,0,1.0109,1.0824,-1.568,-1.245,0.000369
ASTRO_05,91,40,M,77.2,1.027,1.096,SCHEDULED_REST,0.0,0.0,0.0,0.0,0.0,0.0,1239.0,800,0,1.0106,1.082,-1.601,-1.274,0.000369
ASTRO_05,92,40,M,77.2,1.027,1.096,NOMINAL,147.3,129.8,83.5,10818.0,25.4,18.8,1106.0,800,0,1.0104,1.0819,-1.612,-1.285,0.000369
ASTRO_05,93,40,M,77.2,1.027,1.096,NOMINAL,136.3,140.4,105.0,11451.0,23.6,10.5,1103.0,800,0,1.0103,1.0818,-1.628,-1.298,0.000369
ASTRO_05,94,40,M,77.2,1.027,1.096,NOMINAL,139.2,116.4,88.3,10317.0,27.1,14.4,1095.0,1200,0,1.0101,1.0817,-1.647,-1.309,0.000369
ASTRO_05,95,40,M,77.2,1.027,1.096,NOMINAL,131.6,115.1,86.0,9981.0,27.2,20.7,1207.0,1200,0,1.0099,1.0815,-1.661,-1.319,0.000369
ASTRO_05,96,40,M,77.2,1.027,1.096,NOMINAL,114.0,129.4,91.7,10053.0,32.9,16.4,992.0,1000,0,1.0098,1.0814,-1.677,-1.331,0.000369
ASTRO_05,97,40,M,77.2,1.027,1.096,NOMINAL,119.3,120.2,92.4,9957.0,29.5,19.3,1061.0,800,0,1.0096,1.0813,-1.694,-1.338,0.000369
ASTRO_05,98,40,M,77.2,1.027,1.096,SCHEDULED_REST,0.0,0.0,0.0,0.0,0.0,0.0,1120.0,1000,0,1.0091,1.081,-1.741,-1.37,0.000369
ASTRO_05,99,40,M,77.2,1.027,1.096,NOMINAL,139.4,117.5,75.6,9975.0,29.6,20.8,962.0,1000,0,1.009,1.0808,-1.756,-1.384,0.000369
ASTRO_05,100,40,M,77.2,1.027,1.096,NOMINAL,139.2,114.2,86.4,10194.0,30.8,20.5,1052.0,800,0,1.0088,1.0807,-1.768,-1.392,0.000369
ASTRO_05,101,40,M,77.2,1.027,1.096,NOMINAL,145.9,104.8,87.5,10146.0,29.0,25.0,940.0,800,0,1.0087,1.0806,-1.78,-1.403,0.000369
ASTRO_05,102,40,M,77.2,1.027,1.096,NOMINAL,125.9,124.8,98.0,10461.0,34.5,14.4,977.0,1000,0,1.0086,1.0805,-1.796,-1.412,0.000369
ASTRO_05,103,40,M,77.2,1.027,1.096,NOMINAL,140.2,105.7,91.1,10110.0,29.1,21.2,1101.0,800,0,1.0084,1.0804,-1.811,-1.424,0.000369
ASTRO_05,104,40,M,77.2,1.027,1.096,NOMINAL,119.8,123.4,91.7,10047.0,33.2,15.7,1128.0,1000,0,1.0083,1.0803,-1.822,-1.435,0.000369
ASTRO_05,105,40,M,77.2,1.027,1.096,SCHEDULED_REST,0.0,0.0,0.0,0.0,15.0,0.0,1014.0,1200,0,1.008,1.08,-1.853,-1.464,0.000369
ASTRO_05,106,40,M,77.2,1.027,1.096,NOMINAL,128.2,137.3,99.7,10956.0,28.9,19.1,1114.0,1200,0,1.0079,1.0798,-1.865,-1.475,0.000369
ASTRO_05,107,40,M,77.2,1.027,1.096,NOMINAL,125.8,111.0,88.2,9750.0,24.4,30.5,1097.0,1000,0,1.0077,1.0797,-1.88,-1.49,0.000369
ASTRO_05,108,40,M,77.2,1.027,1.096,NOMINAL,117.4,119.5,82.9,9594.0,31.3,18.5,1194.0,1200,0,1.0075,1.0796,-1.9,-1.5,0.000369
ASTRO_05,109,40,M,77.2,1.027,1.096,NOMINAL,112.5,130.7,90.8,10020.0,32.8,23.9,1293.0,1000,0,1.0074,1.0794,-1.911,-1.513,0.000369
ASTRO_05,110,40,M,77.2,1.027,1.096,NOMINAL,137.8,121.2,83.6,10278.0,29.0,21.2,1109.0,800,0,1.0072,1.0793,-1.924,-1.522,0.000369
ASTRO_05,111,40,M,77.2,1.027,1.096,NOMINAL,164.6,124.6,89.2,11352.0,28.7,21.6,1295.0,1000,0,1.0071,1.0792,-1.934,-1.533,0.000369
ASTRO_05,112,40,M,77.2,1.027,1.096,SCHEDULED_REST,0.0,0.0,0.0,0.0,0.0,0.0,1219.0,800,0,1.0068,1.0788,-1.971,-1.566,0.000369
ASTRO_05,113,40,M,77.2,1.027,1.096,NOMINAL,146.4,139.5,87.1,11190.0,31.0,18.8,1204.0,1000,0,1.0066,1.0787,-1.986,-1.578,0.000369
ASTRO_05,114,40,M,77.2,1.027,1.096,NOMINAL,126.6,131.5,97.2,10659.0,28.0,20.2,1133.0,800,0,1.0065,1.0786,-1.999,-1.59,0.000369
ASTRO_05,115,40,M,77.2,1.027,1.096,NOMINAL,134.0,122.6,82.5,10173.0,25.4,24.8,1148.0,1000,0,1.0064,1.0784,-2.01,-1.602,0.000369
ASTRO_05,116,40,M,77.2,1.027,1.096,NOMINAL,140.0,112.1,95.7,10434.0,30.5,23.3,1172.0,800,0,1.0062,1.0784,-2.023,-1.61,0.000369
ASTRO_05,117,40,M,77.2,1.027,1.096,NOMINAL,115.2,130.2,91.6,10110.0,26.8,10.4,1173.0,1000,0,1.006,1.0783,-2.041,-1.619,0.000369
ASTRO_05,118,40,M,77.2,1.027,1.096,NOMINAL,144.3,115.5,90.7,10515.0,36.1,12.2,1266.0,1200,0,1.0059,1.0781,-2.054,-1.63,0.000369
ASTRO_05,119,40,M,77.2,1.027,1.096,SCHEDULED_REST,0.0,0.0,0.0,0.0,15.0,0.0,919.0,1200,0,1.0056,1.0778,-2.088,-1.661,0.000369
ASTRO_05,120,40,M,77.2,1.027,1.096,NOMINAL,156.3,115.7,94.6,10998.0,34.0,9.9,1199.0,1200,0,1.0054,1.0776,-2.106,-1.674,0.000369
ASTRO_05,121,40,M,77.2,1.027,1.096,NOMINAL,148.1,130.3,78.9,10719.0,40.8,19.7,995.0,800,0,1.0052,1.0775,-2.124,-1.684,0.000369
ASTRO_05,122,40,M,77.2,1.027,1.096,NOMINAL,136.8,125.0,90.8,10578.0,35.6,28.3,1222.0,1200,0,1.005,1.0774,-2.142,-1.695,0.000369
ASTRO_05,123,40,M,77.2,1.027,1.096,NOMINAL,146.9,125.3,77.2,10482.0,34.4,9.9,876.0,1000,0,1.0048,1.0773,-2.159,-1.705,0.000369
ASTRO_05,124,40,M,77.2,1.027,1.096,NOMINAL,115.1,123.7,89.3,9843.0,35.3,10.6,1213.0,800,0,1.0047,1.0772,-2.17,-1.717,0.000369
ASTRO_05,125,40,M,77.2,1.027,1.096,NOMINAL,123.7,118.7,92.3,10041.0,35.4,10.3,1103.0,1000,0,1.0046,1.077,-2.183,-1.73,0.000369
ASTRO_05,126,40,M,77.2,1.027,1.096,SCHEDULED_REST,0.0,0.0,0.0,0.0,15.0,0.0,1060.0,1200,0,1.0042,1.0767,-2.222,-1.764,0.000369
ASTRO_05,127,40,M,77.2,1.027,1.096,NOMINAL,135.3,126.1,98.0,10782.0,23.3,24.4,1207.0,1200,0,1.004,1.0766,-2.238,-1.774,0.000369
ASTRO_05,128,40,M,77.2,1.027,1.096,NOMINAL,131.5,129.6,89.2,10509.0,32.7,15.1,1104.0,1200,0,1.0039,1.0764,-2.248,-1.786,0.000369
ASTRO_05,129,40,M,77.2,1.027,1.096,NOMINAL,142.1,130.9,85.6,10758.0,32.6,18.1,851.0,1000,0,1.0037,1.0763,-2.264,-1.794,0.000369
ASTRO_05,130,40,M,77.2,1.027,1.096,NOMINAL,142.8,137.6,95.4,11274.0,31.6,19.4,1047.0,1000,0,1.0036,1.0762,-2.277,-1.806,0.000369
ASTRO_05,131,40,M,77.2,1.027,1.096,NOMINAL,144.2,122.5,93.3,10800.0,35.4,20.6,1286.0,1200,0,1.0035,1.0761,-2.288,-1.819,0.000369
ASTRO_05,132,40,M,77.2,1.027,1.096,NOMINAL,128.8,116.3,95.2,10209.0,28.6,23.6,988.0,1200,0,1.0034,1.076,-2.3,-1.829,0.000369
ASTRO_05,133,40,M,77.2,1.027,1.096,SCHEDULED_REST,0.0,0.0,0.0,0.0,0.0,0.0,1114.0,1000,0,1.003,1.0756,-2.338,-1.857,0.000369
ASTRO_05,134,40,M,77.2,1.027,1.096,NOMINAL,119.9,107.4,95.3,9678.0,24.6,10.4,1138.0,1200,0,1.0029,1.0755,-2.351,-1.868,0.000369
ASTRO_05,135,40,M,77.2,1.027,1.096,NOMINAL,135.8,125.8,79.5,10233.0,34.4,25.9,1164.0,1200,0,1.0027,1.0754,-2.37,-1.882,0.000369
ASTRO_05,136,40,M,77.2,1.027,1.096,NOMINAL,147.7,147.2,89.6,11535.0,24.8,18.0,1102.0,1000,0,1.0025,1.0752,-2.383,-1.895,0.000369
ASTRO_05,137,40,M,77.2,1.027,1.096,NOMINAL,120.8,107.3,79.4,9225.0,38.1,30.3,965.0,800,0,1.0024,1.0751,-2.398,-1.91,0.000369
ASTRO_05,138,40,M,77.2,1.027,1.096,NOMINAL,146.2,112.1,97.6,10677.0,25.6,16.1,985.0,1000,0,1.0022,1.0749,-2.412,-1.922,0.000369
ASTRO_05,139,40,M,77.2,1.027,1.096,NOMINAL,149.2,120.9,94.9,10950.0,26.3,15.0,1183.0,1000,0,1.0021,1.0748,-2.428,-1.933,0.000369
ASTRO_05,140,40,M,77.2,1.027,1.096,SCHEDULED_REST,0.0,0.0,0.0,0.0,0.0,0.0,1058.0,1000,0,1.0017,1.0745,-2.462,-1.964,0.000369
ASTRO_05,141,40,M,77.2,1.027,1.096,NOMINAL,128.3,119.3,97.0,10338.0,26.0,21.1,1098.0,800,0,1.0016,1.0744,-2.475,-1.975,0.000369
ASTRO_05,142,40,M,77.2,1.027,1.096,NOMINAL,136.8,119.4,93.3,10485.0,30.9,23.2,1112.0,1200,0,1.0014,1.0742,-2.497,-1.985,0.000369
ASTRO_05,143,40,M,77.2,1.027,1.096,NOMINAL,139.8,115.1,91.1,10380.0,32.6,21.7,912.0,800,0,1.0012,1.0741,-2.512,-1.997,0.000369
ASTRO_05,144,40,M,77.2,1.027,1.096,NOMINAL,144.3,124.3,94.1,10881.0,26.7,11.4,1128.0,1000,0,1.0011,1.0739,-2.526,-2.014,0.000369
ASTRO_05,145,40,M,77.2,1.027,1.096,NOMINAL,100.8,134.6,88.3,9711.0,28.6,21.2,1056.0,1200,0,1.001,1.0738,-2.536,-2.026,0.000369
ASTRO_05,146,40,M,77.2,1.027,1.096,NOMINAL,132.8,123.3,92.6,10461.0,26.2,14.6,1250.0,800,0,1.0008,1.0737,-2.551,-2.034,0.000369
ASTRO_05,147,40,M,77.2,1.027,1.096,SCHEDULED_REST,0.0,0.0,0.0,0.0,0.0,0.0,1063.0,800,0,1.0004,1.0733,-2.591,-2.069,0.000369
ASTRO_05,148,40,M,77.2,1.027,1.096,NOMINAL,131.1,122.0,92.1,10356.0,24.7,23.5,1223.0,1200,0,1.0002,1.0732,-2.608,-2.081,0.000369
ASTRO_05,149,40,M,77.2,1.027,1.096,NOMINAL,149.1,131.8,86.7,11028.0,22.5,16.4,1165.0,1200,0,1.0,1.0731,-2.624,-2.094,0.000369
ASTRO_05,150,40,M,77.2,1.027,1.096,NOMINAL,122.1,119.0,86.6,9831.0,30.9,10.3,966.0,800,0,0.9999,1.0729,-2.635,-2.108,0.000369
ASTRO_05,151,40,M,77.2,1.027,1.096,NOMINAL,144.2,136.6,93.1,11217.0,31.7,25.1,1017.0,1200,0,0.9999,1.0728,-2.642,-2.118,0.000369
ASTRO_05,152,40,M,77.2,1.027,1.096,NOMINAL,115.5,141.4,110.8,11031.0,32.5,20.4,1067.0,1200,0,0.9997,1.0727,-2.658,-2.13,0.000369
ASTRO_05,153,40,M,77.2,1.027,1.096,NOMINAL,119.0,123.1,105.4,10425.0,29.0,24.7,999.0,1200,0,0.9995,1.0726,-2.676,-2.14,0.000369
ASTRO_05,154,40,M,77.2,1.027,1.096,SCHEDULED_REST,0.0,0.0,0.0,0.0,0.0,0.0,1115.0,1200,0,0.9991,1.0722,-2.713,-2.169,0.000369
ASTRO_05,155,40,M,77.2,1.027,1.096,NOMINAL,149.5,132.2,95.1,11304.0,29.1,14.0,1333.0,1200,0,0.999,1.0721,-2.728,-2.179,0.000369
ASTRO_05,156,40,M,77.2,1.027,1.096,NOMINAL,130.5,130.5,98.8,10794.0,29.1,14.4,1111.0,800,0,0.9988,1.072,-2.741,-2.192,0.000369
ASTRO_05,157,40,M,77.2,1.027,1.096,NOMINAL,157.6,119.1,102.3,11370.0,30.6,21.9,1208.0,1200,0,0.9987,1.0718,-2.756,-2.204,0.000369
ASTRO_05,158,40,M,77.2,1.027,1.096,NOMINAL,130.8,126.7,90.1,10428.0,31.3,22.2,1200.0,1200,0,0.9985,1.0717,-2.77,-2.217,0.000369
ASTRO_05,159,40,M,77.2,1.027,1.096,NOMINAL,131.9,124.3,87.8,10320.0,32.9,14.8,1351.0,1200,0,0.9984,1.0716,-2.783,-2.23,0.000369
ASTRO_05,160,40,M,77.2,1.027,1.096,NOMINAL,145.6,121.2,98.0,10944.0,23.1,23.2,831.0,1200,0,0.9983,1.0714,-2.798,-2.24,0.000369
ASTRO_05,161,40,M,77.2,1.027,1.096,SCHEDULED_REST,0.0,0.0,0.0,0.0,0.0,0.0,1176.0,800,0,0.9979,1.0711,-2.833,-2.273,0.000369
ASTRO_05,162,40,M,77.2,1.027,1.096,NOMINAL,137.1,109.5,99.7,10389.0,30.9,27.8,1109.0,1200,0,0.9977,1.0709,-2.851,-2.286,0.000369
ASTRO_05,163,40,M,77.2,1.027,1.096,NOMINAL,146.2,105.6,97.0,10464.0,28.7,14.1,1124.0,800,0,0.9975,1.0708,-2.87,-2.298,0.000369
ASTRO_05,164,40,M,77.2,1.027,1.096,NOMINAL,136.0,121.0,93.5,10515.0,29.4,18.2,1133.0,1000,0,0.9974,1.0707,-2.883,-2.309,0.000369
ASTRO_05,165,40,M,77.2,1.027,1.096,NOMINAL,113.2,131.6,92.9,10131.0,38.8,26.5,1168.0,800,0,0.9972,1.0706,-2.898,-2.321,0.000369
ASTRO_05,166,40,M,77.2,1.027,1.096,NOMINAL,134.9,127.0,91.2,10593.0,35.4,13.9,1308.0,1000,0,0.9971,1.0704,-2.91,-2.333,0.000369
ASTRO_05,167,40,M,77.2,1.027,1.096,NOMINAL,119.8,138.5,86.2,10335.0,30.1,19.1,971.0,1000,0,0.997,1.0703,-2.924,-2.345,0.000369
ASTRO_05,168,40,M,77.2,1.027,1.096,SCHEDULED_REST,0.0,0.0,0.0,0.0,0.0,0.0,872.0,1000,0,0.9965,1.0699,-2.966,-2.378,0.000369
ASTRO_05,169,40,M,77.2,1.027,1.096,NOMINAL,136.4,118.3,88.3,10290.0,33.6,16.8,1338.0,1000,0,0.9963,1.0698,-2.987,-2.389,0.000369
ASTRO_05,170,40,M,77.2,1.027,1.096,NOMINAL,156.8,120.0,90.8,11028.0,31.2,17.2,1063.0,1200,0,0.9961,1.0697,-3.004,-2.399,0.000369
ASTRO_05,171,40,M,77.2,1.027,1.096,NOMINAL,161.1,124.1,101.0,11586.0,25.9,21.8,1057.0,1000,0,0.996,1.0695,-3.02,-2.415,0.000369
ASTRO_05,172,40,M,77.2,1.027,1.096,NOMINAL,140.5,122.6,93.3,10692.0,24.0,22.0,1298.0,800,0,0.9958,1.0694,-3.036,-2.43,0.000369
ASTRO_05,173,40,M,77.2,1.027,1.096,NOMINAL,136.3,115.8,86.2,10149.0,28.0,28.7,1389.0,1200,0,0.9957,1.0692,-3.048,-2.442,0.000369
ASTRO_05,174,40,M,77.2,1.027,1.096,NOMINAL,125.4,115.8,81.9,9693.0,33.4,16.5,1003.0,800,0,0.9956,1.0691,-3.061,-2.453,0.000369
ASTRO_05,175,40,M,77.2,1.027,1.096,SCHEDULED_REST,0.0,0.0,0.0,0.0,0.0,0.0,1091.0,1000,0,0.9952,1.0688,-3.1,-2.483,0.000369
ASTRO_05,176,40,M,77.2,1.027,1.096,NOMINAL,129.0,108.7,76.2,9417.0,35.0,23.1,1111.0,1200,0,0.995,1.0686,-3.116,-2.496,0.000369
ASTRO_05,177,40,M,77.2,1.027,1.096,NOMINAL,122.6,118.3,96.2,10113.0,29.5,17.5,944.0,1200,0,0.9948,1.0685,-3.137,-2.506,0.000369
ASTRO_05,178,40,M,77.2,1.027,1.096,NOMINAL,150.0,134.1,96.4,11415.0,30.0,15.1,1189.0,1200,0,0.9947,1.0684,-3.147,-2.516,0.000369
ASTRO_05,179,40,M,77.2,1.027,1.096,NOMINAL,147.8,131.3,83.0,10863.0,34.7,19.0,864.0,800,0,0.9945,1.0683,-3.161,-2.527,0.000369
ASTRO_05,180,40,M,77.2,1.027,1.096,NOMINAL,127.5,136.0,85.2,10461.0,27.1,15.5,963.0,800,0,0.9944,1.0682,-3.175,-2.538,0.000369
ASTRO_06,1,48,M,96.8,0.955,1.113,NOMINAL,154.1,155.1,110.0,12576.0,36.2,18.7,1020.0,1000,0,0.9549,1.1129,-0.011,-0.013,0.00044
ASTRO_06,2,48,M,96.8,0.955,1.113,NOMINAL,185.6,147.5,105.0,13143.0,21.4,19.8,1033.0,800,0,0.9547,1.1128,-0.032,-0.021,0.00044
ASTRO_06,3,48,M,96.8,0.955,1.113,NOMINAL,169.0,154.3,103.7,12810.0,34.3,17.7,1104.0,800,0,0.9545,1.1126,-0.05,-0.032,0.00044
ASTRO_06,4,48,M,96.8,0.955,1.113,NOMINAL,165.0,159.1,122.6,13401.0,30.5,21.1,1070.0,1200,0,0.9543,1.1125,-0.071,-0.042,0.00044
ASTRO_06,5,48,M,96.8,0.955,1.113,NOMINAL,167.1,166.2,99.9,12996.0,28.7,26.7,965.0,800,0,0.9542,1.1124,-0.084,-0.055,0.00044
ASTRO_06,6,48,M,96.8,0.955,1.113,NOMINAL,160.1,151.1,115.8,12810.0,30.9,1.6,1003.0,1000,0,0.954,1.1123,-0.103,-0.067,0.00044
ASTRO_06,7,48,M,96.8,0.955,1.113,SCHEDULED_REST,0.0,0.0,0.0,0.0,15.0,0.0,960.0,800,0,0.9535,1.1118,-0.153,-0.104,0.00044
ASTRO_06,8,48,M,96.8,0.955,1.113,NOMINAL,158.2,149.8,109.7,12531.0,27.1,33.6,1201.0,1000,0,0.9534,1.1117,-0.171,-0.115,0.00044
ASTRO_06,9,48,M,96.8,0.955,1.113,NOMINAL,179.7,152.2,125.7,13728.0,23.3,28.0,885.0,1000,0,0.9532,1.1116,-0.188,-0.123,0.00044
ASTRO_06,10,48,M,96.8,0.955,1.113,NOMINAL,157.3,170.3,113.5,13233.0,25.5,23.0,1113.0,1000,0,0.953,1.1116,-0.207,-0.13,0.00044
ASTRO_06,11,48,M,96.8,0.955,1.113,NOMINAL,182.1,145.5,97.2,12744.0,25.9,17.2,1061.0,1200,0,0.9529,1.1114,-0.221,-0.142,0.00044
ASTRO_06,12,48,M,96.8,0.955,1.113,NOMINAL,186.0,133.5,122.2,13251.0,26.6,26.9,1117.0,800,0,0.9527,1.1113,-0.237,-0.156,0.00044
ASTRO_06,13,48,M,96.8,0.955,1.113,NOMINAL,175.3,157.5,120.4,13596.0,30.0,14.2,1100.0,1000,0,0.9526,1.1112,-0.255,-0.165,0.00044
ASTRO_06,14,48,M,96.8,0.955,1.113,SCHEDULED_REST,0.0,0.0,0.0,0.0,0.0,0.0,1074.0,800,0,0.952,1.1107,-0.313,-0.204,0.00044
ASTRO_06,15,48,M,96.8,0.955,1.113,NOMINAL,169.7,167.1,120.5,13719.0,30.2,14.5,1013.0,800,0,0.9519,1.1106,-0.327,-0.216,0.00044
ASTRO_06,16,48,M,96.8,0.955,1.113,NOMINAL,161.4,152.9,129.4,13311.0,32.8,24.0,1293.0,800,0,0.9517,1.1104,-0.341,-0.229,0.00044
ASTRO_06,17,48,M,96.8,0.955,1.113,NOMINAL,187.2,150.8,128.0,13980.0,34.7,5.7,1158.0,1000,0,0.9516,1.1104,-0.354,-0.238,0.00044
ASTRO_06,18,48,M,96.8,0.955,1.113,NOMINAL,184.4,141.5,126.1,13560.0,31.5,27.1,1165.0,1200,0,0.9515,1.1102,-0.37,-0.248,0.00044
ASTRO_06,19,48,M,96.8,0.955,1.113,NOMINAL,153.0,160.4,110.9,12729.0,25.9,17.5,1263.0,1200,0,0.9513,1.1101,-0.388,-0.263,0.00044
ASTRO_06,20,48,M,96.8,0.955,1.113,NOMINAL,169.0,154.0,112.5,13065.0,29.7,17.3,1249.0,800,0,0.9512,1.1099,-0.401,-0.275,0.00044
ASTRO_06,21,48,M,96.8,0.955,1.113,SCHEDULED_REST,0.0,0.0,0.0,0.0,0.0,0.0,1101.0,1000,0,0.9507,1.1095,-0.445,-0.311,0.00044
ASTRO_06,22,48,M,96.8,0.955,1.113,NOMINAL,165.5,159.7,113.1,13149.0,27.9,10.5,1061.0,800,0,0.9506,1.1094,-0.46,-0.321,0.00044
ASTRO_06,23,48,M,96.8,0.955,1.113,NOMINAL,155.8,155.7,111.9,12702.0,32.8,24.0,1296.0,1200,0,0.9504,1.1093,-0.483,-0.333,0.00044
ASTRO_06,24,48,M,96.8,0.955,1.113,NOMINAL,183.6,163.7,115.5,13884.0,34.5,21.0,1218.0,800,0,0.9503,1.1092,-0.497,-0.341,0.00044
ASTRO_06,25,48,M,96.8,0.955,1.113,NOMINAL,178.5,152.8,113.8,13353.0,31.8,24.1,1172.0,1200,0,0.9501,1.1091,-0.515,-0.35,0.00044
ASTRO_06,26,48,M,96.8,0.955,1.113,NOMINAL,174.2,164.4,120.8,13782.0,32.1,21.1,1013.0,800,0,0.95,1.109,-0.525,-0.361,0.00044
ASTRO_06,27,48,M,96.8,0.955,1.113,NOMINAL,180.7,157.1,109.6,13422.0,29.9,10.5,1183.0,1000,0,0.9498,1.1088,-0.547,-0.374,0.00044
ASTRO_06,28,48,M,96.8,0.955,1.113,SCHEDULED_REST,0.0,0.0,0.0,0.0,0.0,0.0,1200.0,800,0,0.9494,1.1084,-0.589,-0.413,0.00044
ASTRO_06,29,48,M,96.8,0.955,1.113,NOMINAL,157.8,137.7,117.1,12378.0,31.8,13.4,1270.0,1000,0,0.9492,1.1083,-0.608,-0.422,0.00044
ASTRO_06,30,48,M,96.8,0.955,1.113,NOMINAL,171.3,159.9,116.7,13437.0,32.8,15.3,931.0,1200,0,0.949,1.1082,-0.628,-0.435,0.00044
ASTRO_06,31,48,M,96.8,0.955,1.113,NOMINAL,157.0,150.4,118.0,12762.0,32.4,24.3,1041.0,1000,0,0.9488,1.108,-0.644,-0.449,0.00044
ASTRO_06,32,48,M,96.8,0.955,1.113,NOMINAL,172.3,159.0,121.1,13572.0,26.9,7.5,1185.0,1000,0,0.9487,1.1079,-0.661,-0.458,0.00044
ASTRO_06,33,48,M,96.8,0.955,1.113,NOMINAL,190.1,154.0,116.0,13803.0,31.5,17.3,958.0,1000,0,0.9485,1.1078,-0.678,-0.469,0.00044
ASTRO_06,34,48,M,96.8,0.955,1.113,NOMINAL,163.4,154.3,112.6,12909.0,32.6,18.0,1291.0,1000,0,0.9484,1.1077,-0.69,-0.48,0.00044
ASTRO_06,35,48,M,96.8,0.955,1.113,SCHEDULED_REST,0.0,0.0,0.0,0.0,0.0,0.0,923.0,800,0,0.9479,1.1072,-0.739,-0.518,0.00044
ASTRO_06,36,48,M,96.8,0.955,1.113,NOMINAL,191.8,151.8,119.0,13878.0,32.2,15.0,997.0,800,0,0.9479,1.1071,-0.747,-0.531,0.00044
ASTRO_06,37,48,M,96.8,0.955,1.113,NOMINAL,168.4,162.7,125.4,13695.0,27.7,10.6,1029.0,1000,0,0.9477,1.107,-0.761,-0.54,0.00044
ASTRO_06,38,48,M,96.8,0.955,1.113,NOMINAL,173.5,140.4,111.3,12756.0,40.9,17.5,1458.0,800,0,0.9475,1.1069,-0.78,-0.551,0.00044
ASTRO_06,39,48,M,96.8,0.955,1.113,NOMINAL,160.8,158.9,105.6,12759.0,29.0,26.4,1093.0,1200,0,0.9474,1.1068,-0.8,-0.561,0.00044
ASTRO_06,40,48,M,96.8,0.955,1.113,NOMINAL,189.5,163.6,120.9,14220.0,29.7,13.3,1162.0,1200,0,0.9472,1.1067,-0.817,-0.57,0.00044
ASTRO_06,41,48,M,96.8,0.955,1.113,NOMINAL,163.8,134.8,114.7,12399.0,30.6,19.3,1169.0,1200,0,0.947,1.1065,-0.839,-0.584,0.00044
ASTRO_06,42,48,M,96.8,0.955,1.113,SCHEDULED_REST,0.0,0.0,0.0,0.0,0.0,0.0,1037.0,1200,0,0.9466,1.1061,-0.878,-0.62,0.00044
ASTRO_06,43,48,M,96.8,0.955,1.113,NOMINAL,165.7,149.7,114.9,12909.0,33.1,25.1,1069.0,1000,0,0.9465,1.106,-0.887,-0.632,0.00044
ASTRO_06,44,48,M,96.8,0.955,1.113,NOMINAL,167.8,152.1,112.5,12972.0,27.2,22.3,1257.0,800,0,0.9464,1.1058,-0.9,-0.643,0.00044
ASTRO_06,45,48,M,96.8,0.955,1.113,NOMINAL,167.8,161.1,117.5,13392.0,34.2,16.3,1107.0,800,0,0.9463,1.1057,-0.914,-0.655,0.00044
ASTRO_06,46,48,M,96.8,0.955,1.113,NOMINAL,161.8,170.2,118.9,13527.0,24.7,23.0,1209.0,800,0,0.9461,1.1056,-0.931,-0.668,0.00044
ASTRO_06,47,48,M,96.8,0.955,1.113,NOMINAL,168.2,144.3,111.8,12729.0,36.9,21.4,1132.0,1200,0,0.9459,1.1054,-0.951,-0.679,0.00044
ASTRO_06,48,48,M,96.8,0.955,1.113,NOMINAL,156.5,166.1,122.6,13356.0,33.9,20.0,930.0,1000,0,0.9458,1.1053,-0.964,-0.69,0.00044
ASTRO_06,49,48,M,96.8,0.955,1.113,SCHEDULED_REST,0.0,0.0,0.0,0.0,0.0,0.0,970.0,1200,0,0.9454,1.1049,-1.006,-0.724,0.00044
ASTRO_06,50,48,M,96.8,0.955,1.113,NOMINAL,167.3,176.5,116.9,13821.0,28.5,16.8,1296.0,1200,0,0.9452,1.1048,-1.022,-0.736,0.00044
ASTRO_06,51,48,M,96.8,0.955,1.113,NOMINAL,154.9,141.6,119.5,12480.0,30.0,19.6,1156.0,1200,0,0.945,1.1047,-1.042,-0.746,0.00044
ASTRO_06,52,48,M,96.8,0.955,1.113,NOMINAL,170.0,155.3,126.3,13548.0,26.0,16.4,998.0,800,0,0.9449,1.1046,-1.055,-0.755,0.00044
ASTRO_06,53,48,M,96.8,0.955,1.113,NOMINAL,196.0,139.1,105.2,13209.0,32.8,25.9,1197.0,1200,0,0.9448,1.1045,-1.072,-0.766,0.00044
ASTRO_06,54,48,M,96.8,0.955,1.113,NOMINAL,171.7,160.7,125.8,13746.0,29.9,28.2,1209.0,1200,0,0.9446,1.1043,-1.089,-0.778,0.00044
ASTRO_06,55,48,M,96.8,0.955,1.113,NOMINAL,155.5,153.2,134.8,13305.0,29.0,22.6,1214.0,1200,0,0.9444,1.1042,-1.107,-0.789,0.00044
ASTRO_06,56,48,M,96.8,0.955,1.113,SCHEDULED_REST,0.0,0.0,0.0,0.0,0.0,0.0,1079.0,800,0,0.944,1.1038,-1.151,-0.826,0.00044
ASTRO_06,57,48,M,96.8,0.955,1.113,NOMINAL,182.3,154.0,105.6,13257.0,16.3,10.8,900.0,1000,0,0.9439,1.1037,-1.167,-0.837,0.00044
ASTRO_06,58,48,M,96.8,0.955,1.113,NOMINAL,165.3,156.9,126.0,13446.0,27.9,31.7,1191.0,1200,0,0.9437,1.1035,-1.184,-0.85,0.00044
ASTRO_06,59,48,M,96.8,0.955,1.113,NOMINAL,188.0,165.4,114.9,14049.0,28.4,19.8,1083.0,1000,0,0.9435,1.1034,-1.205,-0.861,0.00044
ASTRO_06,60,48,M,96.8,0.955,1.113,NOMINAL,185.8,169.0,122.4,14316.0,28.7,29.9,914.0,1200,0,0.9433,1.1033,-1.226,-0.87,0.00044
ASTRO_06,61,48,M,96.8,0.955,1.113,NOMINAL,167.6,154.3,116.7,13158.0,31.4,15.2,1069.0,1200,0,0.9431,1.1032,-1.242,-0.883,0.00044
ASTRO_06,62,48,M,96.8,0.955,1.113,NOMINAL,177.0,162.0,128.7,14031.0,31.9,18.0,1161.0,1200,0,0.943,1.1031,-1.259,-0.892,0.00044
ASTRO_06,63,48,M,96.8,0.955,1.113,SCHEDULED_REST,0.0,0.0,0.0,0.0,0.0,0.0,1201.0,1200,0,0.9426,1.1027,-1.303,-0.928,0.00044
ASTRO_06,64,48,M,96.8,0.955,1.113,NOMINAL,152.5,155.0,107.8,12459.0,34.1,15.2,1005.0,800,0,0.9424,1.1026,-1.315,-0.939,0.00044
ASTRO_06,65,48,M,96.8,0.955,1.113,NOMINAL,160.6,160.5,116.9,13140.0,23.1,24.3,1051.0,1200,0,0.9423,1.1024,-1.33,-0.95,0.00044
ASTRO_06,66,48,M,96.8,0.955,1.113,NOMINAL,164.9,148.4,113.9,12816.0,29.8,13.1,1002.0,1200,0,0.9421,1.1023,-1.354,-0.962,0.00044
ASTRO_06,67,48,M,96.8,0.955,1.113,NOMINAL,173.1,149.7,107.8,12918.0,33.4,19.5,1041.0,800,0,0.9419,1.1022,-1.371,-0.974,0.00044
ASTRO_06,68,48,M,96.8,0.955,1.113,NOMINAL,180.8,154.9,118.2,13617.0,27.7,25.7,1247.0,800,0,0.9417,1.102,-1.388,-0.986,0.00044
ASTRO_06,69,48,M,96.8,0.955,1.113,NOMINAL,172.9,166.9,121.9,13851.0,33.7,17.1,1100.0,1200,0,0.9416,1.1019,-1.401,-0.996,0.00044
ASTRO_06,70,48,M,96.8,0.955,1.113,SCHEDULED_REST,0.0,0.0,0.0,0.0,0.0,0.0,869.0,1200,0,0.9411,1.1015,-1.451,-1.031,0.00044
ASTRO_06,71,48,M,96.8,0.955,1.113,NOMINAL,164.3,146.8,120.3,12942.0,30.5,21.6,1121.0,1200,0,0.941,1.1014,-1.47,-1.04,0.00044
ASTRO_06,72,48,M,96.8,0.955,1.113,NOMINAL,153.6,159.1,116.0,12861.0,28.7,24.4,1205.0,1000,0,0.9408,1.1013,-1.49,-1.053,0.00044
ASTRO_06,73,48,M,96.8,0.955,1.113,NOMINAL,189.6,160.1,114.1,13914.0,28.2,13.9,1087.0,800,0,0.9406,1.1011,-1.504,-1.066,0.00044
ASTRO_06,74,48,M,96.8,0.955,1.113,NOMINAL,175.0,138.7,118.9,12978.0,27.5,16.3,926.0,1200,0,0.9405,1.101,-1.523,-1.08,0.00044
ASTRO_06,75,48,M,96.8,0.955,1.113,NOMINAL,173.0,139.1,125.9,13140.0,29.0,19.5,1013.0,1000,0,0.9402,1.1008,-1.545,-1.093,0.00044
ASTRO_06,76,48,M,96.8,0.955,1.113,NOMINAL,170.2,160.4,118.4,13470.0,28.0,6.0,1105.0,1000,0,0.9401,1.1007,-1.559,-1.107,0.00044
ASTRO_06,77,48,M,96.8,0.955,1.113,SCHEDULED_REST,0.0,0.0,0.0,0.0,0.0,0.0,1118.0,1000,0,0.9397,1.1003,-1.606,-1.142,0.00044
ASTRO_06,78,48,M,96.8,0.955,1.113,NOMINAL,158.1,152.4,123.2,13011.0,31.2,25.8,1048.0,1000,0,0.9395,1.1001,-1.62,-1.155,0.00044
ASTRO_06,79,48,M,96.8,0.955,1.113,NOMINAL,152.1,157.1,118.2,12822.0,25.9,17.5,1118.0,1000,0,0.9394,1.1,-1.635,-1.165,0.00044
ASTRO_06,80,48,M,96.8,0.955,1.113,NOMINAL,144.7,146.7,112.7,12123.0,26.8,12.3,1150.0,1200,0,0.9393,1.0999,-1.646,-1.175,0.00044
ASTRO_06,81,48,M,96.8,0.955,1.113,NOMINAL,160.1,155.5,116.5,12963.0,36.7,20.2,1365.0,800,0,0.9391,1.0998,-1.663,-1.186,0.00044
ASTRO_06,82,48,M,96.8,0.955,1.113,NOMINAL,187.9,143.2,125.8,13707.0,28.4,17.3,1110.0,1200,0,0.939,1.0997,-1.679,-1.195,0.00044
ASTRO_06,83,48,M,96.8,0.955,1.113,NOMINAL,156.8,148.7,99.2,12141.0,33.9,22.1,979.0,1000,0,0.9388,1.0995,-1.697,-1.209,0.00044
ASTRO_06,84,48,M,96.8,0.955,1.113,SCHEDULED_REST,0.0,0.0,0.0,0.0,0.0,0.0,1232.0,1000,0,0.9383,1.0991,-1.745,-1.245,0.00044
ASTRO_06,85,48,M,96.8,0.955,1.113,NOMINAL,158.4,151.2,124.5,13023.0,32.5,18.3,1016.0,1000,0,0.9382,1.099,-1.758,-1.26,0.00044
ASTRO_06,86,48,M,96.8,0.955,1.113,NOMINAL,160.8,165.4,122.5,13461.0,33.7,15.1,1294.0,800,0,0.938,1.0988,-1.778,-1.274,0.00044
ASTRO_06,87,48,M,96.8,0.955,1.113,NOMINAL,176.5,151.4,122.3,13506.0,25.9,15.4,1130.0,800,0,0.9378,1.0987,-1.798,-1.283,0.00044
ASTRO_06,88,48,M,96.8,0.955,1.113,NOMINAL,208.6,159.4,116.4,14532.0,25.6,10.5,1240.0,1000,0,0.9377,1.0986,-1.816,-1.29,0.00044
ASTRO_06,89,48,M,96.8,0.955,1.113,NOMINAL,155.3,159.7,123.3,13149.0,29.2,12.8,1068.0,1200,0,0.9375,1.0985,-1.831,-1.306,0.00044
ASTRO_06,90,48,M,96.8,0.955,1.113,NOMINAL,165.4,163.2,107.6,13086.0,27.0,24.0,923.0,1000,0,0.9374,1.0984,-1.844,-1.314,0.00044
ASTRO_06,91,48,M,96.8,0.955,1.113,SCHEDULED_REST,0.0,0.0,0.0,0.0,0.0,0.0,1190.0,1000,0,0.937,1.098,-1.882,-1.35,0.00044
ASTRO_06,92,48,M,96.8,0.955,1.113,NOMINAL,157.4,166.2,113.6,13116.0,35.5,24.0,747.0,1200,0,0.9368,1.0978,-1.901,-1.362,0.00044
ASTRO_06,93,48,M,96.8,0.955,1.113,NOMINAL,144.8,161.1,132.2,13143.0,26.9,31.9,1086.0,1000,0,0.9367,1.0977,-1.915,-1.372,0.00044
ASTRO_06,94,48,M,96.8,0.955,1.113,NOMINAL,191.5,158.7,114.7,13947.0,34.1,27.3,1042.0,1200,0,0.9366,1.0976,-1.926,-1.383,0.00044
ASTRO_06,95,48,M,96.8,0.955,1.113,NOMINAL,181.2,157.2,103.4,13254.0,26.7,17.0,1231.0,800,0,0.9364,1.0975,-1.943,-1.396,0.00044
ASTRO_06,96,48,M,96.8,0.955,1.113,NOMINAL,156.2,154.4,127.7,13149.0,32.7,21.4,1123.0,1200,0,0.9363,1.0974,-1.956,-1.405,0.00044
ASTRO_06,97,48,M,96.8,0.955,1.113,NOMINAL,150.0,154.6,122.7,12819.0,21.2,14.6,1089.0,1200,0,0.9362,1.0973,-1.973,-1.413,0.00044
ASTRO_06,98,48,M,96.8,0.955,1.113,SCHEDULED_REST,0.0,0.0,0.0,0.0,0.0,0.0,1049.0,1000,0,0.9357,1.0969,-2.016,-1.451,0.00044
ASTRO_06,99,48,M,96.8,0.955,1.113,NOMINAL,164.9,155.4,115.2,13065.0,29.1,25.7,1118.0,1000,0,0.9356,1.0967,-2.031,-1.463,0.00044
ASTRO_06,100,48,M,96.8,0.955,1.113,NOMINAL,143.1,149.1,110.9,12093.0,28.5,11.5,1211.0,1000,0,0.9354,1.0966,-2.047,-1.476,0.00044
ASTRO_06,101,48,M,96.8,0.955,1.113,NOMINAL,182.4,154.7,118.2,13659.0,35.6,32.7,1037.0,1000,0,0.9353,1.0965,-2.065,-1.486,0.00044
ASTRO_06,102,48,M,96.8,0.955,1.113,NOMINAL,164.1,182.3,109.9,13689.0,36.9,25.8,1054.0,1000,0,0.9351,1.0964,-2.081,-1.493,0.00044
ASTRO_06,103,48,M,96.8,0.955,1.113,NOMINAL,179.3,154.3,109.0,13278.0,27.7,17.0,1179.0,1200,0,0.935,1.0963,-2.097,-1.504,0.00044
ASTRO_06,104,48,M,96.8,0.955,1.113,NOMINAL,176.8,165.6,106.2,13458.0,28.8,22.4,1118.0,800,0,0.9348,1.0961,-2.112,-1.516,0.00044
ASTRO_06,105,48,M,96.8,0.955,1.113,SCHEDULED_REST,0.0,0.0,0.0,0.0,0.0,0.0,1075.0,1200,0,0.9344,1.0957,-2.158,-1.555,0.00044
ASTRO_06,106,48,M,96.8,0.955,1.113,NOMINAL,167.0,151.7,124.8,13305.0,26.0,19.9,1018.0,1000,0,0.9342,1.0956,-2.179,-1.563,0.00044
ASTRO_06,107,48,M,96.8,0.955,1.113,NOMINAL,180.7,143.3,119.9,13317.0,33.3,20.8,1139.0,1200,0,0.934,1.0955,-2.196,-1.577,0.00044
ASTRO_06,108,48,M,96.8,0.955,1.113,NOMINAL,147.5,153.8,101.4,12081.0,31.0,18.5,1333.0,800,0,0.9339,1.0953,-2.213,-1.586,0.00044
ASTRO_06,109,48,M,96.8,0.955,1.113,NOMINAL,175.3,153.2,127.0,13665.0,20.5,30.3,895.0,1000,0,0.9337,1.0952,-2.227,-1.596,0.00044
ASTRO_06,110,48,M,96.8,0.955,1.113,NOMINAL,189.9,156.0,131.0,14307.0,26.2,19.0,1086.0,1000,0,0.9336,1.0951,-2.245,-1.608,0.00044
ASTRO_06,111,48,M,96.8,0.955,1.113,NOMINAL,173.2,158.1,106.5,13134.0,31.8,19.0,882.0,1200,0,0.9334,1.095,-2.265,-1.62,0.00044
ASTRO_06,112,48,M,96.8,0.955,1.113,SCHEDULED_REST,0.0,0.0,0.0,0.0,15.0,0.0,1071.0,800,0,0.9329,1.0945,-2.314,-1.658,0.00044
ASTRO_06,113,48,M,96.8,0.955,1.113,NOMINAL,177.9,151.6,112.6,13263.0,30.9,20.9,1029.0,1000,0,0.9328,1.0944,-2.329,-1.669,0.00044
ASTRO_06,114,48,M,96.8,0.955,1.113,NOMINAL,166.6,165.6,112.8,13350.0,34.7,15.5,1132.0,1200,0,0.9326,1.0943,-2.348,-1.68,0.00044
ASTRO_06,115,48,M,96.8,0.955,1.113,NOMINAL,166.2,162.7,107.2,13083.0,30.2,12.1,1141.0,1000,0,0.9324,1.0942,-2.363,-1.691,0.00044
ASTRO_06,116,48,M,96.8,0.955,1.113,NOMINAL,158.8,158.8,116.3,13017.0,28.3,20.2,973.0,1000,0,0.9323,1.094,-2.379,-1.704,0.00044
ASTRO_06,117,48,M,96.8,0.955,1.113,NOMINAL,161.0,154.1,128.5,13308.0,27.4,17.0,1157.0,1000,0,0.9321,1.0939,-2.398,-1.716,0.00044
ASTRO_06,118,48,M,96.8,0.955,1.113,NOMINAL,169.5,151.1,119.3,13197.0,23.1,20.6,988.0,800,0,0.932,1.0938,-2.411,-1.725,0.00044
ASTRO_06,119,48,M,96.8,0.955,1.113,SCHEDULED_REST,0.0,0.0,0.0,0.0,0.0,0.0,1000.0,800,0,0.9315,1.0934,-2.459,-1.761,0.00044
ASTRO_06,120,48,M,96.8,0.955,1.113,NOMINAL,166.6,155.3,129.2,13533.0,27.1,23.4,1024.0,1200,0,0.9313,1.0933,-2.479,-1.771,0.00044
ASTRO_06,121,48,M,96.8,0.955,1.113,NOMINAL,167.8,155.4,113.6,13104.0,32.2,25.3,1169.0,800,0,0.9312,1.0931,-2.497,-1.788,0.00044
ASTRO_06,122,48,M,96.8,0.955,1.113,NOMINAL,165.5,135.2,107.6,12249.0,24.4,25.7,1274.0,800,0,0.931,1.093,-2.51,-1.8,0.00044
ASTRO_06,123,48,M,96.8,0.955,1.113,NOMINAL,180.2,149.7,114.9,13344.0,29.3,15.0,892.0,1200,0,0.9308,1.0929,-2.531,-1.808,0.00044
ASTRO_06,124,48,M,96.8,0.955,1.113,NOMINAL,175.7,155.3,129.8,13824.0,34.1,21.8,876.0,800,0,0.9306,1.0927,-2.551,-1.822,0.00044
ASTRO_06,125,48,M,96.8,0.955,1.113,NOMINAL,157.5,146.3,117.3,12633.0,31.9,22.4,1010.0,1000,0,0.9305,1.0926,-2.57,-1.833,0.00044
ASTRO_06,126,48,M,96.8,0.955,1.113,SCHEDULED_REST,0.0,0.0,0.0,0.0,15.0,0.0,1147.0,1000,0,0.93,1.0921,-2.618,-1.875,0.00044
ASTRO_06,127,48,M,96.8,0.955,1.113,NOMINAL,169.0,169.0,118.0,13680.0,30.3,17.2,1266.0,1000,0,0.9298,1.092,-2.637,-1.884,0.00044
ASTRO_06,128,48,M,96.8,0.955,1.113,NOMINAL,162.7,181.9,126.0,14118.0,34.7,25.9,1239.0,1200,0,0.9297,1.0919,-2.653,-1.896,0.00044
ASTRO_06,129,48,M,96.8,0.955,1.113,NOMINAL,178.5,172.5,120.0,14130.0,31.0,18.5,1166.0,800,0,0.9295,1.0918,-2.669,-1.906,0.00044
ASTRO_06,130,48,M,96.8,0.955,1.113,NOMINAL,158.7,167.8,114.0,13215.0,27.7,17.1,1218.0,1000,0,0.9294,1.0917,-2.685,-1.917,0.00044
ASTRO_06,131,48,M,96.8,0.955,1.113,NOMINAL,160.4,138.7,121.2,12609.0,28.9,22.8,1324.0,1000,0,0.9291,1.0916,-2.708,-1.925,0.00044
ASTRO_06,132,48,M,96.8,0.955,1.113,NOMINAL,143.7,141.5,112.7,11937.0,35.9,22.7,951.0,800,0,0.929,1.0915,-2.724,-1.935,0.00044
ASTRO_06,133,48,M,96.8,0.955,1.113,SCHEDULED_REST,0.0,0.0,0.0,0.0,0.0,0.0,911.0,800,0,0.9285,1.091,-2.774,-1.972,0.00044
ASTRO_06,134,48,M,96.8,0.955,1.113,NOMINAL,173.3,175.0,115.9,13926.0,35.9,15.8,1041.0,1200,0,0.9284,1.0909,-2.786,-1.984,0.00044
ASTRO_06,135,48,M,96.8,0.955,1.113,NOMINAL,154.2,160.6,135.9,13521.0,29.6,24.8,981.0,1000,0,0.9282,1.0908,-2.811,-1.996,0.00044
ASTRO_06,136,48,M,96.8,0.955,1.113,NOMINAL,160.6,161.7,121.7,13320.0,23.3,22.2,1091.0,1000,0,0.928,1.0907,-2.823,-2.005,0.00044
ASTRO_06,137,48,M,96.8,0.955,1.113,NOMINAL,154.4,143.2,126.4,12720.0,25.5,22.5,1026.0,800,0,0.9279,1.0905,-2.841,-2.019,0.00044
ASTRO_06,138,48,M,96.8,0.955,1.113,NOMINAL,173.6,164.8,127.8,13986.0,27.5,14.4,1050.0,1000,0,0.9278,1.0904,-2.852,-2.028,0.00044
ASTRO_06,139,48,M,96.8,0.955,1.113,NOMINAL,162.5,142.5,125.7,12921.0,33.4,23.5,1090.0,1000,0,0.9277,1.0903,-2.864,-2.038,0.00044
ASTRO_06,140,48,M,96.8,0.955,1.113,SCHEDULED_REST,0.0,0.0,0.0,0.0,0.0,0.0,1061.0,1000,0,0.9272,1.0899,-2.907,-2.075,0.00044
ASTRO_06,141,48,M,96.8,0.955,1.113,NOMINAL,171.1,156.9,107.8,13074.0,33.1,16.8,1124.0,1200,0,0.9271,1.0898,-2.925,-2.084,0.00044
ASTRO_06,142,48,M,96.8,0.955,1.113,NOMINAL,167.1,161.1,114.5,13281.0,25.8,24.3,1253.0,800,0,0.927,1.0896,-2.934,-2.098,0.00044
ASTRO_06,143,48,M,96.8,0.955,1.113,NOMINAL,177.8,163.6,118.8,13806.0,25.5,26.9,1344.0,1000,0,0.9268,1.0895,-2.95,-2.11,0.00044
ASTRO_06,144,48,M,96.8,0.955,1.113,NOMINAL,139.7,155.6,125.3,12618.0,30.4,19.6,1117.0,800,0,0.9266,1.0893,-2.969,-2.127,0.00044
ASTRO_06,145,48,M,96.8,0.955,1.113,NOMINAL,154.1,143.5,117.9,12465.0,35.1,19.4,1202.0,1000,0,0.9265,1.0892,-2.984,-2.141,0.00044
ASTRO_06,146,48,M,96.8,0.955,1.113,NOMINAL,175.4,172.3,121.5,14076.0,30.8,22.0,1270.0,800,0,0.9263,1.089,-3.003,-2.155,0.00044
ASTRO_06,147,48,M,96.8,0.955,1.113,SCHEDULED_REST,0.0,0.0,0.0,0.0,0.0,0.0,895.0,1000,0,0.9259,1.0886,-3.049,-2.189,0.00044
ASTRO_06,148,48,M,96.8,0.955,1.113,NOMINAL,153.9,176.7,103.8,13032.0,28.1,15.8,1067.0,1200,0,0.9257,1.0885,-3.065,-2.205,0.00044
ASTRO_06,149,48,M,96.8,0.955,1.113,NOMINAL,147.1,157.3,114.3,12561.0,32.9,19.7,1081.0,1000,0,0.9255,1.0883,-3.087,-2.217,0.00044
ASTRO_06,150,48,M,96.8,0.955,1.113,NOMINAL,170.3,152.5,128.0,13524.0,24.1,16.2,1282.0,1200,0,0.9253,1.0882,-3.109,-2.225,0.00044
ASTRO_06,151,48,M,96.8,0.955,1.113,NOMINAL,172.9,156.2,113.3,13272.0,21.8,25.7,973.0,800,0,0.9252,1.0881,-3.124,-2.236,0.00044
ASTRO_06,152,48,M,96.8,0.955,1.113,NOMINAL,159.9,167.6,112.2,13191.0,31.2,20.8,1275.0,1000,0,0.925,1.088,-3.141,-2.246,0.00044
ASTRO_06,153,48,M,96.8,0.955,1.113,NOMINAL,181.4,153.8,115.4,13518.0,32.3,22.1,1047.0,800,0,0.9249,1.0879,-3.153,-2.257,0.00044
ASTRO_06,154,48,M,96.8,0.955,1.113,SCHEDULED_REST,0.0,0.0,0.0,0.0,0.0,0.0,1005.0,1200,0,0.9245,1.0875,-3.197,-2.295,0.00044
ASTRO_06,155,48,M,96.8,0.955,1.113,NOMINAL,168.9,157.9,122.7,13485.0,33.0,21.3,787.0,1000,0,0.9243,1.0873,-3.213,-2.308,0.00044
ASTRO_06,156,48,M,96.8,0.955,1.113,NOMINAL,153.5,161.4,131.0,13377.0,28.0,15.6,1136.0,1000,0,0.9242,1.0872,-3.227,-2.32,0.00044
ASTRO_06,157,48,M,96.8,0.955,1.113,NOMINAL,171.1,152.7,113.9,13131.0,30.8,16.3,1076.0,1200,0,0.924,1.0871,-3.245,-2.331,0.00044
ASTRO_06,158,48,M,96.8,0.955,1.113,NOMINAL,164.5,143.3,101.6,12282.0,27.9,24.5,1251.0,1200,0,0.9239,1.0869,-3.259,-2.341,0.00044
ASTRO_06,159,48,M,96.8,0.955,1.113,NOMINAL,161.9,147.4,125.3,13038.0,27.1,20.3,1091.0,1000,0,0.9237,1.0868,-3.28,-2.351,0.00044
ASTRO_06,160,48,M,96.8,0.955,1.113,NOMINAL,177.0,156.3,118.8,13563.0,30.3,23.4,1138.0,800,0,0.9235,1.0867,-3.297,-2.363,0.00044
ASTRO_06,161,48,M,96.8,0.955,1.113,SCHEDULED_REST,0.0,0.0,0.0,0.0,0.0,0.0,984.0,800,0,0.923,1.0863,-3.349,-2.399,0.00044
ASTRO_06,162,48,M,96.8,0.955,1.113,NOMINAL,154.2,147.4,122.8,12732.0,30.3,25.6,1201.0,1000,0,0.9228,1.0862,-3.367,-2.411,0.00044
ASTRO_06,163,48,M,96.8,0.955,1.113,NOMINAL,156.5,158.0,122.0,13095.0,27.9,19.3,854.0,1200,0,0.9228,1.086,-3.377,-2.422,0.00044
ASTRO_06,164,48,M,96.8,0.955,1.113,NOMINAL,174.4,161.7,103.3,13182.0,28.4,17.4,1200.0,800,0,0.9226,1.0859,-3.388,-2.435,0.00044
ASTRO_06,165,48,M,96.8,0.955,1.113,NOMINAL,147.8,134.9,115.0,11931.0,27.3,21.0,1116.0,1200,0,0.9225,1.0858,-3.4,-2.448,0.00044
ASTRO_06,166,48,M,96.8,0.955,1.113,NOMINAL,184.5,152.1,109.1,13371.0,31.0,14.2,1157.0,1200,0,0.9223,1.0856,-3.423,-2.463,0.00044
ASTRO_06,167,48,M,96.8,0.955,1.113,NOMINAL,191.5,159.9,116.2,14028.0,28.4,11.2,1219.0,1200,0,0.9221,1.0854,-3.442,-2.475,0.00044
ASTRO_06,168,48,M,96.8,0.955,1.113,SCHEDULED_REST,0.0,0.0,0.0,0.0,15.0,0.0,944.0,1000,0,0.9216,1.0851,-3.492,-2.51,0.00044
ASTRO_06,169,48,M,96.8,0.955,1.113,NOMINAL,172.9,158.3,115.1,13389.0,29.7,18.7,1064.0,1200,0,0.9215,1.0849,-3.507,-2.521,0.00044
ASTRO_06,170,48,M,96.8,0.955,1.113,NOMINAL,183.4,142.8,109.9,13083.0,24.7,22.1,1232.0,1000,0,0.9213,1.0849,-3.529,-2.529,0.00044
ASTRO_06,171,48,M,96.8,0.955,1.113,NOMINAL,170.2,162.2,125.5,13737.0,32.2,18.1,1032.0,1200,0,0.9211,1.0847,-3.546,-2.539,0.00044
ASTRO_06,172,48,M,96.8,0.955,1.113,NOMINAL,158.0,157.7,122.7,13152.0,28.0,20.6,940.0,800,0,0.921,1.0846,-3.561,-2.55,0.00044
ASTRO_06,173,48,M,96.8,0.955,1.113,NOMINAL,145.1,154.6,114.0,12411.0,31.5,15.8,1060.0,1000,0,0.9208,1.0845,-3.583,-2.56,0.00044
ASTRO_06,174,48,M,96.8,0.955,1.113,NOMINAL,183.7,145.0,107.8,13095.0,35.6,19.4,993.0,1000,0,0.9207,1.0844,-3.596,-2.571,0.00044
ASTRO_06,175,48,M,96.8,0.955,1.113,SCHEDULED_REST,0.0,0.0,0.0,0.0,15.0,0.0,1078.0,1200,0,0.9202,1.084,-3.641,-2.61,0.00044
ASTRO_06,176,48,M,96.8,0.955,1.113,NOMINAL,173.9,158.7,108.2,13224.0,31.5,17.3,1190.0,800,0,0.9201,1.0838,-3.659,-2.62,0.00044
ASTRO_06,177,48,M,96.8,0.955,1.113,NOMINAL,129.2,157.4,118.6,12156.0,25.5,21.6,1123.0,1000,0,0.9199,1.0837,-3.678,-2.634,0.00044
ASTRO_06,178,48,M,96.8,0.955,1.113,NOMINAL,163.8,163.9,114.0,13251.0,28.8,18.5,1222.0,800,0,0.9197,1.0836,-3.695,-2.644,0.00044
ASTRO_06,179,48,M,96.8,0.955,1.113,NOMINAL,171.5,150.7,115.3,13125.0,28.6,20.6,998.0,800,0,0.9196,1.0834,-3.71,-2.656,0.00044
ASTRO_06,180,48,M,96.8,0.955,1.113,NOMINAL,164.1,168.6,115.4,13443.0,33.3,18.9,1300.0,1000,0,0.9194,1.0833,-3.727,-2.67,0.00044
ASTRO_07,1,55,M,83.7,1.121,1.059,NOMINAL,164.3,142.8,99.2,12189.0,22.7,19.9,1112.0,1200,0,1.1208,1.0589,-0.019,-0.01,0.00043
ASTRO_07,2,55,M,83.7,1.121,1.059,NOMINAL,144.8,136.2,93.2,11226.0,31.3,15.4,1211.0,800,0,1.1206,1.0588,-0.037,-0.023,0.00043
ASTRO_07,3,55,M,83.7,1.121,1.059,NOMINAL,157.3,132.7,109.8,11994.0,28.9,13.6,1145.0,1000,0,1.1205,1.0586,-0.049,-0.036,0.00043
ASTRO_07,4,55,M,83.7,1.121,1.059,NOMINAL,137.8,136.5,106.6,11427.0,37.0,12.0,1187.0,1200,0,1.1203,1.0585,-0.067,-0.047,0.00043
ASTRO_07,5,55,M,83.7,1.121,1.059,NOMINAL,145.6,140.9,96.9,11502.0,34.3,21.5,1018.0,800,0,1.12,1.0584,-0.085,-0.06,0.00043
ASTRO_07,6,55,M,83.7,1.121,1.059,NOMINAL,147.1,134.4,111.1,11778.0,29.4,10.5,1525.0,1000,0,1.1199,1.0582,-0.098,-0.073,0.00043
ASTRO_07,7,55,M,83.7,1.121,1.059,SCHEDULED_REST,0.0,0.0,0.0,0.0,0.0,0.0,1058.0,1200,0,1.1194,1.0578,-0.138,-0.113,0.00043
ASTRO_07,8,55,M,83.7,1.121,1.059,NOMINAL,111.2,131.1,100.0,10269.0,29.1,21.2,1068.0,800,0,1.1193,1.0577,-0.154,-0.123,0.00043
ASTRO_07,9,55,M,83.7,1.121,1.059,NOMINAL,134.3,121.2,95.3,10524.0,40.1,13.7,1121.0,800,0,1.1191,1.0575,-0.172,-0.139,0.00043
ASTRO_07,10,55,M,83.7,1.121,1.059,NOMINAL,136.2,135.9,104.2,11289.0,33.2,13.5,1063.0,1200,0,1.1189,1.0574,-0.184,-0.151,0.00043
ASTRO_07,11,55,M,83.7,1.121,1.059,NOMINAL,140.9,118.8,102.2,10857.0,30.6,19.8,1145.0,800,0,1.1188,1.0572,-0.196,-0.167,0.00043
ASTRO_07,12,55,M,83.7,1.121,1.059,NOMINAL,163.0,154.5,112.8,12909.0,28.7,14.2,972.0,800,0,1.1186,1.0571,-0.215,-0.178,0.00043
ASTRO_07,13,55,M,83.7,1.121,1.059,NOMINAL,147.0,130.1,102.9,11400.0,31.1,19.5,979.0,1000,0,1.1184,1.057,-0.23,-0.19,0.00043
ASTRO_07,14,55,M,83.7,1.121,1.059,SCHEDULED_REST,0.0,0.0,0.0,0.0,0.0,0.0,1189.0,1000,0,1.118,1.0566,-0.27,-0.229,0.00043
ASTRO_07,15,55,M,83.7,1.121,1.059,NOMINAL,144.9,140.5,119.5,12147.0,30.2,13.8,901.0,1000,0,1.1178,1.0565,-0.289,-0.239,0.00043
ASTRO_07,16,55,M,83.7,1.121,1.059,NOMINAL,150.3,126.5,103.9,11421.0,33.3,20.6,1013.0,1000,0,1.1176,1.0563,-0.307,-0.253,0.00043
ASTRO_07,17,55,M,83.7,1.121,1.059,NOMINAL,151.0,134.7,102.6,11649.0,28.5,14.0,1022.0,1000,0,1.1174,1.0562,-0.322,-0.263,0.00043
ASTRO_07,18,55,M,83.7,1.121,1.059,NOMINAL,164.4,141.2,99.8,12162.0,35.5,9.0,929.0,800,0,1.1172,1.0561,-0.336,-0.274,0.00043
ASTRO_07,19,55,M,83.7,1.121,1.059,NOMINAL,155.1,139.9,108.1,12093.0,36.4,25.5,1124.0,800,0,1.117,1.056,-0.356,-0.287,0.00043
ASTRO_07,20,55,M,83.7,1.121,1.059,NOMINAL,130.3,121.4,108.7,10812.0,23.1,20.5,1090.0,1000,0,1.1168,1.0558,-0.372,-0.303,0.00043
ASTRO_07,21,55,M,83.7,1.121,1.059,SCHEDULED_REST,0.0,0.0,0.0,0.0,0.0,0.0,1213.0,1200,0,1.1164,1.0553,-0.413,-0.345,0.00043
ASTRO_07,22,55,M,83.7,1.121,1.059,NOMINAL,152.9,148.7,68.0,11088.0,29.9,19.4,1109.0,1200,0,1.1163,1.0552,-0.423,-0.359,0.00043
ASTRO_07,23,55,M,83.7,1.121,1.059,NOMINAL,143.9,140.6,109.0,11805.0,33.8,19.7,950.0,1200,0,1.1161,1.0551,-0.441,-0.373,0.00043
ASTRO_07,24,55,M,83.7,1.121,1.059,NOMINAL,145.6,140.2,91.2,11310.0,34.4,18.1,1251.0,800,0,1.1159,1.0549,-0.457,-0.385,0.00043
ASTRO_07,25,55,M,83.7,1.121,1.059,NOMINAL,148.1,128.5,109.8,11592.0,26.6,11.9,971.0,800,0,1.1157,1.0548,-0.469,-0.398,0.00043
ASTRO_07,26,55,M,83.7,1.121,1.059,NOMINAL,143.5,112.5,98.9,10647.0,32.9,19.3,1131.0,1200,0,1.1156,1.0547,-0.483,-0.41,0.00043
ASTRO_07,27,55,M,83.7,1.121,1.059,NOMINAL,154.7,140.0,104.3,11970.0,30.4,19.3,1222.0,1000,0,1.1154,1.0545,-0.498,-0.423,0.00043
ASTRO_07,28,55,M,83.7,1.121,1.059,SCHEDULED_REST,0.0,0.0,0.0,0.0,0.0,0.0,1066.0,800,0,1.115,1.0541,-0.533,-0.466,0.00043
ASTRO_07,29,55,M,83.7,1.121,1.059,NOMINAL,148.0,142.8,88.8,11388.0,26.3,26.1,1164.0,800,0,1.1149,1.0539,-0.549,-0.478,0.00043
ASTRO_07,30,55,M,83.7,1.121,1.059,NOMINAL,147.9,134.9,103.0,11574.0,32.0,13.9,1063.0,1200,0,1.1147,1.0538,-0.562,-0.487,0.00043
ASTRO_07,31,55,M,83.7,1.121,1.059,NOMINAL,138.4,129.3,100.6,11049.0,23.6,16.5,1093.0,800,0,1.1145,1.0537,-0.577,-0.501,0.00043
ASTRO_07,32,55,M,83.7,1.121,1.059,NOMINAL,136.0,139.4,106.1,11445.0,28.3,12.4,1397.0,1200,0,1.1144,1.0535,-0.593,-0.515,0.00043
ASTRO_07,33,55,M,83.7,1.121,1.059,NOMINAL,149.7,124.0,111.1,11544.0,23.3,16.0,1301.0,800,0,1.1142,1.0534,-0.606,-0.53,0.00043
ASTRO_07,34,55,M,83.7,1.121,1.059,NOMINAL,145.8,122.8,95.6,10926.0,31.9,24.1,1194.0,1000,0,1.1141,1.0532,-0.619,-0.544,0.00043
ASTRO_07,35,55,M,83.7,1.121,1.059,SCHEDULED_REST,0.0,0.0,0.0,0.0,0.0,0.0,1027.0,1200,0,1.1136,1.0528,-0.659,-0.584,0.00043
ASTRO_07,36,55,M,83.7,1.121,1.059,NOMINAL,133.1,107.4,90.1,9918.0,33.5,27.3,1262.0,1000,0,1.1135,1.0527,-0.672,-0.594,0.00043
ASTRO_07,37,55,M,83.7,1.121,1.059,NOMINAL,142.2,117.2,106.9,10989.0,36.2,17.9,1181.0,1000,0,1.1133,1.0526,-0.687,-0.608,0.00043
ASTRO_07,38,55,M,83.7,1.121,1.059,NOMINAL,142.1,134.2,105.9,11466.0,31.4,24.6,1337.0,1000,0,1.1131,1.0524,-0.704,-0.621,0.00043
ASTRO_07,39,55,M,83.7,1.121,1.059,NOMINAL,140.0,126.5,97.4,10917.0,34.5,20.7,958.0,800,0,1.113,1.0523,-0.716,-0.635,0.00043
ASTRO_07,40,55,M,83.7,1.121,1.059,NOMINAL,148.4,143.1,107.5,11970.0,25.3,23.4,1237.0,1000,0,1.1128,1.0522,-0.732,-0.646,0.00043
ASTRO_07,41,55,M,83.7,1.121,1.059,NOMINAL,163.9,149.6,98.0,12345.0,30.8,17.5,977.0,1000,0,1.1126,1.052,-0.749,-0.658,0.00043
ASTRO_07,42,55,M,83.7,1.121,1.059,SCHEDULED_REST,0.0,0.0,0.0,0.0,0.0,0.0,1030.0,1200,0,1.1122,1.0516,-0.788,-0.698,0.00043
ASTRO_07,43,55,M,83.7,1.121,1.059,NOMINAL,177.8,140.0,106.2,12720.0,26.9,22.5,1073.0,1000,0,1.112,1.0515,-0.8,-0.709,0.00043
ASTRO_07,44,55,M,83.7,1.121,1.059,NOMINAL,151.3,128.7,97.5,11325.0,27.9,22.5,1059.0,1200,0,1.1119,1.0514,-0.812,-0.722,0.00043
ASTRO_07,45,55,M,83.7,1.121,1.059,NOMINAL,145.5,134.1,93.0,11178.0,30.3,27.0,1153.0,1000,0,1.1117,1.0512,-0.828,-0.735,0.00043
ASTRO_07,46,55,M,83.7,1.121,1.059,NOMINAL,131.5,154.0,107.9,11802.0,19.8,26.7,924.0,1200,0,1.1115,1.0511,-0.844,-0.746,0.00043
ASTRO_07,47,55,M,83.7,1.121,1.059,NOMINAL,149.6,149.4,101.1,12003.0,25.9,25.9,1031.0,800,0,1.1114,1.051,-0.86,-0.757,0.00043
ASTRO_07,48,55,M,83.7,1.121,1.059,NOMINAL,162.2,148.1,100.2,12315.0,30.6,25.6,920.0,800,0,1.1112,1.0508,-0.876,-0.77,0.00043
ASTRO_07,49,55,M,83.7,1.121,1.059,SCHEDULED_REST,0.0,0.0,0.0,0.0,15.0,0.0,1018.0,1000,0,1.1107,1.0504,-0.916,-0.811,0.00043
ASTRO_07,50,55,M,83.7,1.121,1.059,NOMINAL,144.1,133.2,104.9,11466.0,34.6,28.4,1010.0,800,0,1.1105,1.0502,-0.936,-0.827,0.00043
ASTRO_07,51,55,M,83.7,1.121,1.059,NOMINAL,145.0,130.1,99.0,11223.0,31.3,23.2,1302.0,1200,0,1.1103,1.0501,-0.953,-0.841,0.00043
ASTRO_07,52,55,M,83.7,1.121,1.059,NOMINAL,142.5,144.8,98.4,11571.0,32.4,21.7,984.0,1200,0,1.1102,1.05,-0.967,-0.852,0.00043
ASTRO_07,53,55,M,83.7,1.121,1.059,NOMINAL,139.4,128.6,105.6,11208.0,32.9,18.0,910.0,1200,0,1.11,1.0499,-0.983,-0.863,0.00043
ASTRO_07,54,55,M,83.7,1.121,1.059,NOMINAL,152.1,128.0,115.2,11859.0,35.3,17.1,1326.0,1000,0,1.1098,1.0497,-0.997,-0.877,0.00043
ASTRO_07,55,55,M,83.7,1.121,1.059,NOMINAL,144.7,130.3,96.3,11139.0,28.0,25.0,1144.0,800,0,1.1096,1.0496,-1.017,-0.889,0.00043
ASTRO_07,56,55,M,83.7,1.121,1.059,ARED_POWER_OFFLINE,0.0,0.0,0.0,0.0,0.0,0.0,994.0,1200,0,1.1092,1.0492,-1.055,-0.928,0.00043
ASTRO_07,57,55,M,83.7,1.121,1.059,ARED_POWER_OFFLINE,0.0,0.0,0.0,0.0,0.0,0.0,1135.0,800,0,1.1088,1.0488,-1.092,-0.966,0.00043
ASTRO_07,58,55,M,83.7,1.121,1.059,ARED_POWER_OFFLINE,0.0,0.0,0.0,0.0,0.0,0.0,1038.0,1200,0,1.1083,1.0484,-1.132,-1.003,0.00043
ASTRO_07,59,55,M,83.7,1.121,1.059,ARED_POWER_OFFLINE,0.0,0.0,0.0,0.0,0.0,0.0,1126.0,1200,0,1.1078,1.048,-1.174,-1.038,0.00043
ASTRO_07,60,55,M,83.7,1.121,1.059,ARED_POWER_OFFLINE,0.0,0.0,0.0,0.0,0.0,0.0,952.0,800,0,1.1074,1.0476,-1.213,-1.076,0.00043
ASTRO_07,61,55,M,83.7,1.121,1.059,ARED_POWER_OFFLINE,0.0,0.0,0.0,0.0,0.0,0.0,981.0,1200,0,1.1069,1.0472,-1.256,-1.115,0.00043
ASTRO_07,62,55,M,83.7,1.121,1.059,NOMINAL,143.8,142.2,99.6,11568.0,23.0,18.7,983.0,800,0,1.1068,1.0471,-1.27,-1.126,0.00043
ASTRO_07,63,55,M,83.7,1.121,1.059,SCHEDULED_REST,0.0,0.0,0.0,0.0,15.0,0.0,1092.0,800,0,1.1063,1.0467,-1.31,-1.163,0.00043
ASTRO_07,64,55,M,83.7,1.121,1.059,NOMINAL,143.0,138.1,95.4,11295.0,30.9,23.9,1012.0,1200,0,1.1062,1.0466,-1.325,-1.174,0.00043
ASTRO_07,65,55,M,83.7,1.121,1.059,NOMINAL,141.5,136.2,103.9,11448.0,28.7,15.9,1020.0,1200,0,1.106,1.0464,-1.34,-1.186,0.00043
ASTRO_07,66,55,M,83.7,1.121,1.059,NOMINAL,143.1,127.0,109.3,11382.0,31.0,19.7,1150.0,1200,0,1.1059,1.0463,-1.351,-1.201,0.00043
ASTRO_07,67,55,M,83.7,1.121,1.059,NOMINAL,156.5,127.0,94.3,11334.0,32.7,22.7,963.0,1200,0,1.1057,1.0462,-1.367,-1.211,0.00043
ASTRO_07,68,55,M,83.7,1.121,1.059,NOMINAL,139.3,136.6,102.1,11340.0,29.8,17.8,1147.0,1200,0,1.1055,1.0461,-1.381,-1.219,0.00043
ASTRO_07,69,55,M,83.7,1.121,1.059,NOMINAL,148.5,139.0,80.0,11025.0,31.0,13.0,1042.0,1200,0,1.1054,1.046,-1.395,-1.232,0.00043
ASTRO_07,70,55,M,83.7,1.121,1.059,SCHEDULED_REST,0.0,0.0,0.0,0.0,15.0,0.0,1322.0,1200,0,1.105,1.0455,-1.43,-1.271,0.00043
ASTRO_07,71,55,M,83.7,1.121,1.059,NOMINAL,144.4,146.7,84.0,11253.0,31.0,20.4,1084.0,1200,0,1.1048,1.0454,-1.447,-1.283,0.00043
ASTRO_07,72,55,M,83.7,1.121,1.059,NOMINAL,151.1,131.9,102.4,11562.0,28.3,20.2,1154.0,1200,0,1.1047,1.0452,-1.458,-1.3,0.00043
ASTRO_07,73,55,M,83.7,1.121,1.059,NOMINAL,153.5,139.6,96.1,11676.0,23.6,18.1,1188.0,1200,0,1.1045,1.0451,-1.469,-1.314,0.00043
ASTRO_07,74,55,M,83.7,1.121,1.059,NOMINAL,150.4,135.7,99.2,11559.0,33.2,26.2,917.0,800,0,1.1043,1.0449,-1.486,-1.327,0.00043
ASTRO_07,75,55,M,83.7,1.121,1.059,NOMINAL,133.5,122.6,108.5,10938.0,29.2,25.8,1172.0,1000,0,1.1042,1.0448,-1.5,-1.34,0.00043
ASTRO_07,76,55,M,83.7,1.121,1.059,NOMINAL,135.4,139.8,105.3,11415.0,27.1,26.2,1369.0,1200,0,1.104,1.0447,-1.518,-1.352,0.00043
ASTRO_07,77,55,M,83.7,1.121,1.059,SCHEDULED_REST,0.0,0.0,0.0,0.0,0.0,0.0,850.0,1200,0,1.1036,1.0443,-1.55,-1.392,0.00043
ASTRO_07,78,55,M,83.7,1.121,1.059,NOMINAL,133.8,124.5,110.2,11055.0,27.2,15.7,1128.0,1200,0,1.1035,1.0441,-1.565,-1.407,0.00043
ASTRO_07,79,55,M,83.7,1.121,1.059,NOMINAL,163.2,131.3,98.6,11793.0,24.3,23.6,1202.0,1000,0,1.1033,1.0439,-1.581,-1.424,0.00043
ASTRO_07,80,55,M,83.7,1.121,1.059,NOMINAL,149.9,125.5,87.6,10890.0,33.0,14.6,1059.0,1000,0,1.1031,1.0438,-1.595,-1.437,0.00043
ASTRO_07,81,55,M,83.7,1.121,1.059,NOMINAL,154.0,127.7,88.0,11091.0,35.6,17.3,1063.0,1200,0,1.1029,1.0436,-1.61,-1.45,0.00043
ASTRO_07,82,55,M,83.7,1.121,1.059,NOMINAL,140.8,158.5,98.0,11919.0,27.8,20.6,1217.0,1000,0,1.1028,1.0435,-1.622,-1.463,0.00043
ASTRO_07,83,55,M,83.7,1.121,1.059,NOMINAL,147.6,140.3,106.9,11844.0,29.8,20.0,1160.0,800,0,1.1027,1.0434,-1.635,-1.476,0.00043
ASTRO_07,84,55,M,83.7,1.121,1.059,SCHEDULED_REST,0.0,0.0,0.0,0.0,0.0,0.0,881.0,800,0,1.1023,1.043,-1.671,-1.514,0.00043
ASTRO_07,85,55,M,83.7,1.121,1.059,NOMINAL,173.9,125.3,116.8,12480.0,38.0,19.5,1064.0,1000,0,1.1021,1.0428,-1.687,-1.526,0.00043
ASTRO_07,86,55,M,83.7,1.121,1.059,NOMINAL,129.8,131.0,94.8,10668.0,27.4,8.7,899.0,800,0,1.1019,1.0427,-1.703,-1.538,0.00043
ASTRO_07,87,55,M,83.7,1.121,1.059,NOMINAL,127.5,132.5,88.6,10458.0,28.8,23.5,1081.0,1200,0,1.1017,1.0426,-1.72,-1.549,0.00043
ASTRO_07,88,55,M,83.7,1.121,1.059,NOMINAL,153.2,135.8,112.6,12048.0,31.7,26.5,1173.0,1200,0,1.1015,1.0424,-1.739,-1.564,0.00043
ASTRO_07,89,55,M,83.7,1.121,1.059,NOMINAL,153.2,150.1,97.0,12009.0,27.0,19.5,1156.0,800,0,1.1013,1.0423,-1.755,-1.578,0.00043
ASTRO_07,90,55,M,83.7,1.121,1.059,NOMINAL,159.7,148.5,95.2,12102.0,36.6,24.9,1068.0,1200,0,1.1011,1.0422,-1.776,-1.589,0.00043
ASTRO_07,91,55,M,83.7,1.121,1.059,SCHEDULED_REST,0.0,0.0,0.0,0.0,15.0,0.0,1258.0,1000,0,1.1006,1.0418,-1.816,-1.625,0.00043
ASTRO_07,92,55,M,83.7,1.121,1.059,NOMINAL,155.5,131.2,114.1,12024.0,24.8,19.0,1133.0,1000,0,1.1005,1.0417,-1.831,-1.634,0.00043
ASTRO_07,93,55,M,83.7,1.121,1.059,NOMINAL,152.0,133.0,95.3,11409.0,26.0,14.5,979.0,1000,0,1.1003,1.0416,-1.847,-1.645,0.00043
ASTRO_07,94,55,M,83.7,1.121,1.059,NOMINAL,152.1,134.0,104.8,11727.0,26.8,27.8,1219.0,1000,0,1.1001,1.0415,-1.862,-1.656,0.00043
ASTRO_07,95,55,M,83.7,1.121,1.059,NOMINAL,141.5,133.7,93.2,11052.0,20.8,19.3,1067.0,1200,0,1.1,1.0413,-1.876,-1.671,0.00043
ASTRO_07,96,55,M,83.7,1.121,1.059,NOMINAL,143.6,137.4,112.1,11793.0,30.0,22.1,988.0,800,0,1.0998,1.0412,-1.893,-1.683,0.00043
ASTRO_07,97,55,M,83.7,1.121,1.059,NOMINAL,148.2,118.8,100.4,11022.0,32.5,18.1,806.0,1000,0,1.0996,1.041,-1.909,-1.698,0.00043
ASTRO_07,98,55,M,83.7,1.121,1.059,SCHEDULED_REST,0.0,0.0,0.0,0.0,15.0,0.0,1241.0,1200,0,1.0991,1.0406,-1.951,-1.736,0.00043
ASTRO_07,99,55,M,83.7,1.121,1.059,NOMINAL,135.2,137.2,97.5,11097.0,35.9,17.8,1111.0,800,0,1.099,1.0405,-1.965,-1.749,0.00043
ASTRO_07,100,55,M,83.7,1.121,1.059,NOMINAL,166.9,131.0,105.5,12102.0,30.1,33.8,738.0,800,0,1.0988,1.0404,-1.981,-1.76,0.00043
ASTRO_07,101,55,M,83.7,1.121,1.059,NOMINAL,154.1,139.5,100.8,11832.0,31.4,17.2,1064.0,1200,0,1.0986,1.0402,-1.998,-1.772,0.00043
ASTRO_07,102,55,M,83.7,1.121,1.059,NOMINAL,124.9,155.8,104.6,11559.0,31.5,10.6,1039.0,1000,0,1.0984,1.0401,-2.015,-1.785,0.00043
ASTRO_07,103,55,M,83.7,1.121,1.059,NOMINAL,149.4,148.2,103.4,12030.0,30.7,19.8,962.0,800,0,1.0982,1.04,-2.03,-1.796,0.00043
ASTRO_07,104,55,M,83.7,1.121,1.059,NOMINAL,125.7,152.8,85.0,10905.0,34.6,20.3,969.0,800,0,1.0981,1.0398,-2.044,-1.809,0.00043
ASTRO_07,105,55,M,83.7,1.121,1.059,SCHEDULED_REST,0.0,0.0,0.0,0.0,0.0,0.0,1217.0,1200,0,1.0976,1.0394,-2.088,-1.848,0.00043
ASTRO_07,106,55,M,83.7,1.121,1.059,NOMINAL,138.3,126.9,103.5,11061.0,34.5,19.3,1125.0,800,0,1.0974,1.0393,-2.103,-1.861,0.00043
ASTRO_07,107,55,M,83.7,1.121,1.059,NOMINAL,153.8,130.2,95.9,11397.0,33.6,17.9,1035.0,1200,0,1.0973,1.0392,-2.116,-1.873,0.00043
ASTRO_07,108,55,M,83.7,1.121,1.059,NOMINAL,151.8,145.5,97.7,11850.0,35.7,11.4,1229.0,1200,0,1.0972,1.0391,-2.125,-1.883,0.00043
ASTRO_07,109,55,M,83.7,1.121,1.059,NOMINAL,157.4,145.6,92.4,11862.0,25.1,14.5,1260.0,800,0,1.097,1.0389,-2.141,-1.896,0.00043
ASTRO_07,110,55,M,83.7,1.121,1.059,NOMINAL,162.1,131.8,88.2,11463.0,24.1,19.9,1060.0,1200,0,1.0968,1.0388,-2.158,-1.911,0.00043
ASTRO_07,111,55,M,83.7,1.121,1.059,NOMINAL,152.2,139.6,95.5,11619.0,25.6,27.8,1130.0,1200,0,1.0967,1.0386,-2.171,-1.925,0.00043
ASTRO_07,112,55,M,83.7,1.121,1.059,SCHEDULED_REST,0.0,0.0,0.0,0.0,0.0,0.0,1052.0,1000,0,1.0963,1.0382,-2.207,-1.965,0.00043
ASTRO_07,113,55,M,83.7,1.121,1.059,NOMINAL,132.5,137.2,107.7,11322.0,28.8,23.8,1214.0,1200,0,1.0961,1.038,-2.222,-1.979,0.00043
ASTRO_07,114,55,M,83.7,1.121,1.059,NOMINAL,131.3,132.7,103.1,11013.0,22.0,26.8,950.0,1200,0,1.0959,1.0379,-2.239,-1.992,0.00043
ASTRO_07,115,55,M,83.7,1.121,1.059,NOMINAL,154.1,149.1,111.7,12447.0,27.2,11.7,1024.0,800,0,1.0958,1.0378,-2.251,-2.002,0.00043
ASTRO_07,116,55,M,83.7,1.121,1.059,NOMINAL,149.5,122.7,100.1,11169.0,33.9,13.7,1176.0,1200,0,1.0957,1.0377,-2.26,-2.012,0.00043
ASTRO_07,117,55,M,83.7,1.121,1.059,NOMINAL,149.8,144.0,93.9,11631.0,24.7,11.2,1231.0,1000,0,1.0955,1.0376,-2.273,-2.023,0.00043
ASTRO_07,118,55,M,83.7,1.121,1.059,NOMINAL,155.9,135.1,95.2,11586.0,29.8,20.2,1129.0,800,0,1.0953,1.0374,-2.29,-2.037,0.00043
ASTRO_07,119,55,M,83.7,1.121,1.059,SCHEDULED_REST,0.0,0.0,0.0,0.0,0.0,0.0,1069.0,1000,0,1.0949,1.037,-2.328,-2.075,0.00043
ASTRO_07,120,55,M,83.7,1.121,1.059,NOMINAL,138.9,139.8,93.8,11175.0,27.3,23.1,1143.0,1000,0,1.0947,1.0369,-2.345,-2.088,0.00043
ASTRO_07,121,55,M,83.7,1.121,1.059,NOMINAL,144.0,157.4,98.8,12006.0,22.9,23.3,1173.0,800,0,1.0945,1.0367,-2.36,-2.104,0.00043
ASTRO_07,122,55,M,83.7,1.121,1.059,NOMINAL,117.0,127.8,98.9,10311.0,35.2,24.3,1127.0,1000,0,1.0943,1.0366,-2.377,-2.116,0.00043
ASTRO_07,123,55,M,83.7,1.121,1.059,NOMINAL,155.8,144.2,100.6,12018.0,31.3,21.4,1248.0,800,0,1.0942,1.0365,-2.39,-2.126,0.00043
ASTRO_07,124,55,M,83.7,1.121,1.059,NOMINAL,165.3,138.8,93.5,11928.0,29.3,19.9,1031.0,800,0,1.0941,1.0364,-2.4,-2.137,0.00043
ASTRO_07,125,55,M,83.7,1.121,1.059,NOMINAL,139.2,133.8,100.9,11217.0,27.1,15.4,1184.0,1200,0,1.0939,1.0362,-2.417,-2.148,0.00043
ASTRO_07,126,55,M,83.7,1.121,1.059,SCHEDULED_REST,0.0,0.0,0.0,0.0,15.0,0.0,1146.0,800,0,1.0935,1.0358,-2.455,-2.188,0.00043
ASTRO_07,127,55,M,83.7,1.121,1.059,NOMINAL,148.1,139.9,97.0,11550.0,27.2,20.7,902.0,1000,0,1.0933,1.0357,-2.469,-2.199,0.00043
ASTRO_07,128,55,M,83.7,1.121,1.059,NOMINAL,127.1,145.9,110.8,11514.0,22.0,16.5,1159.0,1000,0,1.0932,1.0355,-2.483,-2.215,0.00043
ASTRO_07,129,55,M,83.7,1.121,1.059,NOMINAL,144.0,145.8,117.1,12207.0,33.9,18.4,1251.0,1000,0,1.093,1.0354,-2.495,-2.228,0.00043
ASTRO_07,130,55,M,83.7,1.121,1.059,NOMINAL,141.2,143.7,99.2,11523.0,27.2,13.2,1143.0,1200,0,1.0929,1.0353,-2.507,-2.242,0.00043
ASTRO_07,131,55,M,83.7,1.121,1.059,NOMINAL,166.6,149.4,105.3,12639.0,35.4,20.3,1192.0,1000,0,1.0928,1.0351,-2.517,-2.254,0.00043
ASTRO_07,132,55,M,83.7,1.121,1.059,NOMINAL,132.9,143.8,93.1,11094.0,31.2,17.8,1180.0,1200,0,1.0926,1.035,-2.53,-2.267,0.00043
ASTRO_07,133,55,M,83.7,1.121,1.059,SCHEDULED_REST,0.0,0.0,0.0,0.0,0.0,0.0,1270.0,1000,0,1.0922,1.0346,-2.566,-2.308,0.00043
ASTRO_07,134,55,M,83.7,1.121,1.059,NOMINAL,134.7,132.6,100.8,11043.0,27.3,14.3,1147.0,800,0,1.0921,1.0344,-2.58,-2.321,0.00043
ASTRO_07,135,55,M,83.7,1.121,1.059,NOMINAL,150.6,138.3,86.3,11256.0,32.5,16.6,968.0,1200,0,1.0919,1.0343,-2.596,-2.335,0.00043
ASTRO_07,136,55,M,83.7,1.121,1.059,NOMINAL,126.3,132.0,106.4,10941.0,30.6,24.0,1243.0,1000,0,1.0918,1.0341,-2.607,-2.347,0.00043
ASTRO_07,137,55,M,83.7,1.121,1.059,NOMINAL,153.8,112.6,93.1,10785.0,30.1,20.3,1091.0,800,0,1.0916,1.034,-2.62,-2.359,0.00043
ASTRO_07,138,55,M,83.7,1.121,1.059,NOMINAL,156.1,130.8,95.2,11463.0,25.7,21.8,975.0,800,0,1.0914,1.0339,-2.641,-2.369,0.00043
ASTRO_07,139,55,M,83.7,1.121,1.059,NOMINAL,134.7,123.0,103.3,10830.0,28.5,28.9,1264.0,1000,0,1.0912,1.0337,-2.658,-2.386,0.00043
ASTRO_07,140,55,M,83.7,1.121,1.059,SCHEDULED_REST,0.0,0.0,0.0,0.0,0.0,0.0,1086.0,1000,0,1.0908,1.0333,-2.692,-2.424,0.00043
ASTRO_07,141,55,M,83.7,1.121,1.059,NOMINAL,134.4,149.6,93.2,11316.0,27.5,28.8,1126.0,800,0,1.0907,1.0332,-2.702,-2.436,0.00043
ASTRO_07,142,55,M,83.7,1.121,1.059,NOMINAL,138.5,132.9,104.8,11286.0,38.1,18.9,1312.0,800,0,1.0905,1.0331,-2.722,-2.449,0.00043
ASTRO_07,143,55,M,83.7,1.121,1.059,NOMINAL,146.6,138.4,103.9,11667.0,27.0,14.4,1400.0,800,0,1.0903,1.0329,-2.738,-2.465,0.00043
ASTRO_07,144,55,M,83.7,1.121,1.059,NOMINAL,154.1,135.2,99.1,11652.0,29.7,22.6,959.0,1200,0,1.0901,1.0328,-2.753,-2.478,0.00043
ASTRO_07,145,55,M,83.7,1.121,1.059,NOMINAL,133.7,125.3,96.9,10677.0,31.8,26.5,1124.0,1200,0,1.0899,1.0326,-2.77,-2.49,0.00043
ASTRO_07,146,55,M,83.7,1.121,1.059,NOMINAL,132.8,133.4,104.9,11133.0,23.6,20.7,1126.0,800,0,1.0898,1.0325,-2.781,-2.503,0.00043
ASTRO_07,147,55,M,83.7,1.121,1.059,SCHEDULED_REST,0.0,0.0,0.0,0.0,0.0,0.0,997.0,1200,0,1.0894,1.0321,-2.822,-2.541,0.00043
ASTRO_07,148,55,M,83.7,1.121,1.059,NOMINAL,129.5,121.5,86.6,10128.0,32.2,21.6,1002.0,1000,0,1.0892,1.032,-2.837,-2.554,0.00043
ASTRO_07,149,55,M,83.7,1.121,1.059,NOMINAL,115.4,138.9,112.6,11007.0,30.5,14.8,1038.0,1200,0,1.089,1.0318,-2.853,-2.565,0.00043
ASTRO_07,150,55,M,83.7,1.121,1.059,NOMINAL,146.2,126.9,121.3,11832.0,35.2,21.2,1192.0,1000,0,1.0889,1.0317,-2.866,-2.579,0.00043
ASTRO_07,151,55,M,83.7,1.121,1.059,NOMINAL,147.9,147.6,92.3,11634.0,29.9,18.8,1024.0,1200,0,1.0887,1.0316,-2.882,-2.59,0.00043
ASTRO_07,152,55,M,83.7,1.121,1.059,NOMINAL,146.8,124.8,113.4,11550.0,27.3,6.5,1044.0,1000,0,1.0885,1.0315,-2.898,-2.601,0.00043
ASTRO_07,153,55,M,83.7,1.121,1.059,NOMINAL,130.4,121.3,103.4,10653.0,28.7,22.7,1065.0,1000,0,1.0884,1.0313,-2.912,-2.613,0.00043
ASTRO_07,154,55,M,83.7,1.121,1.059,SCHEDULED_REST,0.0,0.0,0.0,0.0,15.0,0.0,1159.0,1000,0,1.0879,1.031,-2.95,-2.649,0.00043
ASTRO_07,155,55,M,83.7,1.121,1.059,NOMINAL,138.8,140.4,96.5,11271.0,32.3,8.7,1119.0,800,0,1.0878,1.0308,-2.964,-2.662,0.00043
ASTRO_07,156,55,M,83.7,1.121,1.059,NOMINAL,128.2,132.8,105.8,11004.0,26.6,10.0,1373.0,800,0,1.0876,1.0307,-2.978,-2.672,0.00043
ASTRO_07,157,55,M,83.7,1.121,1.059,NOMINAL,142.7,113.3,103.9,10797.0,35.1,24.6,1020.0,1000,0,1.0874,1.0306,-2.994,-2.684,0.00043
ASTRO_07,158,55,M,83.7,1.121,1.059,NOMINAL,145.9,143.3,105.6,11844.0,25.9,23.2,1180.0,1200,0,1.0873,1.0304,-3.004,-2.697,0.00043
ASTRO_07,159,55,M,83.7,1.121,1.059,NOMINAL,146.1,130.4,94.7,11136.0,25.9,19.2,1143.0,1200,0,1.0871,1.0303,-3.02,-2.71,0.00043
ASTRO_07,160,55,M,83.7,1.121,1.059,NOMINAL,151.3,150.1,96.3,11931.0,24.7,23.2,1196.0,1000,0,1.087,1.0302,-3.035,-2.722,0.00043
ASTRO_07,161,55,M,83.7,1.121,1.059,SCHEDULED_REST,0.0,0.0,0.0,0.0,15.0,0.0,990.0,1000,0,1.0866,1.0298,-3.072,-2.762,0.00043
ASTRO_07,162,55,M,83.7,1.121,1.059,NOMINAL,145.7,120.4,105.9,11160.0,29.0,17.8,1096.0,1000,0,1.0864,1.0296,-3.084,-2.774,0.00043
ASTRO_07,163,55,M,83.7,1.121,1.059,NOMINAL,177.3,127.3,110.6,12456.0,32.0,17.4,1163.0,1000,0,1.0863,1.0295,-3.097,-2.789,0.00043
ASTRO_07,164,55,M,83.7,1.121,1.059,NOMINAL,161.1,141.6,108.5,12336.0,31.6,8.3,1231.0,800,0,1.0861,1.0293,-3.109,-2.8,0.00043
ASTRO_07,165,55,M,83.7,1.121,1.059,NOMINAL,146.5,137.1,99.7,11499.0,30.0,17.1,1010.0,1000,0,1.086,1.0292,-3.124,-2.816,0.00043
ASTRO_07,166,55,M,83.7,1.121,1.059,NOMINAL,132.5,122.0,107.4,10857.0,26.7,26.9,1002.0,1200,0,1.0858,1.0291,-3.14,-2.827,0.00043
ASTRO_07,167,55,M,83.7,1.121,1.059,NOMINAL,150.3,135.3,98.4,11520.0,34.7,14.6,1158.0,1000,0,1.0856,1.0289,-3.154,-2.841,0.00043
ASTRO_07,168,55,M,83.7,1.121,1.059,SCHEDULED_REST,0.0,0.0,0.0,0.0,0.0,0.0,1114.0,1200,0,1.0852,1.0285,-3.19,-2.881,0.00043
ASTRO_07,169,55,M,83.7,1.121,1.059,NOMINAL,146.2,118.0,105.3,11085.0,33.5,16.7,993.0,800,0,1.085,1.0284,-3.207,-2.891,0.00043
ASTRO_07,170,55,M,83.7,1.121,1.059,NOMINAL,125.1,145.2,116.9,11616.0,31.0,23.0,1224.0,1000,0,1.0849,1.0283,-3.223,-2.902,0.00043
ASTRO_07,171,55,M,83.7,1.121,1.059,NOMINAL,145.8,145.4,104.1,11859.0,34.0,22.2,1095.0,1200,0,1.0847,1.0282,-3.237,-2.913,0.00043
ASTRO_07,172,55,M,83.7,1.121,1.059,NOMINAL,138.5,126.3,98.3,10893.0,32.2,27.2,988.0,800,0,1.0845,1.028,-3.255,-2.925,0.00043
ASTRO_07,173,55,M,83.7,1.121,1.059,NOMINAL,149.1,137.5,96.2,11484.0,29.4,17.7,1250.0,800,0,1.0843,1.0279,-3.271,-2.936,0.00043
ASTRO_07,174,55,M,83.7,1.121,1.059,NOMINAL,156.5,120.8,113.0,11709.0,28.0,17.0,993.0,800,0,1.0842,1.0278,-3.285,-2.948,0.00043
ASTRO_07,175,55,M,83.7,1.121,1.059,SCHEDULED_REST,0.0,0.0,0.0,0.0,0.0,0.0,1409.0,1000,0,1.0837,1.0274,-3.325,-2.986,0.00043
ASTRO_07,176,55,M,83.7,1.121,1.059,NOMINAL,146.1,126.6,102.4,11253.0,25.0,15.3,1177.0,1000,0,1.0836,1.0272,-3.337,-3.002,0.00043
ASTRO_07,177,55,M,83.7,1.121,1.059,NOMINAL,157.1,145.7,109.4,12366.0,27.9,18.9,912.0,800,0,1.0834,1.0271,-3.353,-3.017,0.00043
ASTRO_07,178,55,M,83.7,1.121,1.059,NOMINAL,146.1,134.4,112.5,11790.0,33.1,16.0,1205.0,800,0,1.0832,1.0269,-3.37,-3.03,0.00043
ASTRO_07,179,55,M,83.7,1.121,1.059,NOMINAL,144.2,124.4,86.8,10662.0,30.9,26.8,1215.0,1000,0,1.0831,1.0268,-3.383,-3.038,0.00043
ASTRO_07,180,55,M,83.7,1.121,1.059,NOMINAL,141.5,127.4,99.4,11049.0,27.8,21.3,941.0,800,0,1.083,1.0267,-3.393,-3.05,0.00043
ASTRO_08,1,46,M,69.3,1.097,1.23,NOMINAL,130.6,117.7,76.7,9750.0,23.9,24.4,1351.0,800,0,1.0968,1.2298,-0.022,-0.014,0.000501
ASTRO_08,2,46,M,69.3,1.097,1.23,PARTIAL_SESSION,43.3,0.0,35.6,2367.0,15.0,0.0,1047.0,1200,0,1.0964,1.2295,-0.052,-0.04,0.000501
ASTRO_08,3,46,M,69.3,1.097,1.23,NOMINAL,119.8,101.0,71.8,8778.0,34.8,18.1,1071.0,1200,0,1.0962,1.2293,-0.074,-0.058,0.000501
ASTRO_08,4,46,M,69.3,1.097,1.23,NOMINAL,121.5,110.9,81.6,9420.0,35.1,21.1,1203.0,1000,0,1.096,1.2291,-0.093,-0.072,0.000501
ASTRO_08,5,46,M,69.3,1.097,1.23,NOMINAL,122.6,101.3,87.2,9333.0,29.8,17.5,1233.0,1000,0,1.0957,1.2289,-0.116,-0.085,0.000501
ASTRO_08,6,46,M,69.3,1.097,1.23,NOMINAL,132.6,116.1,69.8,9555.0,26.7,14.5,1138.0,1000,0,1.0955,1.2288,-0.132,-0.099,0.000501
ASTRO_08,7,46,M,69.3,1.097,1.23,SCHEDULED_REST,0.0,0.0,0.0,0.0,0.0,0.0,1124.0,800,0,1.0951,1.2283,-0.174,-0.138,0.000501
ASTRO_08,8,46,M,69.3,1.097,1.23,NOMINAL,116.9,111.0,74.8,9081.0,23.3,16.2,870.0,800,0,1.0949,1.2281,-0.193,-0.155,0.000501
ASTRO_08,9,46,M,69.3,1.097,1.23,NOMINAL,115.0,127.7,73.0,9471.0,26.0,16.6,999.0,1200,0,1.0947,1.2279,-0.213,-0.169,0.000501
ASTRO_08,10,46,M,69.3,1.097,1.23,NOMINAL,110.3,122.5,93.0,9774.0,33.8,22.6,1111.0,1200,0,1.0945,1.2277,-0.232,-0.185,0.000501
ASTRO_08,11,46,M,69.3,1.097,1.23,NOMINAL,143.4,101.6,92.1,10113.0,29.0,20.8,1181.0,800,0,1.0942,1.2275,-0.254,-0.201,0.000501
ASTRO_08,12,46,M,69.3,1.097,1.23,NOMINAL,127.4,116.7,95.8,10197.0,31.7,23.3,1090.0,1200,0,1.094,1.2273,-0.276,-0.216,0.000501
ASTRO_08,13,46,M,69.3,1.097,1.23,NOMINAL,109.8,123.9,83.5,9516.0,26.4,20.9,924.0,800,0,1.0937,1.2272,-0.297,-0.231,0.000501
ASTRO_08,14,46,M,69.3,1.097,1.23,SCHEDULED_REST,0.0,0.0,0.0,0.0,15.0,0.0,1083.0,1000,0,1.0932,1.2266,-0.346,-0.273,0.000501
ASTRO_08,15,46,M,69.3,1.097,1.23,NOMINAL,121.6,115.8,74.1,9345.0,26.2,20.0,1089.0,800,0,1.0929,1.2265,-0.37,-0.285,0.000501
ASTRO_08,16,46,M,69.3,1.097,1.23,NOMINAL,133.8,116.1,84.9,10044.0,24.7,14.1,916.0,1200,0,1.0928,1.2263,-0.387,-0.299,0.000501
ASTRO_08,17,46,M,69.3,1.097,1.23,NOMINAL,119.1,111.9,67.4,8952.0,29.0,25.3,1176.0,800,0,1.0925,1.2261,-0.406,-0.314,0.000501
ASTRO_08,18,46,M,69.3,1.097,1.23,NOMINAL,126.1,105.3,82.0,9402.0,30.9,26.4,989.0,1000,0,1.0923,1.226,-0.427,-0.329,0.000501
ASTRO_08,19,46,M,69.3,1.097,1.23,NOMINAL,143.6,114.8,76.7,10053.0,32.8,16.7,930.0,1000,0,1.0921,1.2258,-0.445,-0.345,0.000501
ASTRO_08,20,46,M,69.3,1.097,1.23,NOMINAL,105.0,121.0,71.0,8910.0,31.1,18.7,1088.0,800,0,1.0919,1.2256,-0.461,-0.357,0.000501
ASTRO_08,21,46,M,69.3,1.097,1.23,SCHEDULED_REST,0.0,0.0,0.0,0.0,0.0,0.0,1123.0,800,0,1.0915,1.2251,-0.5,-0.398,0.000501
ASTRO_08,22,46,M,69.3,1.097,1.23,NOMINAL,121.1,113.8,81.5,9492.0,30.5,22.5,1013.0,1000,0,1.0912,1.2249,-0.526,-0.412,0.000501
ASTRO_08,23,46,M,69.3,1.097,1.23,NOMINAL,124.6,117.9,93.3,10074.0,33.4,13.9,894.0,800,0,1.091,1.2248,-0.544,-0.425,0.000501
ASTRO_08,24,46,M,69.3,1.097,1.23,NOMINAL,112.7,123.8,78.3,9444.0,36.3,23.8,919.0,1200,0,1.0909,1.2246,-0.557,-0.442,0.000501
ASTRO_08,25,46,M,69.3,1.097,1.23,NOMINAL,124.4,113.3,86.7,9732.0,29.4,26.1,1169.0,800,0,1.0907,1.2244,-0.579,-0.456,0.000501
ASTRO_08,26,46,M,69.3,1.097,1.23,NOMINAL,124.2,115.9,87.2,9819.0,33.5,21.4,1143.0,800,0,1.0904,1.2242,-0.599,-0.47,0.000501
ASTRO_08,27,46,M,69.3,1.097,1.23,NOMINAL,103.4,113.7,80.9,8940.0,32.0,13.3,1057.0,800,0,1.0902,1.224,-0.615,-0.486,0.000501
ASTRO_08,28,46,M,69.3,1.097,1.23,SCHEDULED_REST,0.0,0.0,0.0,0.0,15.0,0.0,859.0,1000,0,1.0897,1.2235,-0.664,-0.525,0.000501
ASTRO_08,29,46,M,69.3,1.097,1.23,PARTIAL_SESSION,62.8,0.0,48.8,3348.0,18.2,0.0,951.0,1200,0,1.0894,1.2233,-0.694,-0.548,0.000501
ASTRO_08,30,46,M,69.3,1.097,1.23,NOMINAL,130.8,113.1,80.8,9741.0,25.1,17.6,967.0,1000,0,1.0891,1.2231,-0.716,-0.564,0.000501
ASTRO_08,31,46,M,69.3,1.097,1.23,NOMINAL,112.5,110.1,85.2,9234.0,22.4,12.4,920.0,800,0,1.0889,1.2229,-0.738,-0.575,0.000501
ASTRO_08,32,46,M,69.3,1.097,1.23,NOMINAL,110.7,113.1,98.9,9681.0,31.3,18.2,917.0,1200,0,1.0888,1.2227,-0.752,-0.59,0.000501
ASTRO_08,33,46,M,69.3,1.097,1.23,NOMINAL,136.4,106.3,75.0,9531.0,33.3,17.4,1101.0,1000,0,1.0886,1.2226,-0.766,-0.603,0.000501
ASTRO_08,34,46,M,69.3,1.097,1.23,NOMINAL,106.7,122.6,86.4,9471.0,28.6,17.7,1051.0,1200,0,1.0884,1.2224,-0.785,-0.618,0.000501
ASTRO_08,35,46,M,69.3,1.097,1.23,SCHEDULED_REST,0.0,0.0,0.0,0.0,0.0,0.0,1085.0,1200,0,1.0879,1.2219,-0.83,-0.656,0.000501
ASTRO_08,36,46,M,69.3,1.097,1.23,NOMINAL,125.3,109.2,79.9,9432.0,29.9,20.7,1064.0,800,0,1.0877,1.2217,-0.846,-0.671,0.000501
ASTRO_08,37,46,M,69.3,1.097,1.23,NOMINAL,130.6,108.5,85.8,9747.0,33.2,28.8,1234.0,1200,0,1.0875,1.2216,-0.865,-0.686,0.000501
ASTRO_08,38,46,M,69.3,1.097,1.23,NOMINAL,116.4,116.0,85.5,9537.0,36.7,26.9,1089.0,800,0,1.0873,1.2214,-0.886,-0.699,0.000501
ASTRO_08,39,46,M,69.3,1.097,1.23,NOMINAL,100.0,96.6,67.8,7932.0,29.0,12.4,1106.0,1200,0,1.0871,1.2212,-0.904,-0.712,0.000501
ASTRO_08,40,46,M,69.3,1.097,1.23,PARTIAL_SESSION,69.9,0.0,42.0,3357.0,16.4,0.0,1308.0,800,0,1.0868,1.2209,-0.934,-0.736,0.000501
ASTRO_08,41,46,M,69.3,1.097,1.23,NOMINAL,114.9,96.1,64.8,8274.0,25.6,12.1,1140.0,1200,0,1.0865,1.2207,-0.954,-0.752,0.000501
ASTRO_08,42,46,M,69.3,1.097,1.23,SCHEDULED_REST,0.0,0.0,0.0,0.0,0.0,0.0,1176.0,800,0,1.086,1.2203,-1.002,-0.788,0.000501
ASTRO_08,43,46,M,69.3,1.097,1.23,NOMINAL,108.1,126.2,66.7,9030.0,28.7,23.7,1096.0,800,0,1.0858,1.2201,-1.025,-0.803,0.000501
ASTRO_08,44,46,M,69.3,1.097,1.23,PARTIAL_SESSION,41.0,0.0,44.5,2565.0,13.0,0.0,987.0,1000,0,1.0854,1.2198,-1.056,-0.828,0.000501
ASTRO_08,45,46,M,69.3,1.097,1.23,NOMINAL,113.8,112.2,81.4,9222.0,34.1,18.1,1106.0,1200,0,1.0852,1.2197,-1.072,-0.84,0.000501
ASTRO_08,46,46,M,69.3,1.097,1.23,NOMINAL,116.3,126.9,95.6,10164.0,33.7,4.9,1289.0,1200,0,1.0851,1.2195,-1.085,-0.852,0.000501
ASTRO_08,47,46,M,69.3,1.097,1.23,NOMINAL,130.7,124.4,99.1,10626.0,30.9,12.1,1063.0,1000,0,1.0849,1.2193,-1.102,-0.868,0.000501
ASTRO_08,48,46,M,69.3,1.097,1.23,NOMINAL,140.6,115.2,70.9,9801.0,26.0,18.0,1161.0,1000,0,1.0848,1.2192,-1.117,-0.88,0.000501
ASTRO_08,49,46,M,69.3,1.097,1.23,SCHEDULED_REST,0.0,0.0,0.0,0.0,0.0,0.0,1081.0,1200,0,1.0843,1.2187,-1.159,-0.919,0.000501
ASTRO_08,50,46,M,69.3,1.097,1.23,NOMINAL,117.6,101.3,85.5,9132.0,27.8,20.8,1094.0,800,0,1.0841,1.2185,-1.176,-0.933,0.000501
ASTRO_08,51,46,M,69.3,1.097,1.23,NOMINAL,122.5,105.2,87.3,9450.0,31.2,20.2,1212.0,800,0,1.0839,1.2183,-1.197,-0.95,0.000501
ASTRO_08,52,46,M,69.3,1.097,1.23,NOMINAL,110.7,101.0,103.6,9459.0,35.5,19.9,967.0,1200,0,1.0836,1.2181,-1.221,-0.964,0.000501
ASTRO_08,53,46,M,69.3,1.097,1.23,NOMINAL,122.5,76.3,82.5,8439.0,30.6,15.2,1053.0,1000,0,1.0834,1.2179,-1.238,-0.98,0.000501
ASTRO_08,54,46,M,69.3,1.097,1.23,NOMINAL,128.1,103.6,74.5,9186.0,30.5,19.5,961.0,800,0,1.0832,1.2178,-1.258,-0.995,0.000501
ASTRO_08,55,46,M,69.3,1.097,1.23,NOMINAL,126.3,98.1,74.2,8958.0,26.7,23.0,1054.0,800,0,1.083,1.2176,-1.279,-1.009,0.000501
ASTRO_08,56,46,M,69.3,1.097,1.23,SCHEDULED_REST,0.0,0.0,0.0,0.0,0.0,0.0,1121.0,1000,0,1.0824,1.2171,-1.327,-1.046,0.000501
ASTRO_08,57,46,M,69.3,1.097,1.23,PARTIAL_SESSION,48.3,0.0,37.5,2574.0,12.3,0.0,1138.0,1000,0,1.0821,1.2168,-1.362,-1.07,0.000501
ASTRO_08,58,46,M,69.3,1.097,1.23,NOMINAL,119.9,96.5,76.6,8790.0,29.9,25.7,1178.0,1000,0,1.0818,1.2167,-1.388,-1.083,0.000501
ASTRO_08,59,46,M,69.3,1.097,1.23,NOMINAL,127.4,109.5,88.4,9759.0,35.6,21.7,983.0,800,0,1.0815,1.2165,-1.41,-1.096,0.000501
ASTRO_08,60,46,M,69.3,1.097,1.23,NOMINAL,127.2,98.4,86.9,9375.0,33.5,15.7,1108.0,800,0,1.0813,1.2164,-1.428,-1.108,0.000501
ASTRO_08,61,46,M,69.3,1.097,1.23,NOMINAL,118.6,95.8,77.7,8763.0,27.3,18.1,989.0,1200,0,1.0811,1.2162,-1.45,-1.124,0.000501
ASTRO_08,62,46,M,69.3,1.097,1.23,NOMINAL,109.6,102.5,85.9,8940.0,27.8,16.5,1091.0,1200,0,1.0809,1.216,-1.469,-1.139,0.000501
ASTRO_08,63,46,M,69.3,1.097,1.23,SCHEDULED_REST,0.0,0.0,0.0,0.0,0.0,0.0,905.0,1000,0,1.0804,1.2155,-1.514,-1.175,0.000501
ASTRO_08,64,46,M,69.3,1.097,1.23,NOMINAL,111.2,129.4,76.9,9525.0,32.9,19.8,1122.0,1200,0,1.0801,1.2154,-1.536,-1.189,0.000501
ASTRO_08,65,46,M,69.3,1.097,1.23,NOMINAL,140.9,86.5,85.1,9375.0,30.2,18.6,1036.0,800,0,1.0799,1.2152,-1.558,-1.205,0.000501
ASTRO_08,66,46,M,69.3,1.097,1.23,NOMINAL,136.5,111.3,85.5,9999.0,30.7,17.4,1184.0,800,0,1.0797,1.215,-1.578,-1.219,0.000501
ASTRO_08,67,46,M,69.3,1.097,1.23,NOMINAL,118.8,108.1,88.7,9468.0,40.8,21.9,1354.0,800,0,1.0795,1.2148,-1.597,-1.234,0.000501
ASTRO_08,68,46,M,69.3,1.097,1.23,NOMINAL,124.3,112.2,59.4,8877.0,24.9,16.3,1135.0,800,0,1.0792,1.2147,-1.619,-1.248,0.000501
ASTRO_08,69,46,M,69.3,1.097,1.23,NOMINAL,100.9,107.0,92.3,9006.0,33.7,21.3,1147.0,1200,0,1.079,1.2145,-1.641,-1.262,0.000501
ASTRO_08,70,46,M,69.3,1.097,1.23,SCHEDULED_REST,0.0,0.0,0.0,0.0,15.0,0.0,1057.0,1200,0,1.0785,1.214,-1.688,-1.298,0.000501
ASTRO_08,71,46,M,69.3,1.097,1.23,NOMINAL,122.2,123.2,61.4,9204.0,37.8,20.8,1106.0,1200,0,1.0783,1.2139,-1.708,-1.311,0.000501
ASTRO_08,72,46,M,69.3,1.097,1.23,NOMINAL,107.2,127.5,81.7,9492.0,32.5,24.0,1088.0,1000,0,1.0781,1.2137,-1.726,-1.325,0.000501
ASTRO_08,73,46,M,69.3,1.097,1.23,NOMINAL,106.6,114.1,92.6,9399.0,33.2,18.6,959.0,1200,0,1.0779,1.2135,-1.744,-1.342,0.000501
ASTRO_08,74,46,M,69.3,1.097,1.23,NOMINAL,130.0,103.8,89.3,9693.0,29.4,22.3,1252.0,800,0,1.0777,1.2133,-1.761,-1.356,0.000501
ASTRO_08,75,46,M,69.3,1.097,1.23,NOMINAL,110.8,106.3,85.0,9063.0,36.8,14.3,943.0,800,0,1.0774,1.2131,-1.783,-1.372,0.000501
ASTRO_08,76,46,M,69.3,1.097,1.23,NOMINAL,145.8,124.1,91.9,10854.0,28.8,23.6,1202.0,1200,0,1.0773,1.213,-1.799,-1.385,0.000501
ASTRO_08,77,46,M,69.3,1.097,1.23,SCHEDULED_REST,0.0,0.0,0.0,0.0,0.0,0.0,948.0,1200,0,1.0768,1.2125,-1.846,-1.423,0.000501
ASTRO_08,78,46,M,69.3,1.097,1.23,NOMINAL,142.5,115.8,90.3,10458.0,31.9,21.9,996.0,800,0,1.0766,1.2123,-1.864,-1.438,0.000501
ASTRO_08,79,46,M,69.3,1.097,1.23,NOMINAL,131.4,107.3,89.6,9849.0,29.4,7.4,1094.0,1000,0,1.0763,1.2121,-1.887,-1.451,0.000501
ASTRO_08,80,46,M,69.3,1.097,1.23,NOMINAL,130.4,117.3,90.3,10140.0,34.3,16.4,1064.0,1200,0,1.0761,1.212,-1.908,-1.463,0.000501
ASTRO_08,81,46,M,69.3,1.097,1.23,NOMINAL,125.1,97.0,93.6,9471.0,24.9,19.1,994.0,800,0,1.0758,1.2118,-1.929,-1.48,0.000501
ASTRO_08,82,46,M,69.3,1.097,1.23,NOMINAL,119.1,111.8,82.9,9414.0,28.7,28.1,847.0,1000,0,1.0756,1.2116,-1.95,-1.495,0.000501
ASTRO_08,83,46,M,69.3,1.097,1.23,NOMINAL,106.0,126.5,90.3,9684.0,36.9,22.7,1048.0,1200,0,1.0755,1.2114,-1.964,-1.509,0.000501
ASTRO_08,84,46,M,69.3,1.097,1.23,SCHEDULED_REST,0.0,0.0,0.0,0.0,0.0,0.0,1077.0,800,0,1.075,1.211,-2.009,-1.545,0.000501
ASTRO_08,85,46,M,69.3,1.097,1.23,NOMINAL,96.2,101.8,78.6,8298.0,23.7,18.3,888.0,1200,0,1.0747,1.2108,-2.029,-1.559,0.000501
ASTRO_08,86,46,M,69.3,1.097,1.23,NOMINAL,117.7,123.1,97.1,10137.0,28.6,16.1,942.0,1200,0,1.0745,1.2107,-2.047,-1.571,0.000501
ASTRO_08,87,46,M,69.3,1.097,1.23,NOMINAL,108.8,92.0,87.4,8646.0,29.8,14.6,1326.0,800,0,1.0743,1.2105,-2.066,-1.589,0.000501
ASTRO_08,88,46,M,69.3,1.097,1.23,NOMINAL,103.5,107.6,85.7,8904.0,35.1,15.6,966.0,800,0,1.0741,1.2103,-2.085,-1.603,0.000501
ASTRO_08,89,46,M,69.3,1.097,1.23,NOMINAL,134.1,93.2,85.9,9396.0,25.5,13.3,1107.0,1200,0,1.0739,1.2101,-2.105,-1.62,0.000501
ASTRO_08,90,46,M,69.3,1.097,1.23,NOMINAL,136.3,120.1,92.0,10452.0,31.3,16.0,917.0,1000,0,1.0736,1.2099,-2.129,-1.635,0.000501
ASTRO_08,91,46,M,69.3,1.097,1.23,SCHEDULED_REST,0.0,0.0,0.0,0.0,0.0,0.0,1234.0,1000,0,1.0732,1.2095,-2.173,-1.67,0.000501
ASTRO_08,92,46,M,69.3,1.097,1.23,NOMINAL,124.1,129.3,92.3,10371.0,17.6,27.1,1245.0,800,0,1.073,1.2093,-2.191,-1.683,0.000501
ASTRO_08,93,46,M,69.3,1.097,1.23,NOMINAL,122.9,107.5,90.4,9624.0,28.1,22.4,1216.0,1200,0,1.0728,1.2091,-2.21,-1.698,0.000501
ASTRO_08,94,46,M,69.3,1.097,1.23,PARTIAL_SESSION,54.9,0.0,44.2,2973.0,13.1,0.0,1085.0,800,0,1.0724,1.2088,-2.24,-1.722,0.000501
ASTRO_08,95,46,M,69.3,1.097,1.23,NOMINAL,117.4,106.2,80.2,9114.0,35.2,20.4,1134.0,800,0,1.0722,1.2087,-2.259,-1.735,0.000501
ASTRO_08,96,46,M,69.3,1.097,1.23,NOMINAL,96.7,115.7,82.8,8856.0,33.6,12.7,1020.0,1000,0,1.072,1.2085,-2.279,-1.746,0.000501
ASTRO_08,97,46,M,69.3,1.097,1.23,PARTIAL_SESSION,59.3,0.0,48.5,3234.0,12.3,0.0,1059.0,800,0,1.0716,1.2083,-2.312,-1.766,0.000501
ASTRO_08,98,46,M,69.3,1.097,1.23,SCHEDULED_REST,0.0,0.0,0.0,0.0,15.0,0.0,1181.0,1000,0,1.0712,1.2078,-2.356,-1.806,0.000501
ASTRO_08,99,46,M,69.3,1.097,1.23,NOMINAL,110.9,127.1,77.0,9450.0,30.2,24.8,1123.0,800,0,1.0709,1.2076,-2.379,-1.82,0.000501
ASTRO_08,100,46,M,69.3,1.097,1.23,NOMINAL,133.7,119.6,85.9,10176.0,36.5,24.3,1235.0,1200,0,1.0707,1.2075,-2.394,-1.831,0.000501
ASTRO_08,101,46,M,69.3,1.097,1.23,NOMINAL,138.0,123.2,77.5,10161.0,25.5,21.3,926.0,1000,0,1.0705,1.2073,-2.414,-1.842,0.000501
ASTRO_08,102,46,M,69.3,1.097,1.23,PARTIAL_SESSION,41.2,0.0,52.6,2814.0,14.3,0.0,1053.0,800,0,1.0702,1.207,-2.442,-1.867,0.000501
ASTRO_08,103,46,M,69.3,1.097,1.23,NOMINAL,127.3,111.3,74.6,9396.0,25.9,16.8,1204.0,800,0,1.07,1.2069,-2.461,-1.879,0.000501
ASTRO_08,104,46,M,69.3,1.097,1.23,NOMINAL,113.0,106.0,79.6,8958.0,34.2,17.7,1095.0,1000,0,1.0698,1.2067,-2.479,-1.893,0.000501
ASTRO_08,105,46,M,69.3,1.097,1.23,SCHEDULED_REST,0.0,0.0,0.0,0.0,0.0,0.0,1108.0,1200,0,1.0694,1.2063,-2.519,-1.929,0.000501
ASTRO_08,106,46,M,69.3,1.097,1.23,NOMINAL,119.5,113.7,89.6,9684.0,34.4,26.2,1324.0,1000,0,1.0691,1.2061,-2.54,-1.943,0.000501
ASTRO_08,107,46,M,69.3,1.097,1.23,NOMINAL,119.9,104.6,72.6,8913.0,30.7,12.4,1223.0,800,0,1.0689,1.2059,-2.558,-1.957,0.000501
ASTRO_08,108,46,M,69.3,1.097,1.23,PARTIAL_SESSION,45.4,0.0,44.3,2691.0,16.5,0.0,982.0,1200,0,1.0686,1.2056,-2.59,-1.983,0.000501
ASTRO_08,109,46,M,69.3,1.097,1.23,NOMINAL,113.8,97.2,76.9,8637.0,37.8,23.7,1211.0,1200,0,1.0684,1.2054,-2.61,-1.998,0.000501
ASTRO_08,110,46,M,69.3,1.097,1.23,NOMINAL,98.9,98.6,76.7,8226.0,28.1,18.5,1046.0,1200,0,1.0682,1.2052,-2.629,-2.012,0.000501
ASTRO_08,111,46,M,69.3,1.097,1.23,NOMINAL,120.0,105.3,91.2,9495.0,34.7,28.0,1176.0,1200,0,1.068,1.2051,-2.647,-2.025,0.000501
ASTRO_08,112,46,M,69.3,1.097,1.23,SCHEDULED_REST,0.0,0.0,0.0,0.0,15.0,0.0,1164.0,800,0,1.0674,1.2046,-2.697,-2.063,0.000501
ASTRO_08,113,46,M,69.3,1.097,1.23,NOMINAL,134.0,119.5,76.7,9906.0,28.1,26.9,1037.0,800,0,1.0672,1.2045,-2.714,-2.076,0.000501
ASTRO_08,114,46,M,69.3,1.097,1.23,NOMINAL,131.1,94.2,88.9,9426.0,31.1,18.6,1147.0,800,0,1.067,1.2043,-2.732,-2.088,0.000501
ASTRO_08,115,46,M,69.3,1.097,1.23,NOMINAL,109.3,113.9,93.7,9507.0,30.8,20.2,1186.0,800,0,1.0668,1.2041,-2.755,-2.104,0.000501
ASTRO_08,116,46,M,69.3,1.097,1.23,NOMINAL,118.8,106.1,83.4,9249.0,30.4,17.7,1067.0,1200,0,1.0666,1.204,-2.77,-2.117,0.000501
ASTRO_08,117,46,M,69.3,1.097,1.23,NOMINAL,135.2,126.4,94.1,10671.0,32.9,27.1,1106.0,800,0,1.0664,1.2038,-2.787,-2.126,0.000501
ASTRO_08,118,46,M,69.3,1.097,1.23,NOMINAL,118.6,97.4,82.6,8958.0,21.5,19.5,854.0,1000,0,1.0662,1.2037,-2.809,-2.141,0.000501
ASTRO_08,119,46,M,69.3,1.097,1.23,SCHEDULED_REST,0.0,0.0,0.0,0.0,15.0,0.0,1178.0,1200,0,1.0657,1.2032,-2.858,-2.183,0.000501
ASTRO_08,120,46,M,69.3,1.097,1.23,NOMINAL,116.4,115.7,81.9,9420.0,35.0,18.8,1073.0,800,0,1.0654,1.203,-2.877,-2.199,0.000501
ASTRO_08,121,46,M,69.3,1.097,1.23,NOMINAL,103.0,96.7,81.5,8436.0,29.4,24.3,1191.0,1000,0,1.0652,1.2028,-2.899,-2.214,0.000501
ASTRO_08,122,46,M,69.3,1.097,1.23,NOMINAL,124.5,121.0,89.0,10035.0,34.6,20.3,1025.0,1000,0,1.065,1.2026,-2.919,-2.227,0.000501
ASTRO_08,123,46,M,69.3,1.097,1.23,NOMINAL,117.2,100.2,84.4,9054.0,34.0,17.5,1084.0,1200,0,1.0648,1.2024,-2.94,-2.243,0.000501
ASTRO_08,124,46,M,69.3,1.097,1.23,PARTIAL_SESSION,65.1,0.0,36.3,3042.0,13.3,0.0,1146.0,1000,0,1.0644,1.2021,-2.968,-2.267,0.000501
ASTRO_08,125,46,M,69.3,1.097,1.23,NOMINAL,115.7,107.7,95.4,9564.0,27.4,9.9,1148.0,1200,0,1.0642,1.2019,-2.987,-2.281,0.000501
ASTRO_08,126,46,M,69.3,1.097,1.23,SCHEDULED_REST,0.0,0.0,0.0,0.0,0.0,0.0,1079.0,800,0,1.0637,1.2015,-3.033,-2.318,0.000501
ASTRO_08,127,46,M,69.3,1.097,1.23,NOMINAL,127.3,112.7,80.0,9600.0,31.0,17.3,935.0,1000,0,1.0635,1.2013,-3.054,-2.333,0.000501
ASTRO_08,128,46,M,69.3,1.097,1.23,NOMINAL,109.0,121.9,78.7,9288.0,21.0,22.8,776.0,1200,0,1.0633,1.2011,-3.07,-2.348,0.000501
ASTRO_08,129,46,M,69.3,1.097,1.23,NOMINAL,124.6,111.1,83.0,9561.0,27.1,17.3,1151.0,1000,0,1.0631,1.2009,-3.088,-2.364,0.000501
ASTRO_08,130,46,M,69.3,1.097,1.23,NOMINAL,122.9,117.2,81.4,9645.0,22.9,17.8,1212.0,1200,0,1.063,1.2008,-3.1,-2.376,0.000501
ASTRO_08,131,46,M,69.3,1.097,1.23,NOMINAL,104.4,121.4,86.0,9354.0,28.0,17.7,1179.0,1000,0,1.0628,1.2006,-3.115,-2.394,0.000501
ASTRO_08,132,46,M,69.3,1.097,1.23,PARTIAL_SESSION,52.1,0.0,43.8,2877.0,18.5,0.0,1167.0,1000,0,1.0625,1.2002,-3.141,-2.419,0.000501
ASTRO_08,133,46,M,69.3,1.097,1.23,SCHEDULED_REST,0.0,0.0,0.0,0.0,0.0,0.0,970.0,800,0,1.062,1.1998,-3.188,-2.456,0.000501
ASTRO_08,134,46,M,69.3,1.097,1.23,NOMINAL,120.7,117.8,79.8,9549.0,33.7,14.3,1108.0,1000,0,1.0618,1.1996,-3.209,-2.471,0.000501
ASTRO_08,135,46,M,69.3,1.097,1.23,PARTIAL_SESSION,59.2,0.0,59.7,3567.0,18.8,0.0,1089.0,800,0,1.0615,1.1993,-3.239,-2.494,0.000501
ASTRO_08,136,46,M,69.3,1.097,1.23,NOMINAL,122.3,103.1,105.8,9936.0,28.6,18.9,1208.0,1200,0,1.0612,1.1992,-3.26,-2.508,0.000501
ASTRO_08,137,46,M,69.3,1.097,1.23,NOMINAL,147.7,121.9,80.3,10497.0,34.7,25.3,1221.0,1200,0,1.061,1.199,-3.278,-2.521,0.000501
ASTRO_08,138,46,M,69.3,1.097,1.23,NOMINAL,127.9,102.5,86.5,9507.0,22.4,16.9,1116.0,800,0,1.0608,1.1988,-3.299,-2.535,0.000501
ASTRO_08,139,46,M,69.3,1.097,1.23,NOMINAL,124.8,119.4,96.0,10206.0,27.7,15.9,1298.0,1000,0,1.0606,1.1986,-3.319,-2.55,0.000501
ASTRO_08,140,46,M,69.3,1.097,1.23,SCHEDULED_REST,0.0,0.0,0.0,0.0,15.0,0.0,931.0,1000,0,1.0601,1.1982,-3.363,-2.589,0.000501
ASTRO_08,141,46,M,69.3,1.097,1.23,NOMINAL,122.4,123.8,84.9,9933.0,24.1,27.3,986.0,800,0,1.0599,1.198,-3.381,-2.601,0.000501
ASTRO_08,142,46,M,69.3,1.097,1.23,NOMINAL,125.3,116.0,86.5,9834.0,21.9,20.6,966.0,1200,0,1.0597,1.1978,-3.401,-2.614,0.000501
ASTRO_08,143,46,M,69.3,1.097,1.23,NOMINAL,126.6,98.5,83.8,9267.0,27.5,18.1,1132.0,1200,0,1.0595,1.1977,-3.421,-2.628,0.000501
ASTRO_08,144,46,M,69.3,1.097,1.23,NOMINAL,122.6,108.1,79.4,9303.0,26.0,25.5,1049.0,1200,0,1.0593,1.1975,-3.438,-2.643,0.000501
ASTRO_08,145,46,M,69.3,1.097,1.23,NOMINAL,103.2,118.5,77.9,8988.0,28.5,29.3,1292.0,800,0,1.0591,1.1973,-3.455,-2.657,0.000501
ASTRO_08,146,46,M,69.3,1.097,1.23,NOMINAL,100.5,136.1,78.4,9450.0,29.5,10.7,1158.0,1000,0,1.0589,1.1971,-3.475,-2.671,0.000501
ASTRO_08,147,46,M,69.3,1.097,1.23,SCHEDULED_REST,0.0,0.0,0.0,0.0,0.0,0.0,1128.0,1000,0,1.0584,1.1967,-3.521,-2.708,0.000501
ASTRO_08,148,46,M,69.3,1.097,1.23,NOMINAL,101.1,102.7,86.9,8721.0,30.3,15.1,986.0,800,0,1.0582,1.1965,-3.54,-2.722,0.000501
ASTRO_08,149,46,M,69.3,1.097,1.23,NOMINAL,109.1,118.9,80.8,9264.0,35.1,22.0,984.0,1200,0,1.0579,1.1964,-3.56,-2.732,0.000501
ASTRO_08,150,46,M,69.3,1.097,1.23,PARTIAL_SESSION,69.7,0.0,37.3,3210.0,12.0,0.0,881.0,800,0,1.0576,1.1961,-3.591,-2.755,0.000501
ASTRO_08,151,46,M,69.3,1.097,1.23,NOMINAL,122.9,108.4,83.0,9429.0,36.4,24.6,960.0,1000,0,1.0574,1.1959,-3.61,-2.769,0.000501
ASTRO_08,152,46,M,69.3,1.097,1.23,NOMINAL,113.0,89.9,82.5,8562.0,34.4,26.3,1106.0,1000,0,1.0572,1.1958,-3.629,-2.782,0.000501
ASTRO_08,153,46,M,69.3,1.097,1.23,NOMINAL,121.2,114.2,75.3,9321.0,28.8,22.9,1082.0,800,0,1.0569,1.1956,-3.651,-2.796,0.000501
ASTRO_08,154,46,M,69.3,1.097,1.23,SCHEDULED_REST,0.0,0.0,0.0,0.0,15.0,0.0,845.0,1200,0,1.0564,1.1951,-3.699,-2.837,0.000501
ASTRO_08,155,46,M,69.3,1.097,1.23,NOMINAL,115.5,118.7,81.5,9471.0,27.4,17.1,1257.0,1000,0,1.0562,1.1949,-3.716,-2.853,0.000501
ASTRO_08,156,46,M,69.3,1.097,1.23,NOMINAL,123.8,104.3,85.5,9408.0,28.9,22.7,1006.0,800,0,1.056,1.1947,-3.734,-2.868,0.000501
ASTRO_08,157,46,M,69.3,1.097,1.23,NOMINAL,101.9,130.4,83.8,9483.0,34.7,22.5,1234.0,1200,0,1.0557,1.1945,-3.761,-2.883,0.000501
ASTRO_08,158,46,M,69.3,1.097,1.23,NOMINAL,101.4,118.6,83.3,9099.0,31.8,28.1,1139.0,1200,0,1.0555,1.1944,-3.779,-2.895,0.000501
ASTRO_08,159,46,M,69.3,1.097,1.23,NOMINAL,124.4,94.3,95.6,9429.0,32.1,23.7,1009.0,1000,0,1.0554,1.1943,-3.796,-2.906,0.000501
ASTRO_08,160,46,M,69.3,1.097,1.23,NOMINAL,120.5,121.5,81.2,9696.0,28.0,13.5,996.0,1000,0,1.0551,1.1941,-3.817,-2.921,0.000501
ASTRO_08,161,46,M,69.3,1.097,1.23,SCHEDULED_REST,0.0,0.0,0.0,0.0,0.0,0.0,1309.0,1200,0,1.0546,1.1936,-3.863,-2.962,0.000501
ASTRO_08,162,46,M,69.3,1.097,1.23,NOMINAL,130.4,118.3,80.8,9885.0,30.3,21.0,1155.0,800,0,1.0544,1.1934,-3.884,-2.975,0.000501
ASTRO_08,163,46,M,69.3,1.097,1.23,NOMINAL,90.8,100.7,81.9,8202.0,33.8,21.2,1164.0,800,0,1.0542,1.1932,-3.904,-2.991,0.000501
ASTRO_08,164,46,M,69.3,1.097,1.23,NOMINAL,113.4,100.6,94.9,9267.0,23.0,19.1,1189.0,800,0,1.0539,1.193,-3.927,-3.006,0.000501
ASTRO_08,165,46,M,69.3,1.097,1.23,NOMINAL,99.2,114.4,75.2,8664.0,30.5,19.4,1131.0,1000,0,1.0537,1.1929,-3.951,-3.018,0.000501
ASTRO_08,166,46,M,69.3,1.097,1.23,PARTIAL_SESSION,63.4,0.0,40.9,3129.0,17.4,0.0,1306.0,1200,0,1.0533,1.1926,-3.981,-3.043,0.000501
ASTRO_08,167,46,M,69.3,1.097,1.23,NOMINAL,121.6,107.7,83.5,9384.0,26.7,16.3,1128.0,800,0,1.0531,1.1925,-4.005,-3.053,0.000501
ASTRO_08,168,46,M,69.3,1.097,1.23,SCHEDULED_REST,0.0,0.0,0.0,0.0,0.0,0.0,1114.0,800,0,1.0526,1.192,-4.049,-3.091,0.000501
ASTRO_08,169,46,M,69.3,1.097,1.23,NOMINAL,107.5,124.6,77.0,9273.0,27.1,23.0,1141.0,800,0,1.0524,1.1918,-4.068,-3.106,0.000501
ASTRO_08,170,46,M,69.3,1.097,1.23,NOMINAL,127.6,93.4,86.4,9222.0,28.0,24.7,893.0,1200,0,1.0521,1.1916,-4.092,-3.118,0.000501
ASTRO_08,171,46,M,69.3,1.097,1.23,NOMINAL,125.5,114.1,81.2,9624.0,26.6,18.2,1275.0,800,0,1.0519,1.1915,-4.109,-3.131,0.000501
ASTRO_08,172,46,M,69.3,1.097,1.23,NOMINAL,123.7,115.4,76.3,9462.0,35.1,21.5,1200.0,800,0,1.0517,1.1913,-4.131,-3.146,0.000501
ASTRO_08,173,46,M,69.3,1.097,1.23,NOMINAL,141.4,87.2,107.1,10071.0,32.8,18.4,1139.0,1200,0,1.0515,1.1912,-4.148,-3.158,0.000501
ASTRO_08,174,46,M,69.3,1.097,1.23,NOMINAL,121.6,117.5,78.8,9537.0,24.3,23.6,1249.0,1200,0,1.0513,1.191,-4.17,-3.172,0.000501
ASTRO_08,175,46,M,69.3,1.097,1.23,SCHEDULED_REST,0.0,0.0,0.0,0.0,15.0,0.0,1294.0,1200,0,1.0507,1.1905,-4.217,-3.209,0.000501
ASTRO_08,176,46,M,69.3,1.097,1.23,NOMINAL,106.0,116.2,94.2,9492.0,33.3,22.7,1190.0,1000,0,1.0505,1.1904,-4.235,-3.222,0.000501
ASTRO_08,177,46,M,69.3,1.097,1.23,PARTIAL_SESSION,63.2,0.0,33.0,2886.0,18.8,0.0,1037.0,1200,0,1.0502,1.19,-4.264,-3.249,0.000501
ASTRO_08,178,46,M,69.3,1.097,1.23,NOMINAL,118.0,118.6,92.5,9873.0,33.6,23.2,1135.0,1000,0,1.05,1.1898,-4.284,-3.266,0.000501
ASTRO_08,179,46,M,69.3,1.097,1.23,NOMINAL,131.9,86.8,94.0,9381.0,33.5,14.6,1130.0,800,0,1.0498,1.1897,-4.3,-3.279,0.000501
ASTRO_08,180,46,M,69.3,1.097,1.23,NOMINAL,128.1,132.7,91.9,10581.0,29.4,18.6,1001.0,800,0,1.0496,1.1895,-4.32,-3.293,0.000501
ASTRO_09,1,38,F,68.0,0.977,1.067,NOMINAL,105.8,112.1,86.0,9117.0,24.7,17.0,1104.0,1000,0,0.9768,1.0669,-0.016,-0.013,0.000347
ASTRO_09,2,38,F,68.0,0.977,1.067,NOMINAL,113.5,129.1,74.3,9507.0,28.9,18.1,1070.0,1000,0,0.9768,1.0667,-0.024,-0.027,0.000347
ASTRO_09,3,38,F,68.0,0.977,1.067,NOMINAL,98.3,121.6,83.4,9099.0,27.6,14.4,1096.0,1200,0,0.9766,1.0666,-0.038,-0.042,0.000347
ASTRO_09,4,38,F,68.0,0.977,1.067,NOMINAL,109.6,108.3,83.6,9045.0,24.7,19.3,1014.0,800,0,0.9765,1.0664,-0.052,-0.054,0.000347
ASTRO_09,5,38,F,68.0,0.977,1.067,NOMINAL,122.8,111.3,85.7,9594.0,33.9,26.9,1334.0,1000,0,0.9763,1.0663,-0.068,-0.067,0.000347
ASTRO_09,6,38,F,68.0,0.977,1.067,NOMINAL,103.3,102.4,85.2,8727.0,30.6,23.3,989.0,1200,0,0.9762,1.0662,-0.08,-0.079,0.000347
ASTRO_09,7,38,F,68.0,0.977,1.067,SCHEDULED_REST,0.0,0.0,0.0,0.0,15.0,0.0,1268.0,1000,0,0.9758,1.0658,-0.12,-0.109,0.000347
ASTRO_09,8,38,F,68.0,0.977,1.067,NOMINAL,111.0,102.4,94.9,9249.0,33.9,24.0,1194.0,800,0,0.9757,1.0657,-0.133,-0.117,0.000347
ASTRO_09,9,38,F,68.0,0.977,1.067,NOMINAL,109.3,81.1,78.4,8064.0,24.2,10.3,1235.0,1000,0,0.9755,1.0656,-0.152,-0.13,0.000347
ASTRO_09,10,38,F,68.0,0.977,1.067,NOMINAL,105.0,102.1,92.6,8991.0,28.8,24.9,1268.0,1200,0,0.9754,1.0655,-0.168,-0.14,0.000347
ASTRO_09,11,38,F,68.0,0.977,1.067,NOMINAL,108.6,127.1,97.0,9981.0,27.9,16.0,886.0,800,0,0.9752,1.0654,-0.182,-0.152,0.000347
ASTRO_09,12,38,F,68.0,0.977,1.067,NOMINAL,139.5,93.9,82.1,9465.0,31.5,20.2,1077.0,1000,0,0.9751,1.0653,-0.198,-0.162,0.000347
ASTRO_09,13,38,F,68.0,0.977,1.067,NOMINAL,124.8,110.3,89.2,9729.0,34.7,11.8,1094.0,800,0,0.9749,1.0651,-0.214,-0.178,0.000347
ASTRO_09,14,38,F,68.0,0.977,1.067,SCHEDULED_REST,0.0,0.0,0.0,0.0,15.0,0.0,1064.0,800,0,0.9746,1.0647,-0.249,-0.211,0.000347
ASTRO_09,15,38,F,68.0,0.977,1.067,NOMINAL,125.9,105.1,88.6,9588.0,27.5,16.6,987.0,1200,0,0.9744,1.0646,-0.266,-0.225,0.000347
ASTRO_09,16,38,F,68.0,0.977,1.067,NOMINAL,113.0,99.3,85.2,8925.0,25.3,19.6,1201.0,1000,0,0.9742,1.0645,-0.282,-0.235,0.000347
ASTRO_09,17,38,F,68.0,0.977,1.067,NOMINAL,110.6,125.5,80.5,9498.0,31.8,17.8,992.0,800,0,0.9741,1.0644,-0.295,-0.248,0.000347
ASTRO_09,18,38,F,68.0,0.977,1.067,NOMINAL,125.5,110.9,76.8,9396.0,32.1,22.7,1239.0,1200,0,0.974,1.0642,-0.303,-0.259,0.000347
ASTRO_09,19,38,F,68.0,0.977,1.067,NOMINAL,107.3,104.1,82.8,8826.0,28.9,18.0,1259.0,1200,0,0.9739,1.0641,-0.317,-0.272,0.000347
ASTRO_09,20,38,F,68.0,0.977,1.067,NOMINAL,105.3,112.5,73.0,8724.0,28.1,24.3,918.0,800,0,0.9738,1.064,-0.332,-0.282,0.000347
ASTRO_09,21,38,F,68.0,0.977,1.067,SCHEDULED_REST,0.0,0.0,0.0,0.0,0.0,0.0,1204.0,1000,0,0.9734,1.0637,-0.365,-0.312,0.000347
ASTRO_09,22,38,F,68.0,0.977,1.067,NOMINAL,117.6,121.5,71.0,9303.0,33.5,18.8,1045.0,800,0,0.9733,1.0636,-0.378,-0.322,0.000347
ASTRO_09,23,38,F,68.0,0.977,1.067,NOMINAL,112.3,119.4,70.1,9054.0,30.7,13.9,1000.0,1000,0,0.9731,1.0634,-0.399,-0.335,0.000347
ASTRO_09,24,38,F,68.0,0.977,1.067,NOMINAL,123.9,116.4,75.3,9468.0,35.5,22.1,1071.0,1000,0,0.973,1.0633,-0.413,-0.346,0.000347
ASTRO_09,25,38,F,68.0,0.977,1.067,NOMINAL,113.3,96.1,74.4,8514.0,34.7,13.0,860.0,800,0,0.9728,1.0632,-0.43,-0.359,0.000347
ASTRO_09,26,38,F,68.0,0.977,1.067,NOMINAL,117.2,100.8,94.1,9363.0,33.2,22.6,1248.0,1200,0,0.9726,1.063,-0.452,-0.372,0.000347
ASTRO_09,27,38,F,68.0,0.977,1.067,NOMINAL,143.3,111.1,77.0,9942.0,31.6,15.7,1103.0,1200,0,0.9725,1.0629,-0.465,-0.383,0.000347
ASTRO_09,28,38,F,68.0,0.977,1.067,SCHEDULED_REST,0.0,0.0,0.0,0.0,0.0,0.0,1380.0,1200,0,0.9721,1.0626,-0.501,-0.414,0.000347
ASTRO_09,29,38,F,68.0,0.977,1.067,NOMINAL,103.0,104.9,93.6,9045.0,34.2,17.1,1098.0,800,0,0.9719,1.0624,-0.521,-0.429,0.000347
ASTRO_09,30,38,F,68.0,0.977,1.067,NOMINAL,131.1,119.1,83.3,10005.0,31.7,24.3,1122.0,800,0,0.9717,1.0623,-0.538,-0.441,0.000347
ASTRO_09,31,38,F,68.0,0.977,1.067,NOMINAL,129.2,108.0,83.9,9633.0,28.8,24.5,1027.0,1200,1,0.9716,1.0622,-0.549,-0.45,0.000347
ASTRO_09,32,38,F,68.0,0.977,1.067,NOMINAL,117.1,123.7,78.8,9588.0,29.0,27.3,1099.0,1200,0,0.9715,1.0621,-0.561,-0.462,0.000347
ASTRO_09,33,38,F,68.0,0.977,1.067,NOMINAL,106.1,97.2,90.3,8808.0,26.7,25.0,1118.0,1000,1,0.9714,1.062,-0.572,-0.47,0.000347
ASTRO_09,34,38,F,68.0,0.977,1.067,NOMINAL,116.5,103.7,78.7,8967.0,26.5,22.7,1248.0,1000,0,0.9713,1.0619,-0.587,-0.481,0.000347
ASTRO_09,35,38,F,68.0,0.977,1.067,SCHEDULED_REST,0.0,0.0,0.0,0.0,0.0,0.0,1196.0,1200,0,0.9709,1.0615,-0.628,-0.515,0.000347
ASTRO_09,36,38,F,68.0,0.977,1.067,NOMINAL,102.4,114.6,82.0,8970.0,29.7,24.7,1185.0,1000,0,0.9708,1.0613,-0.638,-0.53,0.000347
ASTRO_09,37,38,F,68.0,0.977,1.067,NOMINAL,111.4,89.5,79.0,8397.0,22.1,15.6,918.0,800,0,0.9706,1.0612,-0.652,-0.543,0.000347
ASTRO_09,38,38,F,68.0,0.977,1.067,NOMINAL,110.9,108.8,81.6,9039.0,34.0,23.8,1191.0,800,0,0.9705,1.0611,-0.668,-0.553,0.000347
ASTRO_09,39,38,F,68.0,0.977,1.067,NOMINAL,121.1,122.5,87.5,9933.0,32.2,26.6,1102.0,1000,0,0.9703,1.061,-0.686,-0.566,0.000347
ASTRO_09,40,38,F,68.0,0.977,1.067,NOMINAL,98.8,107.5,98.1,9132.0,29.2,16.1,1154.0,1200,0,0.9701,1.0608,-0.707,-0.58,0.000347
ASTRO_09,41,38,F,68.0,0.977,1.067,NOMINAL,134.3,115.4,92.6,10269.0,24.5,19.1,1211.0,800,0,0.9699,1.0607,-0.726,-0.59,0.000347
ASTRO_09,42,38,F,68.0,0.977,1.067,SCHEDULED_REST,0.0,0.0,0.0,0.0,0.0,0.0,1115.0,1000,0,0.9696,1.0603,-0.757,-0.624,0.000347
ASTRO_09,43,38,F,68.0,0.977,1.067,NOMINAL,121.8,93.7,85.0,9015.0,31.3,18.6,1006.0,1200,0,0.9694,1.0602,-0.775,-0.635,0.000347
ASTRO_09,44,38,F,68.0,0.977,1.067,NOMINAL,116.0,103.3,100.0,9579.0,26.9,25.0,1053.0,1200,0,0.9693,1.0601,-0.792,-0.649,0.000347
ASTRO_09,45,38,F,68.0,0.977,1.067,NOMINAL,115.2,123.3,76.7,9456.0,27.5,20.8,959.0,1200,0,0.9691,1.06,-0.812,-0.657,0.000347
ASTRO_09,46,38,F,68.0,0.977,1.067,NOMINAL,115.4,107.9,88.5,9354.0,33.4,25.8,1265.0,1200,1,0.969,1.06,-0.822,-0.66,0.000347
ASTRO_09,47,38,F,68.0,0.977,1.067,NOMINAL,110.3,105.7,80.1,8883.0,27.9,20.3,1208.0,1000,0,0.9688,1.0598,-0.84,-0.672,0.000347
ASTRO_09,48,38,F,68.0,0.977,1.067,NOMINAL,128.6,117.8,97.3,10311.0,27.2,16.8,1097.0,1200,1,0.9687,1.0598,-0.85,-0.676,0.000347
ASTRO_09,49,38,F,68.0,0.977,1.067,SCHEDULED_REST,0.0,0.0,0.0,0.0,0.0,0.0,728.0,800,1,0.9684,1.0595,-0.879,-0.703,0.000347
ASTRO_09,50,38,F,68.0,0.977,1.067,NOMINAL,119.8,96.4,96.9,9393.0,28.5,16.5,1327.0,1000,0,0.9683,1.0594,-0.892,-0.714,0.000347
ASTRO_09,51,38,F,68.0,0.977,1.067,NOMINAL,123.1,102.4,88.1,9408.0,32.6,16.7,1236.0,1200,0,0.9682,1.0593,-0.903,-0.723,0.000347
ASTRO_09,52,38,F,68.0,0.977,1.067,NOMINAL,133.2,109.1,84.7,9810.0,22.4,8.8,1231.0,1000,0,0.968,1.0592,-0.926,-0.735,0.000347
ASTRO_09,53,38,F,68.0,0.977,1.067,NOMINAL,138.5,118.7,68.8,9780.0,29.3,15.3,1150.0,800,1,0.9679,1.0591,-0.935,-0.742,0.000347
ASTRO_09,54,38,F,68.0,0.977,1.067,NOMINAL,125.1,98.2,85.0,9249.0,33.5,19.0,1157.0,1000,0,0.9677,1.059,-0.954,-0.749,0.000347
ASTRO_09,55,38,F,68.0,0.977,1.067,NOMINAL,132.6,125.4,91.3,10479.0,27.3,12.3,1049.0,1000,1,0.9676,1.059,-0.961,-0.754,0.000347
ASTRO_09,56,38,F,68.0,0.977,1.067,SCHEDULED_REST,0.0,0.0,0.0,0.0,0.0,0.0,1095.0,1000,0,0.9673,1.0586,-0.995,-0.787,0.000347
ASTRO_09,57,38,F,68.0,0.977,1.067,NOMINAL,112.8,126.2,82.0,9630.0,34.3,21.7,979.0,1200,1,0.9672,1.0586,-0.999,-0.792,0.000347
ASTRO_09,58,38,F,68.0,0.977,1.067,NOMINAL,124.1,103.9,87.6,9468.0,23.3,18.7,1170.0,1200,0,0.9672,1.0584,-1.007,-0.805,0.000347
ASTRO_09,59,38,F,68.0,0.977,1.067,NOMINAL,111.9,100.8,89.1,9054.0,38.6,16.5,1204.0,1000,1,0.9671,1.0584,-1.012,-0.808,0.000347
ASTRO_09,60,38,F,68.0,0.977,1.067,NOMINAL,119.5,98.5,81.6,8988.0,28.8,17.8,1125.0,1000,1,0.967,1.0583,-1.023,-0.817,0.000347
ASTRO_09,61,38,F,68.0,0.977,1.067,NOMINAL,111.3,107.8,91.4,9315.0,38.8,26.7,1007.0,1000,0,0.9669,1.0582,-1.037,-0.829,0.000347
ASTRO_09,62,38,F,68.0,0.977,1.067,NOMINAL,131.6,110.0,88.9,9915.0,26.7,17.1,1112.0,1000,1,0.9667,1.0581,-1.05,-0.838,0.000347
ASTRO_09,63,38,F,68.0,0.977,1.067,SCHEDULED_REST,0.0,0.0,0.0,0.0,0.0,0.0,1264.0,800,0,0.9665,1.0577,-1.08,-0.87,0.000347
ASTRO_09,64,38,F,68.0,0.977,1.067,NOMINAL,95.5,124.7,75.8,8880.0,31.0,23.0,1281.0,800,0,0.9663,1.0576,-1.096,-0.885,0.000347
ASTRO_09,65,38,F,68.0,0.977,1.067,NOMINAL,113.3,107.2,75.1,8868.0,36.2,25.5,1218.0,1200,1,0.9662,1.0575,-1.106,-0.89,0.000347
ASTRO_09,66,38,F,68.0,0.977,1.067,NOMINAL,96.4,113.5,72.6,8475.0,33.8,30.7,1016.0,1200,1,0.966,1.0574,-1.121,-0.896,0.000347
ASTRO_09,67,38,F,68.0,0.977,1.067,NOMINAL,120.9,101.3,79.3,9045.0,31.4,12.5,1102.0,1000,1,0.966,1.0574,-1.129,-0.9,0.000347
ASTRO_09,68,38,F,68.0,0.977,1.067,NOMINAL,103.5,93.0,78.4,8247.0,25.1,13.6,932.0,1200,0,0.9658,1.0573,-1.145,-0.911,0.000347
ASTRO_09,69,38,F,68.0,0.977,1.067,NOMINAL,102.1,112.7,87.5,9069.0,32.9,13.7,1239.0,1000,0,0.9657,1.0571,-1.159,-0.924,0.000347
ASTRO_09,70,38,F,68.0,0.977,1.067,SCHEDULED_REST,0.0,0.0,0.0,0.0,0.0,0.0,1081.0,1200,1,0.9654,1.0568,-1.187,-0.953,0.000347
ASTRO_09,71,38,F,68.0,0.977,1.067,NOMINAL,107.7,121.5,87.3,9495.0,31.2,24.7,1222.0,1000,0,0.9653,1.0567,-1.201,-0.962,0.000347
ASTRO_09,72,38,F,68.0,0.977,1.067,NOMINAL,115.2,104.7,85.9,9174.0,22.9,18.8,1084.0,800,0,0.9651,1.0566,-1.222,-0.973,0.000347
ASTRO_09,73,38,F,68.0,0.977,1.067,NOMINAL,125.9,112.0,70.1,9240.0,35.0,28.2,1087.0,1200,0,0.9649,1.0565,-1.237,-0.984,0.000347
ASTRO_09,74,38,F,68.0,0.977,1.067,NOMINAL,112.5,107.5,94.3,9429.0,32.6,17.3,1151.0,1000,0,0.9647,1.0564,-1.26,-0.995,0.000347
ASTRO_09,75,38,F,68.0,0.977,1.067,NOMINAL,110.8,94.1,85.3,8706.0,29.3,14.2,853.0,800,0,0.9645,1.0562,-1.28,-1.009,0.000347
ASTRO_09,76,38,F,68.0,0.977,1.067,NOMINAL,119.0,106.0,63.5,8655.0,37.8,10.1,1104.0,1200,1,0.9644,1.0561,-1.291,-1.02,0.000347
ASTRO_09,77,38,F,68.0,0.977,1.067,SCHEDULED_REST,0.0,0.0,0.0,0.0,0.0,0.0,1090.0,800,1,0.9641,1.0559,-1.321,-1.043,0.000347
ASTRO_09,78,38,F,68.0,0.977,1.067,NOMINAL,117.9,92.9,86.6,8922.0,36.5,15.4,1075.0,1000,0,0.9639,1.0557,-1.338,-1.055,0.000347
ASTRO_09,79,38,F,68.0,0.977,1.067,NOMINAL,145.9,95.3,87.0,9846.0,28.1,19.8,1213.0,1200,1,0.9638,1.0557,-1.353,-1.063,0.000347
ASTRO_09,80,38,F,68.0,0.977,1.067,NOMINAL,116.3,123.6,93.4,9999.0,35.1,9.0,974.0,800,0,0.9636,1.0555,-1.371,-1.076,0.000347
ASTRO_09,81,38,F,68.0,0.977,1.067,NOMINAL,100.5,107.9,79.7,8643.0,28.3,19.6,968.0,800,0,0.9634,1.0554,-1.388,-1.086,0.000347
ASTRO_09,82,38,F,68.0,0.977,1.067,NOMINAL,131.1,101.2,79.0,9339.0,26.4,16.6,1049.0,800,0,0.9633,1.0553,-1.405,-1.097,0.000347
ASTRO_09,83,38,F,68.0,0.977,1.067,NOMINAL,123.1,95.7,79.1,8937.0,28.8,12.6,1008.0,1000,0,0.9631,1.0552,-1.418,-1.108,0.000347
ASTRO_09,84,38,F,68.0,0.977,1.067,SCHEDULED_REST,0.0,0.0,0.0,0.0,0.0,0.0,1142.0,1000,0,0.9628,1.0549,-1.451,-1.138,0.000347
ASTRO_09,85,38,F,68.0,0.977,1.067,NOMINAL,132.9,107.6,78.7,9576.0,28.6,24.3,1144.0,800,0,0.9627,1.0548,-1.465,-1.146,0.000347
ASTRO_09,86,38,F,68.0,0.977,1.067,NOMINAL,105.6,101.7,83.1,8712.0,37.3,16.0,1105.0,800,0,0.9626,1.0547,-1.478,-1.157,0.000347
ASTRO_09,87,38,F,68.0,0.977,1.067,NOMINAL,118.1,107.5,89.4,9450.0,33.5,19.3,918.0,1200,0,0.9624,1.0545,-1.491,-1.169,0.000347
ASTRO_09,88,38,F,68.0,0.977,1.067,NOMINAL,137.1,118.8,78.6,10035.0,22.8,12.7,1042.0,800,0,0.9624,1.0544,-1.499,-1.18,0.000347
ASTRO_09,89,38,F,68.0,0.977,1.067,NOMINAL,116.1,99.1,81.8,8910.0,35.5,25.2,1203.0,1200,1,0.9622,1.0543,-1.51,-1.188,0.000347
ASTRO_09,90,38,F,68.0,0.977,1.067,NOMINAL,122.0,113.6,69.2,9144.0,26.3,14.1,1126.0,800,0,0.9621,1.0542,-1.523,-1.199,0.000347
ASTRO_09,91,38,F,68.0,0.977,1.067,SCHEDULED_REST,0.0,0.0,0.0,0.0,0.0,0.0,1281.0,1000,0,0.9618,1.0539,-1.558,-1.229,0.000347
ASTRO_09,92,38,F,68.0,0.977,1.067,NOMINAL,114.5,104.4,90.7,9288.0,37.2,10.3,1172.0,1200,1,0.9617,1.0538,-1.567,-1.235,0.000347
ASTRO_09,93,38,F,68.0,0.977,1.067,NOMINAL,115.7,113.7,82.2,9348.0,27.8,16.2,1112.0,1000,1,0.9616,1.0537,-1.579,-1.243,0.000347
ASTRO_09,94,38,F,68.0,0.977,1.067,NOMINAL,112.6,127.3,80.3,9606.0,32.1,20.7,1130.0,1000,0,0.9614,1.0536,-1.593,-1.259,0.000347
ASTRO_09,95,38,F,68.0,0.977,1.067,NOMINAL,116.2,120.5,80.9,9528.0,28.4,20.6,1058.0,800,0,0.9613,1.0535,-1.608,-1.268,0.000347
ASTRO_09,96,38,F,68.0,0.977,1.067,NOMINAL,115.1,116.1,88.8,9600.0,32.2,28.9,1121.0,800,0,0.9611,1.0534,-1.625,-1.278,0.000347
ASTRO_09,97,38,F,68.0,0.977,1.067,NOMINAL,115.7,100.6,72.7,8670.0,33.0,15.1,1296.0,800,0,0.961,1.0533,-1.633,-1.286,0.000347
ASTRO_09,98,38,F,68.0,0.977,1.067,SCHEDULED_REST,0.0,0.0,0.0,0.0,15.0,0.0,1054.0,800,1,0.9607,1.053,-1.664,-1.315,0.000347
ASTRO_09,99,38,F,68.0,0.977,1.067,NOMINAL,141.1,99.4,70.7,9336.0,29.1,15.2,1094.0,1000,0,0.9606,1.0528,-1.676,-1.327,0.000347
ASTRO_09,100,38,F,68.0,0.977,1.067,NOMINAL,118.5,112.9,67.5,8967.0,32.3,12.7,1345.0,1200,1,0.9606,1.0528,-1.682,-1.334,0.000347
ASTRO_09,101,38,F,68.0,0.977,1.067,NOMINAL,142.1,116.2,74.1,9972.0,28.1,13.7,1176.0,1000,0,0.9604,1.0527,-1.698,-1.344,0.000347
ASTRO_09,102,38,F,68.0,0.977,1.067,NOMINAL,129.2,112.9,86.2,9849.0,23.3,30.7,902.0,800,1,0.9603,1.0526,-1.709,-1.35,0.000347
ASTRO_09,103,38,F,68.0,0.977,1.067,NOMINAL,121.5,111.1,72.6,9156.0,33.6,18.5,989.0,800,0,0.9601,1.0525,-1.726,-1.362,0.000347
ASTRO_09,104,38,F,68.0,0.977,1.067,NOMINAL,120.1,115.0,81.7,9504.0,30.8,18.8,1114.0,800,0,0.96,1.0524,-1.738,-1.372,0.000347
ASTRO_09,105,38,F,68.0,0.977,1.067,SCHEDULED_REST,0.0,0.0,0.0,0.0,0.0,0.0,1119.0,1200,1,0.9597,1.0521,-1.771,-1.399,0.000347
ASTRO_09,106,38,F,68.0,0.977,1.067,NOMINAL,121.7,97.9,91.8,9342.0,18.9,19.6,1237.0,1000,0,0.9595,1.052,-1.791,-1.409,0.000347
ASTRO_09,107,38,F,68.0,0.977,1.067,NOMINAL,121.6,94.8,72.6,8670.0,27.5,20.1,1060.0,1200,0,0.9594,1.0519,-1.805,-1.419,0.000347
ASTRO_09,108,38,F,68.0,0.977,1.067,NOMINAL,111.8,100.5,77.5,8694.0,33.7,26.9,1235.0,1000,0,0.9592,1.0518,-1.819,-1.428,0.000347
ASTRO_09,109,38,F,68.0,0.977,1.067,NOMINAL,105.7,106.5,82.4,8838.0,26.2,11.2,1075.0,800,0,0.9591,1.0517,-1.836,-1.437,0.000347
ASTRO_09,110,38,F,68.0,0.977,1.067,NOMINAL,108.0,119.1,70.1,8916.0,34.3,26.4,924.0,1200,0,0.959,1.0516,-1.846,-1.446,0.000347
ASTRO_09,111,38,F,68.0,0.977,1.067,NOMINAL,127.2,97.6,69.3,8823.0,31.1,20.8,1248.0,1000,1,0.9589,1.0515,-1.854,-1.45,0.000347
ASTRO_09,112,38,F,68.0,0.977,1.067,SCHEDULED_REST,0.0,0.0,0.0,0.0,0.0,0.0,1107.0,1000,1,0.9586,1.0513,-1.883,-1.475,0.000347
ASTRO_09,113,38,F,68.0,0.977,1.067,NOMINAL,102.0,107.3,78.5,8634.0,30.4,22.6,1038.0,800,0,0.9584,1.0511,-1.899,-1.488,0.000347
ASTRO_09,114,38,F,68.0,0.977,1.067,NOMINAL,132.9,120.6,90.7,10326.0,25.8,18.2,1069.0,1200,0,0.9584,1.051,-1.908,-1.501,0.000347
ASTRO_09,115,38,F,68.0,0.977,1.067,NOMINAL,109.1,102.7,59.2,8130.0,30.4,15.4,1197.0,1200,0,0.9582,1.0509,-1.926,-1.512,0.000347
ASTRO_09,116,38,F,68.0,0.977,1.067,NOMINAL,133.0,103.2,90.4,9798.0,29.4,22.5,887.0,800,0,0.958,1.0508,-1.941,-1.522,0.000347
ASTRO_09,117,38,F,68.0,0.977,1.067,NOMINAL,125.0,88.1,88.8,9057.0,33.3,16.1,1249.0,800,0,0.9579,1.0506,-1.958,-1.533,0.000347
ASTRO_09,118,38,F,68.0,0.977,1.067,NOMINAL,117.4,106.5,82.3,9186.0,38.4,19.2,1214.0,1000,0,0.9577,1.0505,-1.973,-1.546,0.000347
ASTRO_09,119,38,F,68.0,0.977,1.067,SCHEDULED_REST,0.0,0.0,0.0,0.0,0.0,0.0,1051.0,800,1,0.9575,1.0503,-2.0,-1.569,0.000347
ASTRO_09,120,38,F,68.0,0.977,1.067,NOMINAL,109.1,107.3,85.9,9069.0,28.9,24.9,969.0,800,0,0.9573,1.0501,-2.02,-1.581,0.000347
ASTRO_09,121,38,F,68.0,0.977,1.067,NOMINAL,103.3,115.3,81.9,9015.0,30.7,16.5,1309.0,1000,0,0.9572,1.05,-2.027,-1.595,0.000347
ASTRO_09,122,38,F,68.0,0.977,1.067,NOMINAL,121.8,121.9,70.5,9426.0,25.8,21.3,1090.0,800,0,0.9571,1.0498,-2.038,-1.612,0.000347
ASTRO_09,123,38,F,68.0,0.977,1.067,NOMINAL,103.1,109.9,86.2,8976.0,28.7,26.9,1224.0,1200,0,0.9569,1.0497,-2.054,-1.626,0.000347
ASTRO_09,124,38,F,68.0,0.977,1.067,NOMINAL,108.4,97.7,83.9,8700.0,26.7,14.9,908.0,1000,0,0.9568,1.0495,-2.066,-1.637,0.000347
ASTRO_09,125,38,F,68.0,0.977,1.067,NOMINAL,122.6,100.2,91.8,9438.0,25.3,24.2,1198.0,1200,0,0.9566,1.0494,-2.084,-1.646,0.000347
ASTRO_09,126,38,F,68.0,0.977,1.067,SCHEDULED_REST,0.0,0.0,0.0,0.0,0.0,0.0,1115.0,800,0,0.9563,1.0491,-2.121,-1.676,0.000347
ASTRO_09,127,38,F,68.0,0.977,1.067,NOMINAL,130.2,96.1,90.3,9498.0,34.2,15.3,1292.0,1200,1,0.9562,1.049,-2.129,-1.683,0.000347
ASTRO_09,128,38,F,68.0,0.977,1.067,NOMINAL,121.0,111.2,80.1,9369.0,33.3,18.9,1128.0,1200,0,0.956,1.0489,-2.147,-1.694,0.000347
ASTRO_09,129,38,F,68.0,0.977,1.067,NOMINAL,120.5,115.3,76.8,9378.0,28.5,22.0,1039.0,800,0,0.9559,1.0488,-2.159,-1.706,0.000347
ASTRO_09,130,38,F,68.0,0.977,1.067,NOMINAL,120.5,118.9,92.4,9954.0,30.4,17.1,1276.0,1200,1,0.9558,1.0487,-2.165,-1.713,0.000347
ASTRO_09,131,38,F,68.0,0.977,1.067,NOMINAL,108.3,90.7,64.2,7896.0,32.9,10.1,963.0,1200,0,0.9557,1.0486,-2.18,-1.725,0.000347
ASTRO_09,132,38,F,68.0,0.977,1.067,NOMINAL,113.6,97.4,76.5,8625.0,28.8,10.5,1006.0,800,1,0.9555,1.0485,-2.198,-1.732,0.000347
ASTRO_09,133,38,F,68.0,0.977,1.067,SCHEDULED_REST,0.0,0.0,0.0,0.0,0.0,0.0,1078.0,800,1,0.9553,1.0483,-2.224,-1.755,0.000347
ASTRO_09,134,38,F,68.0,0.977,1.067,NOMINAL,96.9,97.0,76.7,8118.0,38.2,15.1,1230.0,1000,1,0.9552,1.0482,-2.234,-1.765,0.000347
ASTRO_09,135,38,F,68.0,0.977,1.067,NOMINAL,123.5,98.5,80.4,9072.0,29.7,19.2,1022.0,1200,0,0.955,1.0481,-2.255,-1.773,0.000347
ASTRO_09,136,38,F,68.0,0.977,1.067,NOMINAL,110.3,115.8,92.3,9552.0,26.4,17.6,1309.0,1200,0,0.9548,1.048,-2.273,-1.782,0.000347
ASTRO_09,137,38,F,68.0,0.977,1.067,NOMINAL,123.1,108.3,78.1,9285.0,31.1,27.9,1129.0,800,0,0.9547,1.0478,-2.281,-1.797,0.000347
ASTRO_09,138,38,F,68.0,0.977,1.067,NOMINAL,121.6,98.7,82.1,9072.0,31.6,16.2,1126.0,1000,0,0.9546,1.0477,-2.295,-1.806,0.000347
ASTRO_09,139,38,F,68.0,0.977,1.067,NOMINAL,119.6,116.6,88.3,9735.0,33.7,20.1,1106.0,1000,0,0.9545,1.0476,-2.307,-1.819,0.000347
ASTRO_09,140,38,F,68.0,0.977,1.067,SCHEDULED_REST,0.0,0.0,0.0,0.0,0.0,0.0,957.0,1000,1,0.9541,1.0473,-2.339,-1.846,0.000347
ASTRO_09,141,38,F,68.0,0.977,1.067,NOMINAL,130.8,99.3,82.3,9372.0,25.0,23.8,1036.0,1200,0,0.954,1.0472,-2.356,-1.855,0.000347
ASTRO_09,142,38,F,68.0,0.977,1.067,NOMINAL,115.0,111.3,70.9,8916.0,24.0,22.8,1232.0,800,0,0.9538,1.0471,-2.376,-1.864,0.000347
ASTRO_09,143,38,F,68.0,0.977,1.067,NOMINAL,114.6,107.5,77.9,9000.0,24.2,22.8,951.0,1200,0,0.9536,1.047,-2.391,-1.878,0.000347
ASTRO_09,144,38,F,68.0,0.977,1.067,NOMINAL,122.2,87.5,66.8,8295.0,33.3,17.3,981.0,1000,0,0.9535,1.0468,-2.405,-1.892,0.000347
ASTRO_09,145,38,F,68.0,0.977,1.067,NOMINAL,110.0,104.2,90.4,9138.0,23.2,21.9,988.0,1000,0,0.9533,1.0467,-2.422,-1.904,0.000347
ASTRO_09,146,38,F,68.0,0.977,1.067,NOMINAL,114.8,133.5,79.9,9846.0,26.7,26.5,1107.0,1000,0,0.9532,1.0466,-2.435,-1.913,0.000347
ASTRO_09,147,38,F,68.0,0.977,1.067,SCHEDULED_REST,0.0,0.0,0.0,0.0,15.0,0.0,1089.0,800,0,0.9528,1.0462,-2.475,-1.946,0.000347
ASTRO_09,148,38,F,68.0,0.977,1.067,NOMINAL,113.4,108.2,79.4,9030.0,41.2,22.5,951.0,1000,0,0.9527,1.0461,-2.488,-1.957,0.000347
ASTRO_09,149,38,F,68.0,0.977,1.067,NOMINAL,124.2,119.0,67.4,9318.0,32.6,27.0,1327.0,1000,0,0.9525,1.046,-2.507,-1.968,0.000347
ASTRO_09,150,38,F,68.0,0.977,1.067,NOMINAL,113.3,112.0,81.9,9216.0,28.2,21.2,1148.0,1200,0,0.9523,1.0459,-2.53,-1.98,0.000347
ASTRO_09,151,38,F,68.0,0.977,1.067,NOMINAL,154.4,99.1,90.8,10329.0,27.7,22.5,1179.0,800,1,0.9522,1.0458,-2.536,-1.987,0.000347
ASTRO_09,152,38,F,68.0,0.977,1.067,NOMINAL,126.1,99.5,76.3,9057.0,36.8,5.3,1158.0,1000,0,0.952,1.0457,-2.555,-1.998,0.000347
ASTRO_09,153,38,F,68.0,0.977,1.067,NOMINAL,121.9,125.8,80.5,9846.0,29.7,9.7,1082.0,1000,0,0.9519,1.0456,-2.569,-2.007,0.000347
ASTRO_09,154,38,F,68.0,0.977,1.067,SCHEDULED_REST,0.0,0.0,0.0,0.0,0.0,0.0,1156.0,1200,0,0.9516,1.0453,-2.602,-2.037,0.000347
ASTRO_09,155,38,F,68.0,0.977,1.067,NOMINAL,147.3,119.2,89.2,10671.0,31.5,20.0,1202.0,800,1,0.9515,1.0452,-2.612,-2.039,0.000347
ASTRO_09,156,38,F,68.0,0.977,1.067,NOMINAL,115.2,121.0,83.3,9585.0,31.1,16.6,938.0,1200,0,0.9514,1.0452,-2.624,-2.048,0.000347
ASTRO_09,157,38,F,68.0,0.977,1.067,NOMINAL,128.6,107.2,90.0,9774.0,43.7,20.6,943.0,1200,0,0.9513,1.045,-2.635,-2.06,0.000347
ASTRO_09,158,38,F,68.0,0.977,1.067,NOMINAL,127.1,126.6,71.9,9768.0,27.8,17.4,1132.0,1000,0,0.9511,1.0449,-2.649,-2.071,0.000347
ASTRO_09,159,38,F,68.0,0.977,1.067,NOMINAL,97.7,96.5,74.5,8061.0,32.2,13.0,990.0,1000,0,0.951,1.0448,-2.662,-2.083,0.000347
ASTRO_09,160,38,F,68.0,0.977,1.067,NOMINAL,119.1,114.2,73.6,9207.0,35.0,20.5,1210.0,1200,1,0.9509,1.0448,-2.672,-2.085,0.000347
ASTRO_09,161,38,F,68.0,0.977,1.067,SCHEDULED_REST,0.0,0.0,0.0,0.0,0.0,0.0,1043.0,1200,0,0.9506,1.0444,-2.705,-2.116,0.000347
ASTRO_09,162,38,F,68.0,0.977,1.067,NOMINAL,112.0,114.9,83.8,9321.0,34.8,10.9,1104.0,1000,0,0.9504,1.0443,-2.722,-2.127,0.000347
ASTRO_09,163,38,F,68.0,0.977,1.067,NOMINAL,115.6,111.8,82.6,9300.0,26.9,19.3,1137.0,1200,0,0.9502,1.0442,-2.739,-2.139,0.000347
ASTRO_09,164,38,F,68.0,0.977,1.067,NOMINAL,118.8,120.6,83.7,9693.0,27.4,22.0,1305.0,800,0,0.9501,1.0441,-2.751,-2.149,0.000347
ASTRO_09,165,38,F,68.0,0.977,1.067,NOMINAL,126.6,123.2,90.2,10200.0,32.3,25.3,970.0,1200,1,0.95,1.044,-2.765,-2.151,0.000347
ASTRO_09,166,38,F,68.0,0.977,1.067,NOMINAL,112.6,105.9,91.2,9291.0,26.2,26.6,1072.0,800,1,0.9499,1.0439,-2.777,-2.161,0.000347
ASTRO_09,167,38,F,68.0,0.977,1.067,NOMINAL,104.5,120.2,85.5,9306.0,26.1,16.6,1248.0,1200,0,0.9498,1.0438,-2.789,-2.171,0.000347
ASTRO_09,168,38,F,68.0,0.977,1.067,SCHEDULED_REST,0.0,0.0,0.0,0.0,15.0,0.0,1112.0,800,0,0.9494,1.0435,-2.826,-2.203,0.000347
ASTRO_09,169,38,F,68.0,0.977,1.067,NOMINAL,134.3,109.0,86.1,9882.0,36.1,8.2,1253.0,1000,0,0.9493,1.0434,-2.838,-2.215,0.000347
ASTRO_09,170,38,F,68.0,0.977,1.067,NOMINAL,122.2,119.0,91.2,9972.0,23.9,28.9,1270.0,1200,0,0.9491,1.0433,-2.854,-2.225,0.000347
ASTRO_09,171,38,F,68.0,0.977,1.067,NOMINAL,115.7,96.8,92.6,9153.0,25.7,19.5,1139.0,1200,1,0.949,1.0432,-2.863,-2.229,0.000347
ASTRO_09,172,38,F,68.0,0.977,1.067,NOMINAL,118.1,103.1,83.9,9153.0,31.6,22.4,954.0,1200,1,0.949,1.0432,-2.87,-2.234,0.000347
ASTRO_09,173,38,F,68.0,0.977,1.067,NOMINAL,127.0,107.5,77.4,9357.0,27.0,12.5,1219.0,1000,1,0.9489,1.0431,-2.88,-2.242,0.000347
ASTRO_09,174,38,F,68.0,0.977,1.067,NOMINAL,107.9,100.1,81.9,8697.0,34.3,18.3,830.0,800,0,0.9487,1.043,-2.892,-2.253,0.000347
ASTRO_09,175,38,F,68.0,0.977,1.067,SCHEDULED_REST,0.0,0.0,0.0,0.0,0.0,0.0,1113.0,1000,1,0.9485,1.0427,-2.921,-2.278,0.000347
ASTRO_09,176,38,F,68.0,0.977,1.067,NOMINAL,118.7,108.6,84.9,9366.0,28.3,17.6,1266.0,1200,0,0.9483,1.0426,-2.935,-2.291,0.000347
ASTRO_09,177,38,F,68.0,0.977,1.067,NOMINAL,105.4,98.8,87.4,8748.0,35.2,28.8,1102.0,800,1,0.9482,1.0425,-2.948,-2.3,0.000347
ASTRO_09,178,38,F,68.0,0.977,1.067,NOMINAL,126.6,120.1,86.5,9996.0,31.7,19.3,1045.0,1000,1,0.9481,1.0424,-2.955,-2.305,0.000347
ASTRO_09,179,38,F,68.0,0.977,1.067,NOMINAL,113.9,134.2,69.5,9528.0,29.1,16.1,1146.0,1200,0,0.9479,1.0423,-2.976,-2.315,0.000347
ASTRO_09,180,38,F,68.0,0.977,1.067,NOMINAL,100.8,132.3,89.4,9675.0,30.3,18.9,1259.0,1000,0,0.9478,1.0422,-2.991,-2.328,0.000347
ASTRO_10,1,38,F,71.0,1.018,1.104,NOMINAL,126.2,107.4,83.0,9498.0,34.1,24.5,980.0,1000,0,1.0178,1.1038,-0.021,-0.014,0.000423
ASTRO_10,2,38,F,71.0,1.018,1.104,NOMINAL,110.6,115.9,78.1,9138.0,31.8,26.3,1123.0,1200,0,1.0176,1.1037,-0.042,-0.031,0.000423
ASTRO_10,3,38,F,71.0,1.018,1.104,NOMINAL,115.0,113.0,94.8,9684.0,31.2,33.1,921.0,800,0,1.0174,1.1035,-0.06,-0.043,0.000423
ASTRO_10,4,38,F,71.0,1.018,1.104,NOMINAL,111.3,105.1,77.4,8814.0,26.0,22.2,1111.0,800,0,1.0172,1.1034,-0.075,-0.057,0.000423
ASTRO_10,5,38,F,71.0,1.018,1.104,NOMINAL,112.8,115.2,87.6,9468.0,32.8,21.5,1296.0,800,0,1.0171,1.1032,-0.087,-0.072,0.000423
ASTRO_10,6,38,F,71.0,1.018,1.104,NOMINAL,113.0,118.7,91.3,9690.0,34.3,17.5,875.0,800,0,1.017,1.1031,-0.103,-0.081,0.000423
ASTRO_10,7,38,F,71.0,1.018,1.104,SCHEDULED_REST,0.0,0.0,0.0,0.0,0.0,0.0,1025.0,800,0,1.0166,1.1027,-0.142,-0.115,0.000423
ASTRO_10,8,38,F,71.0,1.018,1.104,NOMINAL,138.9,114.6,71.7,9756.0,27.6,27.0,1118.0,1000,0,1.0164,1.1026,-0.159,-0.124,0.000423
ASTRO_10,9,38,F,71.0,1.018,1.104,NOMINAL,111.5,117.1,77.3,9177.0,26.6,15.8,1365.0,1200,0,1.0161,1.1025,-0.184,-0.138,0.000423
ASTRO_10,10,38,F,71.0,1.018,1.104,NOMINAL,143.7,117.9,79.9,10245.0,28.1,21.7,1039.0,800,0,1.016,1.1023,-0.199,-0.151,0.000423
ASTRO_10,11,38,F,71.0,1.018,1.104,NOMINAL,155.4,107.9,81.7,10350.0,26.5,26.4,1055.0,1200,0,1.0158,1.1022,-0.218,-0.164,0.000423
ASTRO_10,12,38,F,71.0,1.018,1.104,NOMINAL,108.3,108.3,86.5,9093.0,31.4,19.6,1077.0,800,0,1.0156,1.1021,-0.233,-0.176,0.000423
ASTRO_10,13,38,F,71.0,1.018,1.104,NOMINAL,124.3,118.6,93.2,10083.0,31.6,26.0,1205.0,800,0,1.0155,1.1019,-0.25,-0.187,0.000423
ASTRO_10,14,38,F,71.0,1.018,1.104,SCHEDULED_REST,0.0,0.0,0.0,0.0,0.0,0.0,1276.0,1200,0,1.015,1.1015,-0.294,-0.222,0.000423
ASTRO_10,15,38,F,71.0,1.018,1.104,NOMINAL,117.2,128.9,92.3,10152.0,31.7,11.0,1241.0,1000,0,1.0149,1.1014,-0.306,-0.237,0.000423
ASTRO_10,16,38,F,71.0,1.018,1.104,NOMINAL,127.6,116.2,75.3,9573.0,34.9,16.8,833.0,1200,0,1.0148,1.1012,-0.319,-0.253,0.000423
ASTRO_10,17,38,F,71.0,1.018,1.104,NOMINAL,114.6,120.0,89.2,9714.0,30.2,20.9,874.0,1000,0,1.0146,1.1011,-0.338,-0.266,0.000423
ASTRO_10,18,38,F,71.0,1.018,1.104,NOMINAL,128.0,107.3,78.6,9417.0,28.8,9.8,976.0,1200,0,1.0144,1.1009,-0.358,-0.281,0.000423
ASTRO_10,19,38,F,71.0,1.018,1.104,NOMINAL,120.5,104.4,85.8,9321.0,31.3,27.0,1029.0,1200,0,1.0142,1.1007,-0.371,-0.295,0.000423
ASTRO_10,20,38,F,71.0,1.018,1.104,NOMINAL,128.5,122.8,87.5,10164.0,25.9,19.3,983.0,1200,0,1.014,1.1006,-0.389,-0.307,0.000423
ASTRO_10,21,38,F,71.0,1.018,1.104,SCHEDULED_REST,0.0,0.0,0.0,0.0,0.0,0.0,1039.0,1000,0,1.0136,1.1002,-0.431,-0.342,0.000423
ASTRO_10,22,38,F,71.0,1.018,1.104,NOMINAL,113.5,104.9,79.5,8937.0,27.6,18.4,1140.0,800,0,1.0134,1.1001,-0.449,-0.357,0.000423
ASTRO_10,23,38,F,71.0,1.018,1.104,NOMINAL,124.5,127.9,86.6,10170.0,26.7,27.4,1187.0,1200,0,1.0133,1.1,-0.465,-0.367,0.000423
ASTRO_10,24,38,F,71.0,1.018,1.104,NOMINAL,103.1,115.3,82.0,9012.0,28.1,27.5,1026.0,1000,0,1.0131,1.0998,-0.481,-0.383,0.000423
ASTRO_10,25,38,F,71.0,1.018,1.104,NOMINAL,100.9,105.4,96.7,9090.0,31.3,23.0,1189.0,800,0,1.0129,1.0997,-0.499,-0.394,0.000423
ASTRO_10,26,38,F,71.0,1.018,1.104,NOMINAL,138.7,126.3,89.4,10632.0,34.6,19.1,1037.0,1200,0,1.0127,1.0995,-0.517,-0.411,0.000423
ASTRO_10,27,38,F,71.0,1.018,1.104,NOMINAL,124.0,125.2,74.7,9717.0,27.1,22.2,793.0,1200,0,1.0125,1.0993,-0.536,-0.421,0.000423
ASTRO_10,28,38,F,71.0,1.018,1.104,SCHEDULED_REST,0.0,0.0,0.0,0.0,0.0,0.0,991.0,1000,0,1.0121,1.0989,-0.58,-0.462,0.000423
ASTRO_10,29,38,F,71.0,1.018,1.104,NOMINAL,106.5,116.8,85.2,9255.0,33.5,12.4,1076.0,800,0,1.0119,1.0987,-0.602,-0.478,0.000423
ASTRO_10,30,38,F,71.0,1.018,1.104,NOMINAL,128.0,110.3,77.9,9486.0,19.4,15.5,1180.0,800,0,1.0117,1.0986,-0.615,-0.49,0.000423
ASTRO_10,31,38,F,71.0,1.018,1.104,NOMINAL,103.5,127.4,89.0,9597.0,43.2,30.4,1099.0,1200,0,1.0116,1.0984,-0.627,-0.507,0.000423
ASTRO_10,32,38,F,71.0,1.018,1.104,NOMINAL,106.0,113.6,81.2,9024.0,30.9,26.9,1204.0,1000,0,1.0114,1.0982,-0.648,-0.521,0.000423
ASTRO_10,33,38,F,71.0,1.018,1.104,NOMINAL,109.9,104.4,90.9,9156.0,33.6,15.8,1034.0,800,1,1.0113,1.0982,-0.661,-0.527,0.000423
ASTRO_10,34,38,F,71.0,1.018,1.104,NOMINAL,136.1,106.9,91.6,10038.0,37.9,16.6,1316.0,800,0,1.0111,1.098,-0.68,-0.542,0.000423
ASTRO_10,35,38,F,71.0,1.018,1.104,SCHEDULED_REST,0.0,0.0,0.0,0.0,0.0,0.0,1158.0,1200,1,1.0107,1.0977,-0.72,-0.573,0.000423
ASTRO_10,36,38,F,71.0,1.018,1.104,NOMINAL,131.1,107.6,92.7,9942.0,37.9,20.1,1098.0,1000,1,1.0105,1.0976,-0.733,-0.579,0.000423
ASTRO_10,37,38,F,71.0,1.018,1.104,NOMINAL,136.4,109.1,74.1,9588.0,34.9,15.6,1052.0,1200,0,1.0104,1.0974,-0.751,-0.595,0.000423
ASTRO_10,38,38,F,71.0,1.018,1.104,NOMINAL,137.6,106.9,81.6,9783.0,39.2,16.5,1189.0,800,0,1.0102,1.0973,-0.768,-0.609,0.000423
ASTRO_10,39,38,F,71.0,1.018,1.104,NOMINAL,122.5,101.7,83.6,9234.0,25.6,18.8,1060.0,800,0,1.0101,1.0971,-0.781,-0.623,0.000423
ASTRO_10,40,38,F,71.0,1.018,1.104,NOMINAL,121.5,145.4,83.4,10509.0,33.8,22.9,1380.0,1200,1,1.0099,1.0971,-0.791,-0.628,0.000423
ASTRO_10,41,38,F,71.0,1.018,1.104,NOMINAL,132.6,90.2,90.6,9402.0,30.8,17.2,994.0,1200,0,1.0098,1.0969,-0.809,-0.645,0.000423
ASTRO_10,42,38,F,71.0,1.018,1.104,SCHEDULED_REST,0.0,0.0,0.0,0.0,0.0,0.0,1053.0,1200,0,1.0094,1.0964,-0.85,-0.686,0.000423
ASTRO_10,43,38,F,71.0,1.018,1.104,NOMINAL,117.1,101.8,101.6,9615.0,30.2,23.7,1176.0,800,0,1.0092,1.0963,-0.866,-0.697,0.000423
ASTRO_10,44,38,F,71.0,1.018,1.104,NOMINAL,114.8,108.6,100.3,9711.0,27.1,19.3,1101.0,1200,1,1.0091,1.0962,-0.878,-0.703,0.000423
ASTRO_10,45,38,F,71.0,1.018,1.104,NOMINAL,99.3,112.2,89.7,9036.0,29.3,16.8,1051.0,800,1,1.0089,1.0962,-0.891,-0.707,0.000423
ASTRO_10,46,38,F,71.0,1.018,1.104,NOMINAL,114.1,110.4,84.8,9279.0,27.3,25.5,815.0,800,1,1.0088,1.0961,-0.904,-0.715,0.000423
ASTRO_10,47,38,F,71.0,1.018,1.104,NOMINAL,111.1,96.3,92.6,9000.0,32.6,27.0,1100.0,1000,0,1.0086,1.0959,-0.919,-0.73,0.000423
ASTRO_10,48,38,F,71.0,1.018,1.104,NOMINAL,100.9,125.4,85.9,9366.0,18.9,30.4,1043.0,1000,0,1.0085,1.0958,-0.93,-0.744,0.000423
ASTRO_10,49,38,F,71.0,1.018,1.104,SCHEDULED_REST,0.0,0.0,0.0,0.0,0.0,0.0,1157.0,1000,0,1.0081,1.0954,-0.974,-0.779,0.000423
ASTRO_10,50,38,F,71.0,1.018,1.104,NOMINAL,114.4,111.9,101.0,9819.0,32.1,23.7,1109.0,1000,0,1.0079,1.0953,-0.992,-0.792,0.000423
ASTRO_10,51,38,F,71.0,1.018,1.104,NOMINAL,138.1,103.0,80.5,9648.0,32.2,20.2,1108.0,800,0,1.0078,1.0951,-1.007,-0.805,0.000423
ASTRO_10,52,38,F,71.0,1.018,1.104,NOMINAL,121.3,118.4,97.4,10113.0,30.4,20.7,1102.0,800,0,1.0076,1.095,-1.026,-0.818,0.000423
ASTRO_10,53,38,F,71.0,1.018,1.104,NOMINAL,115.7,102.6,96.8,9453.0,25.7,8.4,1168.0,800,0,1.0074,1.0948,-1.046,-0.833,0.000423
ASTRO_10,54,38,F,71.0,1.018,1.104,NOMINAL,128.7,105.1,86.1,9597.0,31.5,24.8,1354.0,1200,0,1.0072,1.0947,-1.058,-0.844,0.000423
ASTRO_10,55,38,F,71.0,1.018,1.104,NOMINAL,125.1,116.0,85.4,9795.0,30.6,19.5,983.0,1000,1,1.0071,1.0946,-1.069,-0.848,0.000423
ASTRO_10,56,38,F,71.0,1.018,1.104,SCHEDULED_REST,0.0,0.0,0.0,0.0,0.0,0.0,1136.0,1000,0,1.0067,1.0942,-1.112,-0.885,0.000423
ASTRO_10,57,38,F,71.0,1.018,1.104,NOMINAL,124.0,109.9,89.6,9705.0,30.0,25.8,1236.0,1000,0,1.0065,1.0941,-1.129,-0.897,0.000423
ASTRO_10,58,38,F,71.0,1.018,1.104,NOMINAL,128.9,110.9,87.5,9819.0,26.9,22.3,1017.0,800,1,1.0064,1.094,-1.138,-0.908,0.000423
ASTRO_10,59,38,F,71.0,1.018,1.104,NOMINAL,113.3,107.7,84.6,9168.0,35.2,16.5,1270.0,1200,0,1.0062,1.0938,-1.158,-0.923,0.000423
ASTRO_10,60,38,F,71.0,1.018,1.104,NOMINAL,114.6,125.5,88.5,9858.0,30.2,19.8,1207.0,1000,0,1.006,1.0936,-1.178,-0.938,0.000423
ASTRO_10,61,38,F,71.0,1.018,1.104,NOMINAL,120.6,136.5,78.5,10068.0,30.5,9.6,1083.0,1000,1,1.0059,1.0936,-1.192,-0.943,0.000423
ASTRO_10,62,38,F,71.0,1.018,1.104,NOMINAL,122.5,115.4,70.9,9264.0,27.0,18.5,1125.0,1000,0,1.0057,1.0934,-1.211,-0.958,0.000423
ASTRO_10,63,38,F,71.0,1.018,1.104,SCHEDULED_REST,0.0,0.0,0.0,0.0,0.0,0.0,1006.0,1000,1,1.0053,1.0931,-1.246,-0.988,0.000423
ASTRO_10,64,38,F,71.0,1.018,1.104,NOMINAL,121.1,106.5,83.1,9321.0,31.2,20.6,1235.0,800,0,1.0052,1.093,-1.256,-1.001,0.000423
ASTRO_10,65,38,F,71.0,1.018,1.104,NOMINAL,115.5,117.1,99.4,9960.0,37.3,17.1,1130.0,1000,0,1.005,1.0928,-1.273,-1.012,0.000423
ASTRO_10,66,38,F,71.0,1.018,1.104,NOMINAL,113.9,100.9,86.0,9024.0,30.9,13.3,1105.0,800,1,1.0049,1.0927,-1.283,-1.02,0.000423
ASTRO_10,67,38,F,71.0,1.018,1.104,NOMINAL,116.4,111.8,77.4,9168.0,31.0,22.8,1240.0,1200,1,1.0048,1.0927,-1.299,-1.028,0.000423
ASTRO_10,68,38,F,71.0,1.018,1.104,NOMINAL,130.3,112.2,77.6,9603.0,28.3,29.0,1274.0,800,1,1.0047,1.0926,-1.309,-1.036,0.000423
ASTRO_10,69,38,F,71.0,1.018,1.104,NOMINAL,124.4,124.7,77.7,9804.0,24.7,13.5,960.0,1200,1,1.0046,1.0925,-1.321,-1.04,0.000423
ASTRO_10,70,38,F,71.0,1.018,1.104,SCHEDULED_REST,0.0,0.0,0.0,0.0,0.0,0.0,1123.0,1000,1,1.0041,1.0922,-1.362,-1.067,0.000423
ASTRO_10,71,38,F,71.0,1.018,1.104,NOMINAL,132.8,138.4,81.2,10572.0,29.7,13.3,1003.0,1000,0,1.004,1.0921,-1.373,-1.077,0.000423
ASTRO_10,72,38,F,71.0,1.018,1.104,NOMINAL,126.8,126.0,89.6,10272.0,26.2,23.0,986.0,800,0,1.0039,1.092,-1.388,-1.091,0.000423
ASTRO_10,73,38,F,71.0,1.018,1.104,NOMINAL,120.5,125.7,77.9,9723.0,26.3,21.4,1152.0,800,0,1.0037,1.0918,-1.408,-1.104,0.000423
ASTRO_10,74,38,F,71.0,1.018,1.104,NOMINAL,137.3,113.2,97.4,10437.0,29.2,21.7,1083.0,1000,1,1.0035,1.0918,-1.421,-1.108,0.000423
ASTRO_10,75,38,F,71.0,1.018,1.104,NOMINAL,113.8,114.8,78.9,9225.0,28.7,19.8,1006.0,1200,1,1.0034,1.0917,-1.436,-1.115,0.000423
ASTRO_10,76,38,F,71.0,1.018,1.104,NOMINAL,104.7,110.1,88.5,9099.0,28.5,18.1,1194.0,1200,0,1.0032,1.0915,-1.453,-1.13,0.000423
ASTRO_10,77,38,F,71.0,1.018,1.104,SCHEDULED_REST,0.0,0.0,0.0,0.0,15.0,0.0,1011.0,1000,1,1.0028,1.0912,-1.492,-1.159,0.000423
ASTRO_10,78,38,F,71.0,1.018,1.104,NOMINAL,130.1,110.0,90.7,9924.0,24.0,19.6,973.0,1000,0,1.0027,1.0911,-1.507,-1.173,0.000423
ASTRO_10,79,38,F,71.0,1.018,1.104,NOMINAL,132.0,102.4,77.4,9354.0,29.3,15.3,1185.0,800,0,1.0024,1.0909,-1.529,-1.189,0.000423
ASTRO_10,80,38,F,71.0,1.018,1.104,NOMINAL,119.5,130.1,74.2,9714.0,28.7,12.7,1135.0,800,0,1.0023,1.0907,-1.542,-1.205,0.000423
ASTRO_10,81,38,F,71.0,1.018,1.104,NOMINAL,142.0,127.3,87.6,10707.0,33.6,19.1,915.0,1200,0,1.0022,1.0906,-1.554,-1.217,0.000423
ASTRO_10,82,38,F,71.0,1.018,1.104,NOMINAL,136.7,91.3,78.9,9207.0,28.1,18.8,1041.0,1200,0,1.002,1.0904,-1.574,-1.227,0.000423
ASTRO_10,83,38,F,71.0,1.018,1.104,NOMINAL,111.6,113.0,83.7,9249.0,24.5,23.5,1190.0,1000,0,1.0018,1.0903,-1.595,-1.24,0.000423
ASTRO_10,84,38,F,71.0,1.018,1.104,SCHEDULED_REST,0.0,0.0,0.0,0.0,0.0,0.0,1134.0,1000,0,1.0013,1.0899,-1.643,-1.276,0.000423
ASTRO_10,85,38,F,71.0,1.018,1.104,NOMINAL,114.0,115.7,71.8,9045.0,30.4,23.3,1078.0,1000,0,1.0011,1.0898,-1.659,-1.29,0.000423
ASTRO_10,86,38,F,71.0,1.018,1.104,NOMINAL,121.3,121.6,83.3,9786.0,29.9,18.0,1080.0,1000,0,1.001,1.0896,-1.674,-1.304,0.000423
ASTRO_10,87,38,F,71.0,1.018,1.104,NOMINAL,127.4,123.0,76.4,9804.0,32.4,6.6,1011.0,800,0,1.0008,1.0895,-1.689,-1.315,0.000423
ASTRO_10,88,38,F,71.0,1.018,1.104,NOMINAL,119.3,114.7,98.3,9969.0,25.8,21.0,1153.0,800,0,1.0006,1.0894,-1.704,-1.326,0.000423
ASTRO_10,89,38,F,71.0,1.018,1.104,NOMINAL,133.8,116.7,80.1,9918.0,31.8,21.4,1205.0,800,0,1.0005,1.0892,-1.72,-1.337,0.000423
ASTRO_10,90,38,F,71.0,1.018,1.104,NOMINAL,113.5,106.1,85.6,9156.0,33.4,18.5,1006.0,800,1,1.0004,1.0892,-1.728,-1.345,0.000423
ASTRO_10,91,38,F,71.0,1.018,1.104,SCHEDULED_REST,0.0,0.0,0.0,0.0,0.0,0.0,1077.0,1000,1,1.0,1.0888,-1.765,-1.376,0.000423
ASTRO_10,92,38,F,71.0,1.018,1.104,NOMINAL,111.6,127.9,75.6,9453.0,29.3,25.6,1197.0,1000,1,0.9999,1.0887,-1.775,-1.384,0.000423
ASTRO_10,93,38,F,71.0,1.018,1.104,NOMINAL,122.8,102.4,82.9,9243.0,28.8,19.0,1005.0,800,0,0.9997,1.0886,-1.793,-1.398,0.000423
ASTRO_10,94,38,F,71.0,1.018,1.104,NOMINAL,132.3,127.9,91.6,10554.0,33.7,24.6,1166.0,800,1,0.9997,1.0885,-1.801,-1.405,0.000423
ASTRO_10,95,38,F,71.0,1.018,1.104,NOMINAL,125.1,113.0,77.7,9474.0,28.5,19.3,798.0,1200,0,0.9995,1.0884,-1.817,-1.417,0.000423
ASTRO_10,96,38,F,71.0,1.018,1.104,NOMINAL,127.3,110.9,93.2,9942.0,30.3,17.7,1078.0,1200,1,0.9994,1.0883,-1.831,-1.425,0.000423
ASTRO_10,97,38,F,71.0,1.018,1.104,NOMINAL,144.5,121.6,97.2,10899.0,34.5,17.0,915.0,1200,0,0.9992,1.0881,-1.847,-1.436,0.000423
ASTRO_10,98,38,F,71.0,1.018,1.104,SCHEDULED_REST,0.0,0.0,0.0,0.0,15.0,0.0,1201.0,800,0,0.9988,1.0878,-1.885,-1.472,0.000423
ASTRO_10,99,38,F,71.0,1.018,1.104,NOMINAL,121.6,111.1,80.2,9387.0,30.6,24.2,983.0,1200,0,0.9986,1.0876,-1.903,-1.482,0.000423
ASTRO_10,100,38,F,71.0,1.018,1.104,NOMINAL,130.0,109.6,80.7,9609.0,27.7,16.8,1126.0,1000,0,0.9985,1.0875,-1.919,-1.493,0.000423
ASTRO_10,101,38,F,71.0,1.018,1.104,NOMINAL,115.0,130.0,80.2,9756.0,31.4,19.0,1097.0,800,0,0.9983,1.0874,-1.935,-1.502,0.000423
ASTRO_10,102,38,F,71.0,1.018,1.104,NOMINAL,118.9,91.9,77.6,8652.0,27.4,13.4,976.0,800,0,0.9981,1.0873,-1.953,-1.516,0.000423
ASTRO_10,103,38,F,71.0,1.018,1.104,NOMINAL,126.7,94.4,84.1,9156.0,29.7,10.1,1177.0,1200,0,0.9979,1.0871,-1.973,-1.531,0.000423
ASTRO_10,104,38,F,71.0,1.018,1.104,NOMINAL,135.1,130.2,85.5,10524.0,35.5,19.1,1215.0,1200,0,0.9977,1.087,-1.991,-1.542,0.000423
ASTRO_10,105,38,F,71.0,1.018,1.104,SCHEDULED_REST,0.0,0.0,0.0,0.0,0.0,0.0,1267.0,800,1,0.9974,1.0867,-2.023,-1.571,0.000423
ASTRO_10,106,38,F,71.0,1.018,1.104,NOMINAL,139.5,117.7,78.0,10056.0,33.2,14.3,1075.0,800,0,0.9972,1.0865,-2.041,-1.584,0.000423
ASTRO_10,107,38,F,71.0,1.018,1.104,NOMINAL,119.5,121.0,94.1,10038.0,26.3,18.6,1085.0,800,0,0.997,1.0864,-2.061,-1.594,0.000423
ASTRO_10,108,38,F,71.0,1.018,1.104,NOMINAL,133.6,112.4,77.5,9705.0,27.5,16.7,1305.0,800,0,0.9969,1.0863,-2.077,-1.606,0.000423
ASTRO_10,109,38,F,71.0,1.018,1.104,NOMINAL,115.7,132.2,85.5,10002.0,31.2,16.8,988.0,800,0,0.9967,1.0861,-2.096,-1.622,0.000423
ASTRO_10,110,38,F,71.0,1.018,1.104,NOMINAL,107.8,125.6,80.3,9411.0,28.6,27.3,965.0,800,0,0.9965,1.086,-2.114,-1.634,0.000423
ASTRO_10,111,38,F,71.0,1.018,1.104,NOMINAL,110.9,133.1,101.6,10368.0,27.9,14.4,1036.0,800,0,0.9963,1.0859,-2.13,-1.643,0.000423
ASTRO_10,112,38,F,71.0,1.018,1.104,SCHEDULED_REST,0.0,0.0,0.0,0.0,15.0,0.0,998.0,1000,0,0.9959,1.0854,-2.173,-1.681,0.000423
ASTRO_10,113,38,F,71.0,1.018,1.104,NOMINAL,117.2,116.1,76.4,9291.0,26.8,18.9,942.0,800,0,0.9957,1.0853,-2.192,-1.693,0.000423
ASTRO_10,114,38,F,71.0,1.018,1.104,NOMINAL,131.1,106.9,80.5,9555.0,36.1,22.9,1018.0,800,1,0.9956,1.0852,-2.204,-1.701,0.000423
ASTRO_10,115,38,F,71.0,1.018,1.104,NOMINAL,120.2,122.0,71.8,9420.0,29.9,19.9,1066.0,1200,0,0.9954,1.0851,-2.224,-1.715,0.000423
ASTRO_10,116,38,F,71.0,1.018,1.104,NOMINAL,120.8,111.1,74.1,9180.0,27.8,24.0,1197.0,1000,0,0.9952,1.0849,-2.24,-1.73,0.000423
ASTRO_10,117,38,F,71.0,1.018,1.104,NOMINAL,135.6,97.1,79.1,9354.0,35.8,21.2,1123.0,1200,0,0.9951,1.0848,-2.252,-1.743,0.000423
ASTRO_10,118,38,F,71.0,1.018,1.104,NOMINAL,119.2,129.1,85.8,10023.0,37.5,22.2,1198.0,1000,0,0.9949,1.0846,-2.271,-1.757,0.000423
ASTRO_10,119,38,F,71.0,1.018,1.104,SCHEDULED_REST,0.0,0.0,0.0,0.0,0.0,0.0,1073.0,1000,1,0.9946,1.0843,-2.303,-1.788,0.000423
ASTRO_10,120,38,F,71.0,1.018,1.104,NOMINAL,105.9,117.6,85.7,9276.0,27.8,18.1,995.0,800,0,0.9944,1.0841,-2.32,-1.802,0.000423
ASTRO_10,121,38,F,71.0,1.018,1.104,NOMINAL,139.1,115.8,68.1,9690.0,31.8,18.7,1080.0,1000,0,0.9942,1.084,-2.338,-1.812,0.000423
ASTRO_10,122,38,F,71.0,1.018,1.104,NOMINAL,112.4,99.7,84.4,8895.0,34.6,17.6,1026.0,800,1,0.9941,1.0839,-2.352,-1.821,0.000423
ASTRO_10,123,38,F,71.0,1.018,1.104,NOMINAL,129.4,116.8,83.8,9900.0,29.5,25.5,945.0,1200,0,0.9938,1.0837,-2.375,-1.836,0.000423
ASTRO_10,124,38,F,71.0,1.018,1.104,NOMINAL,117.0,100.9,102.9,9624.0,33.5,26.8,1083.0,1200,0,0.9937,1.0836,-2.39,-1.85,0.000423
ASTRO_10,125,38,F,71.0,1.018,1.104,NOMINAL,114.8,132.3,81.2,9849.0,21.9,25.3,1263.0,800,0,0.9935,1.0834,-2.409,-1.864,0.000423
ASTRO_10,126,38,F,71.0,1.018,1.104,SCHEDULED_REST,0.0,0.0,0.0,0.0,0.0,0.0,963.0,800,1,0.9931,1.0831,-2.448,-1.891,0.000423
ASTRO_10,127,38,F,71.0,1.018,1.104,NOMINAL,136.0,112.8,76.3,9753.0,31.7,19.0,1186.0,1200,0,0.9929,1.083,-2.468,-1.904,0.000423
ASTRO_10,128,38,F,71.0,1.018,1.104,NOMINAL,129.7,127.0,80.2,10107.0,28.7,20.1,1208.0,1000,0,0.9927,1.0829,-2.483,-1.913,0.000423
ASTRO_10,129,38,F,71.0,1.018,1.104,NOMINAL,127.3,104.9,76.5,9261.0,32.6,29.0,1279.0,1200,0,0.9925,1.0827,-2.504,-1.928,0.000423
ASTRO_10,130,38,F,71.0,1.018,1.104,NOMINAL,124.5,109.2,93.0,9801.0,29.2,32.0,1091.0,1000,1,0.9924,1.0827,-2.515,-1.933,0.000423
ASTRO_10,131,38,F,71.0,1.018,1.104,NOMINAL,114.3,122.1,97.3,10011.0,28.7,22.4,995.0,800,1,0.9923,1.0826,-2.526,-1.938,0.000423
ASTRO_10,132,38,F,71.0,1.018,1.104,NOMINAL,103.7,128.5,83.2,9462.0,25.4,18.8,1013.0,1200,0,0.9921,1.0825,-2.542,-1.95,0.000423
ASTRO_10,133,38,F,71.0,1.018,1.104,SCHEDULED_REST,0.0,0.0,0.0,0.0,0.0,0.0,1063.0,1000,0,0.9917,1.0821,-2.585,-1.986,0.000423
ASTRO_10,134,38,F,71.0,1.018,1.104,NOMINAL,120.5,116.1,90.6,9816.0,25.4,19.7,700.0,800,1,0.9916,1.082,-2.593,-1.994,0.000423
ASTRO_10,135,38,F,71.0,1.018,1.104,NOMINAL,111.7,115.3,74.5,9045.0,27.4,26.1,1107.0,1000,0,0.9914,1.0819,-2.613,-2.006,0.000423
ASTRO_10,136,38,F,71.0,1.018,1.104,NOMINAL,122.3,116.0,80.8,9573.0,39.0,29.3,1065.0,800,0,0.9912,1.0817,-2.63,-2.016,0.000423
ASTRO_10,137,38,F,71.0,1.018,1.104,NOMINAL,107.0,112.0,93.4,9372.0,27.1,25.1,1085.0,1000,0,0.9911,1.0816,-2.647,-2.026,0.000423
ASTRO_10,138,38,F,71.0,1.018,1.104,NOMINAL,127.7,105.7,96.4,9894.0,27.0,28.6,947.0,800,0,0.9908,1.0815,-2.667,-2.037,0.000423
ASTRO_10,139,38,F,71.0,1.018,1.104,NOMINAL,140.2,113.6,96.4,10506.0,29.8,14.3,1075.0,800,0,0.9907,1.0814,-2.685,-2.051,0.000423
ASTRO_10,140,38,F,71.0,1.018,1.104,SCHEDULED_REST,0.0,0.0,0.0,0.0,0.0,0.0,1089.0,1200,0,0.9903,1.081,-2.726,-2.087,0.000423
ASTRO_10,141,38,F,71.0,1.018,1.104,NOMINAL,138.4,120.3,84.0,10281.0,31.7,18.1,984.0,1200,0,0.99,1.0809,-2.746,-2.095,0.000423
ASTRO_10,142,38,F,71.0,1.018,1.104,NOMINAL,122.7,126.1,76.0,9744.0,20.4,13.0,710.0,1200,0,0.9899,1.0807,-2.757,-2.111,0.000423
ASTRO_10,143,38,F,71.0,1.018,1.104,NOMINAL,127.9,116.3,89.0,9996.0,33.4,23.9,1263.0,1200,0,0.9898,1.0806,-2.774,-2.122,0.000423
ASTRO_10,144,38,F,71.0,1.018,1.104,NOMINAL,137.9,101.7,85.4,9750.0,26.6,18.0,1009.0,800,0,0.9896,1.0805,-2.79,-2.132,0.000423
ASTRO_10,145,38,F,71.0,1.018,1.104,NOMINAL,137.4,122.9,95.5,10674.0,28.1,24.0,1044.0,1200,1,0.9895,1.0804,-2.8,-2.137,0.000423
ASTRO_10,146,38,F,71.0,1.018,1.104,NOMINAL,137.7,106.1,90.0,10014.0,28.1,17.0,1244.0,1200,0,0.9893,1.0803,-2.819,-2.15,0.000423
ASTRO_10,147,38,F,71.0,1.018,1.104,SCHEDULED_REST,0.0,0.0,0.0,0.0,15.0,0.0,1092.0,800,1,0.989,1.0799,-2.852,-2.183,0.000423
ASTRO_10,148,38,F,71.0,1.018,1.104,NOMINAL,112.9,128.9,60.4,9066.0,29.5,27.6,1329.0,1200,1,0.9888,1.0798,-2.868,-2.188,0.000423
ASTRO_10,149,38,F,71.0,1.018,1.104,NOMINAL,129.4,127.2,92.2,10464.0,30.0,13.6,1032.0,1200,0,0.9886,1.0797,-2.885,-2.201,0.000423
ASTRO_10,150,38,F,71.0,1.018,1.104,NOMINAL,108.1,113.1,88.7,9297.0,32.0,18.0,979.0,1000,0,0.9885,1.0795,-2.899,-2.216,0.000423
ASTRO_10,151,38,F,71.0,1.018,1.104,NOMINAL,111.1,124.0,102.1,10116.0,33.4,26.5,1091.0,1000,0,0.9884,1.0794,-2.912,-2.23,0.000423
ASTRO_10,152,38,F,71.0,1.018,1.104,NOMINAL,107.9,107.6,88.2,9111.0,31.4,23.3,989.0,1200,0,0.9882,1.0793,-2.929,-2.241,0.000423
ASTRO_10,153,38,F,71.0,1.018,1.104,NOMINAL,128.9,119.9,89.0,10134.0,30.4,23.5,810.0,1200,0,0.988,1.0791,-2.944,-2.257,0.000423
ASTRO_10,154,38,F,71.0,1.018,1.104,SCHEDULED_REST,0.0,0.0,0.0,0.0,0.0,0.0,1159.0,800,0,0.9876,1.0787,-2.984,-2.292,0.000423
ASTRO_10,155,38,F,71.0,1.018,1.104,NOMINAL,121.3,113.9,73.2,9252.0,34.1,23.1,1167.0,1200,1,0.9875,1.0786,-2.998,-2.297,0.000423
ASTRO_10,156,38,F,71.0,1.018,1.104,NOMINAL,112.5,117.8,89.7,9600.0,23.8,21.6,1058.0,1000,0,0.9874,1.0785,-3.011,-2.311,0.000423
ASTRO_10,157,38,F,71.0,1.018,1.104,NOMINAL,123.7,97.9,76.0,8928.0,35.2,19.2,1136.0,800,0,0.9872,1.0784,-3.023,-2.322,0.000423
ASTRO_10,158,38,F,71.0,1.018,1.104,NOMINAL,114.1,128.3,82.8,9756.0,31.9,27.7,1048.0,800,1,0.9871,1.0783,-3.033,-2.329,0.000423
ASTRO_10,159,38,F,71.0,1.018,1.104,NOMINAL,104.9,120.3,86.6,9354.0,34.0,20.0,891.0,1200,0,0.9869,1.0782,-3.052,-2.34,0.000423
ASTRO_10,160,38,F,71.0,1.018,1.104,NOMINAL,120.7,114.9,87.0,9678.0,32.4,10.9,1087.0,1000,1,0.9868,1.0781,-3.061,-2.35,0.000423
ASTRO_10,161,38,F,71.0,1.018,1.104,SCHEDULED_REST,0.0,0.0,0.0,0.0,0.0,0.0,1156.0,1200,0,0.9865,1.0777,-3.098,-2.386,0.000423
ASTRO_10,162,38,F,71.0,1.018,1.104,NOMINAL,141.5,119.4,89.9,10524.0,26.4,25.5,1027.0,800,0,0.9863,1.0775,-3.115,-2.396,0.000423
ASTRO_10,163,38,F,71.0,1.018,1.104,NOMINAL,118.7,117.1,84.8,9618.0,29.9,19.3,976.0,1200,1,0.9862,1.0774,-3.12,-2.406,0.000423
ASTRO_10,164,38,F,71.0,1.018,1.104,NOMINAL,131.8,122.2,99.0,10590.0,32.9,20.1,1151.0,1000,1,0.9861,1.0774,-3.13,-2.41,0.000423
ASTRO_10,165,38,F,71.0,1.018,1.104,NOMINAL,113.7,127.5,107.0,10446.0,28.3,11.2,891.0,1000,1,0.986,1.0773,-3.142,-2.417,0.000423
ASTRO_10,166,38,F,71.0,1.018,1.104,NOMINAL,134.1,112.3,93.4,10194.0,36.2,24.3,1164.0,1200,1,0.9858,1.0772,-3.158,-2.424,0.000423
ASTRO_10,167,38,F,71.0,1.018,1.104,NOMINAL,135.4,123.2,95.0,10608.0,25.1,24.4,988.0,1200,1,0.9858,1.0772,-3.166,-2.431,0.000423
ASTRO_10,168,38,F,71.0,1.018,1.104,SCHEDULED_REST,0.0,0.0,0.0,0.0,0.0,0.0,1039.0,800,0,0.9853,1.0768,-3.211,-2.467,0.000423
ASTRO_10,169,38,F,71.0,1.018,1.104,NOMINAL,138.3,112.1,76.3,9801.0,35.2,17.4,1017.0,800,0,0.9851,1.0766,-3.234,-2.481,0.000423
ASTRO_10,170,38,F,71.0,1.018,1.104,NOMINAL,130.1,120.8,80.0,9927.0,29.5,15.6,1034.0,800,0,0.9849,1.0765,-3.25,-2.495,0.000423
ASTRO_10,171,38,F,71.0,1.018,1.104,NOMINAL,120.1,99.0,94.3,9402.0,32.0,24.0,1255.0,800,1,0.9848,1.0764,-3.264,-2.503,0.000423
ASTRO_10,172,38,F,71.0,1.018,1.104,NOMINAL,121.4,114.0,93.9,9879.0,22.9,26.1,1010.0,1200,0,0.9847,1.0762,-3.276,-2.516,0.000423
ASTRO_10,173,38,F,71.0,1.018,1.104,NOMINAL,147.8,113.3,97.3,10752.0,27.7,23.6,1328.0,800,0,0.9845,1.0761,-3.295,-2.526,0.000423
ASTRO_10,174,38,F,71.0,1.018,1.104,NOMINAL,135.3,91.4,84.2,9327.0,29.9,26.8,1098.0,1200,0,0.9843,1.076,-3.312,-2.537,0.000423
ASTRO_10,175,38,F,71.0,1.018,1.104,SCHEDULED_REST,0.0,0.0,0.0,0.0,0.0,0.0,1005.0,1200,0,0.9839,1.0756,-3.354,-2.573,0.000423
ASTRO_10,176,38,F,71.0,1.018,1.104,NOMINAL,93.7,118.2,93.2,9153.0,27.0,21.2,1142.0,1200,1,0.9838,1.0755,-3.36,-2.582,0.000423
ASTRO_10,177,38,F,71.0,1.018,1.104,NOMINAL,120.8,105.1,84.4,9309.0,32.7,23.1,1297.0,1200,1,0.9836,1.0754,-3.376,-2.589,0.000423
ASTRO_10,178,38,F,71.0,1.018,1.104,NOMINAL,117.4,139.7,76.3,10002.0,30.2,16.8,1103.0,1000,0,0.9834,1.0753,-3.396,-2.602,0.000423
ASTRO_10,179,38,F,71.0,1.018,1.104,NOMINAL,109.8,119.0,75.6,9132.0,28.7,12.8,1439.0,1200,0,0.9833,1.0751,-3.413,-2.616,0.000423
ASTRO_10,180,38,F,71.0,1.018,1.104,NOMINAL,112.1,105.4,87.8,9159.0,29.2,30.4,1100.0,1200,0,0.9831,1.075,-3.432,-2.631,0.000423
ASTRO_11,1,47,F,58.4,1.015,1.031,NOMINAL,116.1,106.6,63.0,8571.0,29.4,19.3,1096.0,1200,0,1.0148,1.0309,-0.016,-0.014,0.000416
ASTRO_11,2,47,F,58.4,1.015,1.031,NOMINAL,107.8,104.7,67.4,8397.0,34.3,27.4,1134.0,800,0,1.0147,1.0307,-0.034,-0.029,0.000416
ASTRO_11,3,47,F,58.4,1.015,1.031,NOMINAL,121.6,89.3,63.6,8235.0,31.6,22.1,1030.0,800,0,1.0144,1.0305,-0.054,-0.045,0.000416
ASTRO_11,4,47,F,58.4,1.015,1.031,NOMINAL,89.3,91.3,75.6,7686.0,30.5,26.6,963.0,800,0,1.0144,1.0304,-0.064,-0.057,0.000416
ASTRO_11,5,47,F,58.4,1.015,1.031,NOMINAL,111.3,81.2,69.5,7860.0,32.6,23.7,1253.0,800,0,1.0142,1.0302,-0.078,-0.074,0.000416
ASTRO_11,6,47,F,58.4,1.015,1.031,NOMINAL,110.4,94.6,62.0,8010.0,27.9,28.5,1519.0,800,0,1.014,1.0301,-0.094,-0.091,0.000416
ASTRO_11,7,47,F,58.4,1.015,1.031,SCHEDULED_REST,0.0,0.0,0.0,0.0,15.0,0.0,1109.0,800,0,1.0136,1.0297,-0.137,-0.129,0.000416
ASTRO_11,8,47,F,58.4,1.015,1.031,NOMINAL,109.7,87.3,69.5,7995.0,28.5,13.7,863.0,1200,0,1.0134,1.0295,-0.157,-0.145,0.000416
ASTRO_11,9,47,F,58.4,1.015,1.031,NOMINAL,111.9,98.5,69.1,8385.0,36.8,17.6,980.0,1200,0,1.0132,1.0294,-0.174,-0.158,0.000416
ASTRO_11,10,47,F,58.4,1.015,1.031,NOMINAL,95.4,95.5,75.3,7986.0,32.7,23.9,1056.0,800,0,1.013,1.0292,-0.194,-0.176,0.000416
ASTRO_11,11,47,F,58.4,1.015,1.031,NOMINAL,88.1,96.8,71.1,7680.0,26.3,11.4,1056.0,800,0,1.0129,1.029,-0.209,-0.192,0.000416
ASTRO_11,12,47,F,58.4,1.015,1.031,NOMINAL,76.6,84.3,59.3,6606.0,30.1,31.8,1191.0,1200,0,1.0126,1.0288,-0.236,-0.213,0.000416
ASTRO_11,13,47,F,58.4,1.015,1.031,NOMINAL,107.1,102.1,76.9,8583.0,27.5,20.0,1164.0,1000,0,1.0125,1.0287,-0.251,-0.227,0.000416
ASTRO_11,14,47,F,58.4,1.015,1.031,SCHEDULED_REST,0.0,0.0,0.0,0.0,15.0,0.0,1242.0,1000,0,1.012,1.0282,-0.294,-0.27,0.000416
ASTRO_11,15,47,F,58.4,1.015,1.031,NOMINAL,113.9,84.0,68.7,7998.0,33.2,20.1,1184.0,1200,0,1.0118,1.0281,-0.318,-0.284,0.000416
ASTRO_11,16,47,F,58.4,1.015,1.031,NOMINAL,112.9,72.2,71.4,7695.0,32.1,20.0,1146.0,1200,0,1.0116,1.0279,-0.336,-0.298,0.000416
ASTRO_11,17,47,F,58.4,1.015,1.031,NOMINAL,94.1,96.7,62.8,7608.0,25.8,18.4,1068.0,1000,0,1.0114,1.0278,-0.357,-0.313,0.000416
ASTRO_11,18,47,F,58.4,1.015,1.031,NOMINAL,84.8,98.1,64.1,7410.0,28.4,23.6,1033.0,800,0,1.0112,1.0276,-0.374,-0.327,0.000416
ASTRO_11,19,47,F,58.4,1.015,1.031,NOMINAL,111.9,84.2,67.4,7905.0,37.1,17.3,1322.0,1000,0,1.011,1.0275,-0.39,-0.342,0.000416
ASTRO_11,20,47,F,58.4,1.015,1.031,NOMINAL,107.0,90.7,75.1,8184.0,32.2,13.5,1137.0,1200,0,1.0108,1.0273,-0.413,-0.357,0.000416
ASTRO_11,21,47,F,58.4,1.015,1.031,SCHEDULED_REST,0.0,0.0,0.0,0.0,0.0,0.0,1157.0,1200,0,1.0103,1.027,-0.46,-0.392,0.000416
ASTRO_11,22,47,F,58.4,1.015,1.031,NOMINAL,96.3,99.3,69.3,7947.0,24.8,23.7,969.0,800,0,1.0101,1.0268,-0.479,-0.406,0.000416
ASTRO_11,23,47,F,58.4,1.015,1.031,NOMINAL,97.6,71.1,61.2,6897.0,29.5,18.0,1153.0,800,0,1.01,1.0266,-0.497,-0.425,0.000416
ASTRO_11,24,47,F,58.4,1.015,1.031,NOMINAL,96.7,94.6,74.3,7968.0,33.3,24.9,1064.0,800,0,1.0098,1.0265,-0.513,-0.436,0.000416
ASTRO_11,25,47,F,58.4,1.015,1.031,NOMINAL,108.8,94.7,74.1,8328.0,28.4,26.5,1052.0,1000,0,1.0095,1.0264,-0.537,-0.45,0.000416
ASTRO_11,26,47,F,58.4,1.015,1.031,NOMINAL,99.2,91.5,69.5,7806.0,35.4,25.4,1326.0,1200,0,1.0094,1.0262,-0.554,-0.463,0.000416
ASTRO_11,27,47,F,58.4,1.015,1.031,NOMINAL,109.6,96.1,70.1,8274.0,25.8,9.1,1114.0,1000,0,1.0092,1.026,-0.57,-0.481,0.000416
ASTRO_11,28,47,F,58.4,1.015,1.031,SCHEDULED_REST,0.0,0.0,0.0,0.0,15.0,0.0,890.0,1200,0,1.0088,1.0256,-0.611,-0.522,0.000416
ASTRO_11,29,47,F,58.4,1.015,1.031,NOMINAL,90.2,75.1,64.8,6903.0,32.9,19.9,1110.0,1200,0,1.0086,1.0254,-0.63,-0.541,0.000416
ASTRO_11,30,47,F,58.4,1.015,1.031,NOMINAL,79.8,101.9,73.9,7668.0,32.5,24.4,992.0,1200,0,1.0084,1.0253,-0.652,-0.557,0.000416
ASTRO_11,31,47,F,58.4,1.015,1.031,NOMINAL,103.8,102.2,71.5,8325.0,35.1,16.7,963.0,1000,0,1.0082,1.0251,-0.67,-0.57,0.000416
ASTRO_11,32,47,F,58.4,1.015,1.031,NOMINAL,97.7,83.8,71.9,7602.0,27.2,23.4,1051.0,800,1,1.0081,1.025,-0.684,-0.58,0.000416
ASTRO_11,33,47,F,58.4,1.015,1.031,NOMINAL,104.4,104.0,72.4,8424.0,32.5,20.1,1159.0,1000,0,1.0079,1.0249,-0.699,-0.595,0.000416
ASTRO_11,34,47,F,58.4,1.015,1.031,NOMINAL,115.0,98.9,65.2,8373.0,32.3,14.4,1168.0,1200,0,1.0078,1.0247,-0.714,-0.61,0.000416
ASTRO_11,35,47,F,58.4,1.015,1.031,SCHEDULED_REST,0.0,0.0,0.0,0.0,15.0,0.0,1158.0,1000,1,1.0074,1.0244,-0.748,-0.643,0.000416
ASTRO_11,36,47,F,58.4,1.015,1.031,NOMINAL,97.1,103.4,71.8,8169.0,29.1,15.1,1171.0,1200,1,1.0073,1.0243,-0.759,-0.653,0.000416
ASTRO_11,37,47,F,58.4,1.015,1.031,NOMINAL,115.5,103.1,78.3,8907.0,36.1,20.9,901.0,1000,0,1.0071,1.0241,-0.775,-0.665,0.000416
ASTRO_11,38,47,F,58.4,1.015,1.031,NOMINAL,102.8,92.0,78.1,8187.0,19.4,21.2,1213.0,800,0,1.0069,1.024,-0.794,-0.68,0.000416
ASTRO_11,39,47,F,58.4,1.015,1.031,NOMINAL,107.0,89.2,70.6,8004.0,31.0,16.6,1262.0,800,0,1.0067,1.0239,-0.818,-0.692,0.000416
ASTRO_11,40,47,F,58.4,1.015,1.031,NOMINAL,108.0,86.1,77.2,8139.0,28.2,16.2,843.0,800,1,1.0066,1.0237,-0.83,-0.705,0.000416
ASTRO_11,41,47,F,58.4,1.015,1.031,NOMINAL,103.3,69.1,78.8,7536.0,32.1,18.6,1168.0,1000,1,1.0064,1.0236,-0.846,-0.714,0.000416
ASTRO_11,42,47,F,58.4,1.015,1.031,SCHEDULED_REST,0.0,0.0,0.0,0.0,15.0,0.0,1040.0,1200,1,1.006,1.0233,-0.887,-0.747,0.000416
ASTRO_11,43,47,F,58.4,1.015,1.031,NOMINAL,106.8,95.2,68.1,8103.0,27.6,11.3,839.0,1000,0,1.0058,1.0231,-0.906,-0.762,0.000416
ASTRO_11,44,47,F,58.4,1.015,1.031,NOMINAL,93.6,81.6,70.1,7359.0,33.2,13.9,1290.0,1200,0,1.0056,1.023,-0.929,-0.778,0.000416
ASTRO_11,45,47,F,58.4,1.015,1.031,NOMINAL,92.6,79.0,62.1,7011.0,38.2,26.1,858.0,1200,1,1.0054,1.0229,-0.944,-0.789,0.000416
ASTRO_11,46,47,F,58.4,1.015,1.031,NOMINAL,110.2,102.9,78.5,8748.0,31.3,23.0,1059.0,800,1,1.0053,1.0227,-0.952,-0.801,0.000416
ASTRO_11,47,47,F,58.4,1.015,1.031,NOMINAL,100.1,96.9,69.6,7998.0,28.1,27.0,1124.0,1000,1,1.0052,1.0226,-0.963,-0.81,0.000416
ASTRO_11,48,47,F,58.4,1.015,1.031,NOMINAL,91.3,89.9,63.9,7353.0,26.3,11.9,1108.0,1200,0,1.0051,1.0225,-0.979,-0.826,0.000416
ASTRO_11,49,47,F,58.4,1.015,1.031,SCHEDULED_REST,0.0,0.0,0.0,0.0,0.0,0.0,1027.0,1200,0,1.0046,1.0221,-1.024,-0.861,0.000416
ASTRO_11,50,47,F,58.4,1.015,1.031,NOMINAL,90.0,91.1,60.4,7245.0,24.6,27.7,1121.0,1200,0,1.0044,1.022,-1.043,-0.878,0.000416
ASTRO_11,51,47,F,58.4,1.015,1.031,NOMINAL,92.6,77.5,66.7,7104.0,35.4,27.7,1056.0,1200,0,1.0042,1.0218,-1.063,-0.891,0.000416
ASTRO_11,52,47,F,58.4,1.015,1.031,NOMINAL,91.9,99.9,81.8,8208.0,31.7,19.0,1272.0,1000,0,1.004,1.0217,-1.081,-0.904,0.000416
ASTRO_11,53,47,F,58.4,1.015,1.031,NOMINAL,112.1,90.9,60.6,7908.0,29.5,15.2,1066.0,1000,0,1.0038,1.0215,-1.102,-0.918,0.000416
ASTRO_11,54,47,F,58.4,1.015,1.031,NOMINAL,98.8,99.0,81.7,8385.0,33.0,19.5,1333.0,1000,0,1.0036,1.0214,-1.12,-0.933,0.000416
ASTRO_11,55,47,F,58.4,1.015,1.031,NOMINAL,107.6,102.1,72.1,8454.0,29.7,26.4,1025.0,1000,0,1.0034,1.0212,-1.14,-0.947,0.000416
ASTRO_11,56,47,F,58.4,1.015,1.031,SCHEDULED_REST,0.0,0.0,0.0,0.0,0.0,0.0,1007.0,800,0,1.003,1.0208,-1.178,-0.988,0.000416
ASTRO_11,57,47,F,58.4,1.015,1.031,NOMINAL,86.5,102.4,67.2,7683.0,29.0,22.2,1065.0,1000,0,1.0029,1.0207,-1.192,-1.003,0.000416
ASTRO_11,58,47,F,58.4,1.015,1.031,NOMINAL,93.5,98.1,67.7,7779.0,22.0,24.7,1231.0,1200,0,1.0027,1.0205,-1.211,-1.017,0.000416
ASTRO_11,59,47,F,58.4,1.015,1.031,NOMINAL,81.2,93.9,60.1,7056.0,29.6,18.5,1039.0,800,1,1.0026,1.0204,-1.22,-1.029,0.000416
ASTRO_11,60,47,F,58.4,1.015,1.031,NOMINAL,105.7,81.8,77.4,7947.0,27.4,23.1,1180.0,1000,1,1.0025,1.0203,-1.235,-1.037,0.000416
ASTRO_11,61,47,F,58.4,1.015,1.031,NOMINAL,90.7,87.6,79.7,7740.0,34.5,15.0,1316.0,800,0,1.0022,1.0201,-1.26,-1.055,0.000416
ASTRO_11,62,47,F,58.4,1.015,1.031,NOMINAL,84.9,79.7,67.0,6948.0,33.1,16.8,1063.0,1000,0,1.002,1.02,-1.279,-1.071,0.000416
ASTRO_11,63,47,F,58.4,1.015,1.031,SCHEDULED_REST,0.0,0.0,0.0,0.0,0.0,0.0,1136.0,800,0,1.0016,1.0195,-1.317,-1.113,0.000416
ASTRO_11,64,47,F,58.4,1.015,1.031,NOMINAL,86.1,79.9,64.2,6906.0,34.5,17.8,937.0,1000,0,1.0014,1.0194,-1.341,-1.127,0.000416
ASTRO_11,65,47,F,58.4,1.015,1.031,NOMINAL,116.8,82.8,69.5,8073.0,31.1,18.7,1147.0,1000,1,1.0013,1.0193,-1.351,-1.137,0.000416
ASTRO_11,66,47,F,58.4,1.015,1.031,NOMINAL,86.5,83.0,64.4,7017.0,32.0,24.5,1207.0,1000,0,1.0011,1.0191,-1.371,-1.151,0.000416
ASTRO_11,67,47,F,58.4,1.015,1.031,NOMINAL,97.5,87.3,68.7,7605.0,36.4,16.7,1168.0,800,0,1.0009,1.019,-1.394,-1.168,0.000416
ASTRO_11,68,47,F,58.4,1.015,1.031,NOMINAL,96.6,76.1,75.6,7449.0,31.9,30.1,957.0,1200,0,1.0006,1.0188,-1.414,-1.181,0.000416
ASTRO_11,69,47,F,58.4,1.015,1.031,NOMINAL,118.9,69.1,72.1,7803.0,31.1,19.9,1048.0,800,0,1.0005,1.0186,-1.428,-1.2,0.000416
ASTRO_11,70,47,F,58.4,1.015,1.031,SCHEDULED_REST,0.0,0.0,0.0,0.0,0.0,0.0,1137.0,1200,0,1.0001,1.0182,-1.469,-1.239,0.000416
ASTRO_11,71,47,F,58.4,1.015,1.031,NOMINAL,94.9,86.8,81.4,7893.0,29.3,16.1,1166.0,800,0,0.9999,1.018,-1.488,-1.259,0.000416
ASTRO_11,72,47,F,58.4,1.015,1.031,NOMINAL,124.3,96.3,63.3,8517.0,35.9,11.0,952.0,800,0,0.9997,1.0178,-1.51,-1.276,0.000416
ASTRO_11,73,47,F,58.4,1.015,1.031,NOMINAL,103.3,85.1,68.6,7710.0,40.6,15.0,926.0,1000,0,0.9995,1.0177,-1.53,-1.29,0.000416
ASTRO_11,74,47,F,58.4,1.015,1.031,NOMINAL,88.1,78.7,63.3,6903.0,29.1,16.7,1255.0,1200,0,0.9993,1.0176,-1.549,-1.303,0.000416
ASTRO_11,75,47,F,58.4,1.015,1.031,NOMINAL,106.1,69.3,78.5,7617.0,24.0,21.2,1007.0,1200,1,0.9991,1.0175,-1.565,-1.311,0.000416
ASTRO_11,76,47,F,58.4,1.015,1.031,NOMINAL,125.2,101.2,69.2,8868.0,33.7,17.0,1159.0,800,0,0.999,1.0174,-1.578,-1.323,0.000416
ASTRO_11,77,47,F,58.4,1.015,1.031,SCHEDULED_REST,0.0,0.0,0.0,0.0,15.0,0.0,1206.0,800,0,0.9985,1.017,-1.623,-1.357,0.000416
ASTRO_11,78,47,F,58.4,1.015,1.031,NOMINAL,96.9,101.5,64.1,7875.0,29.6,20.1,1077.0,800,1,0.9985,1.0169,-1.629,-1.367,0.000416
ASTRO_11,79,47,F,58.4,1.015,1.031,NOMINAL,122.8,101.5,60.9,8556.0,27.1,13.5,1216.0,800,0,0.9983,1.0167,-1.647,-1.384,0.000416
ASTRO_11,80,47,F,58.4,1.015,1.031,NOMINAL,111.4,98.3,68.5,8346.0,33.8,22.6,1139.0,1200,0,0.998,1.0166,-1.67,-1.399,0.000416
ASTRO_11,81,47,F,58.4,1.015,1.031,NOMINAL,86.3,82.5,67.2,7080.0,35.9,21.8,1152.0,800,0,0.9979,1.0164,-1.688,-1.414,0.000416
ASTRO_11,82,47,F,58.4,1.015,1.031,NOMINAL,100.2,106.1,64.5,8124.0,27.5,20.6,1050.0,800,0,0.9977,1.0163,-1.709,-1.429,0.000416
ASTRO_11,83,47,F,58.4,1.015,1.031,NOMINAL,102.6,100.9,77.3,8424.0,32.8,9.5,1243.0,1200,0,0.9975,1.0161,-1.723,-1.443,0.000416
ASTRO_11,84,47,F,58.4,1.015,1.031,SCHEDULED_REST,0.0,0.0,0.0,0.0,0.0,0.0,1225.0,1200,1,0.9971,1.0158,-1.759,-1.477,0.000416
ASTRO_11,85,47,F,58.4,1.015,1.031,NOMINAL,92.4,93.3,63.9,7488.0,32.2,23.4,1386.0,800,0,0.997,1.0156,-1.777,-1.493,0.000416
ASTRO_11,86,47,F,58.4,1.015,1.031,NOMINAL,102.8,89.7,68.3,7824.0,29.2,11.1,1103.0,1200,1,0.9968,1.0155,-1.795,-1.504,0.000416
ASTRO_11,87,47,F,58.4,1.015,1.031,NOMINAL,109.7,97.4,71.4,8355.0,35.9,21.5,1031.0,1200,1,0.9966,1.0154,-1.808,-1.513,0.000416
ASTRO_11,88,47,F,58.4,1.015,1.031,NOMINAL,66.9,97.3,66.8,6930.0,28.4,13.1,1286.0,1200,0,0.9964,1.0152,-1.828,-1.531,0.000416
ASTRO_11,89,47,F,58.4,1.015,1.031,NOMINAL,112.1,85.2,76.4,8211.0,26.5,16.8,1191.0,1000,0,0.9963,1.015,-1.846,-1.548,0.000416
ASTRO_11,90,47,F,58.4,1.015,1.031,NOMINAL,81.2,99.0,67.9,7443.0,29.2,27.5,986.0,1200,0,0.9961,1.0149,-1.866,-1.566,0.000416
ASTRO_11,91,47,F,58.4,1.015,1.031,SCHEDULED_REST,0.0,0.0,0.0,0.0,15.0,0.0,1133.0,1200,0,0.9956,1.0145,-1.91,-1.603,0.000416
ASTRO_11,92,47,F,58.4,1.015,1.031,NOMINAL,105.0,94.1,48.8,7437.0,24.4,20.5,1174.0,800,0,0.9954,1.0143,-1.928,-1.622,0.000416
ASTRO_11,93,47,F,58.4,1.015,1.031,NOMINAL,105.8,79.4,62.1,7419.0,31.2,25.2,1066.0,1000,1,0.9953,1.0142,-1.945,-1.632,0.000416
ASTRO_11,94,47,F,58.4,1.015,1.031,NOMINAL,90.9,92.6,78.0,7845.0,28.2,24.5,1188.0,1200,0,0.9951,1.014,-1.965,-1.645,0.000416
ASTRO_11,95,47,F,58.4,1.015,1.031,NOMINAL,87.9,88.2,74.3,7512.0,30.1,22.1,1183.0,1200,0,0.9949,1.0139,-1.983,-1.658,0.000416
ASTRO_11,96,47,F,58.4,1.015,1.031,NOMINAL,99.7,83.7,76.1,7785.0,28.2,19.6,1051.0,1200,0,0.9947,1.0137,-2.004,-1.676,0.000416
ASTRO_11,97,47,F,58.4,1.015,1.031,NOMINAL,107.8,81.4,60.9,7503.0,34.8,14.0,822.0,800,1,0.9945,1.0136,-2.015,-1.686,0.000416
ASTRO_11,98,47,F,58.4,1.015,1.031,SCHEDULED_REST,0.0,0.0,0.0,0.0,15.0,0.0,1074.0,1000,0,0.9941,1.0132,-2.058,-1.725,0.000416
ASTRO_11,99,47,F,58.4,1.015,1.031,NOMINAL,105.1,106.3,73.1,8535.0,29.0,24.2,1220.0,1000,0,0.9939,1.0131,-2.078,-1.738,0.000416
ASTRO_11,100,47,F,58.4,1.015,1.031,NOMINAL,107.3,90.4,78.3,8280.0,24.7,24.1,1182.0,1200,0,0.9937,1.0129,-2.098,-1.754,0.000416
ASTRO_11,101,47,F,58.4,1.015,1.031,NOMINAL,104.3,99.7,85.8,8694.0,23.4,24.1,1189.0,1000,0,0.9936,1.0127,-2.112,-1.77,0.000416
ASTRO_11,102,47,F,58.4,1.015,1.031,NOMINAL,90.0,95.1,85.5,8118.0,32.9,25.2,967.0,1000,1,0.9935,1.0126,-2.121,-1.78,0.000416
ASTRO_11,103,47,F,58.4,1.015,1.031,NOMINAL,121.4,86.0,57.1,7935.0,30.2,12.7,1115.0,800,0,0.9933,1.0125,-2.134,-1.795,0.000416
ASTRO_11,104,47,F,58.4,1.015,1.031,NOMINAL,111.6,102.7,84.2,8955.0,25.2,11.2,1307.0,800,0,0.9932,1.0124,-2.15,-1.807,0.000416
ASTRO_11,105,47,F,58.4,1.015,1.031,SCHEDULED_REST,0.0,0.0,0.0,0.0,0.0,0.0,1296.0,1000,0,0.9928,1.012,-2.188,-1.845,0.000416
ASTRO_11,106,47,F,58.4,1.015,1.031,NOMINAL,113.6,100.9,69.5,8520.0,30.0,26.4,1170.0,800,0,0.9927,1.0118,-2.201,-1.859,0.000416
ASTRO_11,107,47,F,58.4,1.015,1.031,NOMINAL,109.1,101.7,68.6,8382.0,34.6,9.6,1379.0,800,0,0.9925,1.0117,-2.218,-1.875,0.000416
ASTRO_11,108,47,F,58.4,1.015,1.031,NOMINAL,99.1,92.2,68.4,7791.0,32.1,16.9,1222.0,800,0,0.9923,1.0115,-2.238,-1.889,0.000416
ASTRO_11,109,47,F,58.4,1.015,1.031,NOMINAL,106.5,95.7,64.6,8004.0,28.6,18.7,1134.0,1200,1,0.9922,1.0114,-2.249,-1.9,0.000416
ASTRO_11,110,47,F,58.4,1.015,1.031,NOMINAL,110.2,91.6,59.2,7830.0,24.4,23.2,1205.0,1000,1,0.992,1.0113,-2.266,-1.912,0.000416
ASTRO_11,111,47,F,58.4,1.015,1.031,NOMINAL,120.8,119.8,79.9,9615.0,26.8,8.4,1157.0,1000,1,0.9918,1.0112,-2.281,-1.921,0.000416
ASTRO_11,112,47,F,58.4,1.015,1.031,SCHEDULED_REST,0.0,0.0,0.0,0.0,15.0,0.0,1064.0,1000,1,0.9915,1.0109,-2.315,-1.951,0.000416
ASTRO_11,113,47,F,58.4,1.015,1.031,NOMINAL,77.3,78.4,67.8,6705.0,33.4,17.9,1196.0,1000,1,0.9914,1.0108,-2.329,-1.963,0.000416
ASTRO_11,114,47,F,58.4,1.015,1.031,NOMINAL,117.8,105.3,79.5,9078.0,28.0,15.2,1110.0,800,0,0.9912,1.0106,-2.347,-1.975,0.000416
ASTRO_11,115,47,F,58.4,1.015,1.031,NOMINAL,112.4,94.1,74.8,8439.0,38.7,15.9,1193.0,1200,1,0.991,1.0105,-2.361,-1.986,0.000416
ASTRO_11,116,47,F,58.4,1.015,1.031,NOMINAL,96.1,104.1,67.1,8019.0,36.3,22.7,1053.0,1000,1,0.9909,1.0104,-2.374,-1.994,0.000416
ASTRO_11,117,47,F,58.4,1.015,1.031,NOMINAL,88.3,98.7,66.6,7608.0,31.7,13.1,1029.0,800,0,0.9907,1.0103,-2.395,-2.007,0.000416
ASTRO_11,118,47,F,58.4,1.015,1.031,NOMINAL,88.7,83.5,74.1,7389.0,35.4,20.8,906.0,1200,1,0.9905,1.0102,-2.412,-2.018,0.000416
ASTRO_11,119,47,F,58.4,1.015,1.031,SCHEDULED_REST,0.0,0.0,0.0,0.0,0.0,0.0,1145.0,800,1,0.9902,1.0099,-2.444,-2.05,0.000416
ASTRO_11,120,47,F,58.4,1.015,1.031,NOMINAL,108.6,105.9,70.3,8544.0,30.3,25.6,1128.0,800,0,0.99,1.0097,-2.464,-2.065,0.000416
ASTRO_11,121,47,F,58.4,1.015,1.031,NOMINAL,99.0,100.6,79.5,8373.0,29.1,13.9,1137.0,1200,1,0.9898,1.0096,-2.479,-2.073,0.000416
ASTRO_11,122,47,F,58.4,1.015,1.031,NOMINAL,99.0,81.0,75.2,7656.0,31.9,18.2,1065.0,1000,0,0.9897,1.0095,-2.497,-2.088,0.000416
ASTRO_11,123,47,F,58.4,1.015,1.031,NOMINAL,112.1,77.2,80.4,8091.0,32.7,14.3,1085.0,1200,0,0.9895,1.0093,-2.513,-2.101,0.000416
ASTRO_11,124,47,F,58.4,1.015,1.031,NOMINAL,85.6,94.5,66.4,7395.0,26.6,27.0,1123.0,1000,0,0.9893,1.0091,-2.536,-2.122,0.000416
ASTRO_11,125,47,F,58.4,1.015,1.031,NOMINAL,102.0,89.8,62.7,7635.0,31.2,22.3,1001.0,1000,0,0.989,1.0089,-2.56,-2.142,0.000416
ASTRO_11,126,47,F,58.4,1.015,1.031,SCHEDULED_REST,0.0,0.0,0.0,0.0,15.0,0.0,1102.0,1200,1,0.9886,1.0086,-2.601,-2.174,0.000416
ASTRO_11,127,47,F,58.4,1.015,1.031,NOMINAL,89.3,81.3,77.9,7455.0,29.4,24.3,1245.0,1200,1,0.9885,1.0085,-2.611,-2.184,0.000416
ASTRO_11,128,47,F,58.4,1.015,1.031,NOMINAL,115.1,73.2,67.2,7665.0,30.7,14.0,1144.0,1000,0,0.9883,1.0083,-2.635,-2.199,0.000416
ASTRO_11,129,47,F,58.4,1.015,1.031,NOMINAL,85.6,85.0,75.6,7386.0,30.6,19.4,1237.0,1200,0,0.988,1.0082,-2.658,-2.216,0.000416
ASTRO_11,130,47,F,58.4,1.015,1.031,NOMINAL,109.5,92.7,66.6,8064.0,31.3,15.4,953.0,1000,0,0.9878,1.008,-2.678,-2.233,0.000416
ASTRO_11,131,47,F,58.4,1.015,1.031,NOMINAL,97.6,107.6,83.6,8664.0,21.9,25.5,1130.0,800,0,0.9876,1.0078,-2.698,-2.248,0.000416
ASTRO_11,132,47,F,58.4,1.015,1.031,NOMINAL,107.2,82.8,66.4,7692.0,33.4,28.0,1165.0,1000,0,0.9874,1.0076,-2.717,-2.265,0.000416
ASTRO_11,133,47,F,58.4,1.015,1.031,SCHEDULED_REST,0.0,0.0,0.0,0.0,0.0,0.0,1240.0,800,0,0.987,1.0072,-2.759,-2.305,0.000416
ASTRO_11,134,47,F,58.4,1.015,1.031,NOMINAL,109.3,96.1,59.2,7938.0,28.8,15.8,947.0,800,0,0.9868,1.0071,-2.774,-2.32,0.000416
ASTRO_11,135,47,F,58.4,1.015,1.031,NOMINAL,130.9,81.0,74.3,8586.0,28.7,23.5,1252.0,800,1,0.9867,1.007,-2.788,-2.328,0.000416
ASTRO_11,136,47,F,58.4,1.015,1.031,NOMINAL,119.5,111.4,60.8,8751.0,29.6,25.8,943.0,1200,0,0.9866,1.0068,-2.802,-2.346,0.000416
ASTRO_11,137,47,F,58.4,1.015,1.031,NOMINAL,111.2,90.1,72.8,8223.0,26.3,15.1,967.0,800,1,0.9865,1.0067,-2.812,-2.353,0.000416
ASTRO_11,138,47,F,58.4,1.015,1.031,NOMINAL,97.6,96.3,68.7,7878.0,31.4,22.3,866.0,1000,0,0.9862,1.0066,-2.833,-2.371,0.000416
ASTRO_11,139,47,F,58.4,1.015,1.031,NOMINAL,102.1,87.8,68.6,7755.0,32.0,18.5,965.0,800,0,0.9861,1.0064,-2.852,-2.386,0.000416
ASTRO_11,140,47,F,58.4,1.015,1.031,SCHEDULED_REST,0.0,0.0,0.0,0.0,0.0,0.0,1212.0,1200,0,0.9856,1.006,-2.894,-2.426,0.000416
ASTRO_11,141,47,F,58.4,1.015,1.031,NOMINAL,100.6,105.0,66.2,8154.0,33.6,26.0,1007.0,800,0,0.9854,1.0058,-2.912,-2.441,0.000416
ASTRO_11,142,47,F,58.4,1.015,1.031,NOMINAL,96.1,96.7,65.4,7746.0,38.0,21.5,1173.0,800,0,0.9852,1.0057,-2.931,-2.458,0.000416
ASTRO_11,143,47,F,58.4,1.015,1.031,NOMINAL,121.5,87.6,61.3,8112.0,32.0,16.7,1006.0,800,0,0.985,1.0055,-2.956,-2.474,0.000416
ASTRO_11,144,47,F,58.4,1.015,1.031,NOMINAL,105.6,98.9,68.7,8196.0,30.7,14.3,1147.0,1000,1,0.9849,1.0054,-2.966,-2.481,0.000416
ASTRO_11,145,47,F,58.4,1.015,1.031,NOMINAL,81.5,93.2,56.5,6936.0,36.9,18.2,936.0,1000,0,0.9848,1.0052,-2.979,-2.499,0.000416
ASTRO_11,146,47,F,58.4,1.015,1.031,NOMINAL,108.7,96.8,72.1,8328.0,22.7,26.4,1138.0,1200,1,0.9846,1.0052,-2.994,-2.502,0.000416
ASTRO_11,147,47,F,58.4,1.015,1.031,SCHEDULED_REST,0.0,0.0,0.0,0.0,0.0,0.0,856.0,1200,1,0.9843,1.0049,-3.025,-2.536,0.000416
ASTRO_11,148,47,F,58.4,1.015,1.031,NOMINAL,117.1,83.4,67.0,8025.0,23.5,23.7,1085.0,800,0,0.9841,1.0047,-3.041,-2.551,0.000416
ASTRO_11,149,47,F,58.4,1.015,1.031,NOMINAL,88.1,94.9,65.4,7452.0,37.3,33.3,1071.0,1000,0,0.9839,1.0046,-3.06,-2.563,0.000416
ASTRO_11,150,47,F,58.4,1.015,1.031,NOMINAL,101.0,88.2,75.0,7926.0,25.4,16.6,1220.0,1000,0,0.9837,1.0044,-3.079,-2.579,0.000416
ASTRO_11,151,47,F,58.4,1.015,1.031,NOMINAL,91.9,85.7,75.0,7578.0,27.6,22.5,1082.0,1200,0,0.9836,1.0043,-3.094,-2.593,0.000416
ASTRO_11,152,47,F,58.4,1.015,1.031,NOMINAL,101.2,94.1,69.9,7956.0,26.4,27.9,1130.0,1000,0,0.9834,1.0041,-3.113,-2.608,0.000416
ASTRO_11,153,47,F,58.4,1.015,1.031,NOMINAL,99.0,99.6,56.4,7650.0,25.4,15.8,1244.0,1200,1,0.9833,1.004,-3.125,-2.616,0.000416
ASTRO_11,154,47,F,58.4,1.015,1.031,SCHEDULED_REST,0.0,0.0,0.0,0.0,15.0,0.0,1029.0,800,0,0.9829,1.0036,-3.164,-2.653,0.000416
ASTRO_11,155,47,F,58.4,1.015,1.031,NOMINAL,89.1,96.2,72.9,7746.0,29.7,24.5,1057.0,800,0,0.9827,1.0035,-3.184,-2.669,0.000416
ASTRO_11,156,47,F,58.4,1.015,1.031,NOMINAL,99.0,91.1,77.5,8028.0,36.0,13.6,1278.0,1000,0,0.9825,1.0033,-3.204,-2.684,0.000416
ASTRO_11,157,47,F,58.4,1.015,1.031,NOMINAL,81.4,92.6,74.3,7449.0,27.0,12.6,1124.0,800,0,0.9824,1.0032,-3.216,-2.701,0.000416
ASTRO_11,158,47,F,58.4,1.015,1.031,NOMINAL,93.0,91.4,82.6,8010.0,23.4,23.8,1043.0,800,0,0.9822,1.003,-3.236,-2.718,0.000416
ASTRO_11,159,47,F,58.4,1.015,1.031,NOMINAL,94.7,68.8,56.2,6591.0,31.3,26.3,1488.0,800,0,0.9819,1.0028,-3.258,-2.737,0.000416
ASTRO_11,160,47,F,58.4,1.015,1.031,NOMINAL,112.1,102.3,76.4,8724.0,30.5,16.1,1042.0,1200,0,0.9818,1.0026,-3.273,-2.752,0.000416
ASTRO_11,161,47,F,58.4,1.015,1.031,SCHEDULED_REST,0.0,0.0,0.0,0.0,15.0,0.0,1280.0,800,0,0.9813,1.0022,-3.322,-2.794,0.000416
ASTRO_11,162,47,F,58.4,1.015,1.031,NOMINAL,109.1,99.5,70.5,8373.0,25.5,14.4,1380.0,1000,0,0.981,1.002,-3.348,-2.811,0.000416
ASTRO_11,163,47,F,58.4,1.015,1.031,NOMINAL,127.0,118.1,83.7,9864.0,32.1,16.8,898.0,1200,0,0.9809,1.0019,-3.364,-2.824,0.000416
ASTRO_11,164,47,F,58.4,1.015,1.031,NOMINAL,76.7,88.1,69.6,7032.0,26.7,16.5,1133.0,1200,0,0.9807,1.0017,-3.38,-2.84,0.000416
ASTRO_11,165,47,F,58.4,1.015,1.031,NOMINAL,112.1,96.8,73.1,8460.0,30.1,18.1,938.0,1200,0,0.9805,1.0016,-3.402,-2.854,0.000416
ASTRO_11,166,47,F,58.4,1.015,1.031,NOMINAL,114.9,86.0,68.3,8076.0,36.5,19.0,948.0,1200,0,0.9803,1.0014,-3.423,-2.871,0.000416
ASTRO_11,167,47,F,58.4,1.015,1.031,NOMINAL,105.5,84.5,72.2,7866.0,27.1,9.4,1137.0,1000,1,0.9801,1.0013,-3.435,-2.879,0.000416
ASTRO_11,168,47,F,58.4,1.015,1.031,SCHEDULED_REST,0.0,0.0,0.0,0.0,0.0,0.0,1019.0,800,1,0.9798,1.001,-3.465,-2.911,0.000416
ASTRO_11,169,47,F,58.4,1.015,1.031,NOMINAL,92.3,88.1,60.4,7224.0,31.3,19.4,1342.0,1200,0,0.9797,1.0009,-3.482,-2.924,0.000416
ASTRO_11,170,47,F,58.4,1.015,1.031,NOMINAL,113.1,94.1,59.6,8004.0,30.6,21.3,1185.0,800,0,0.9795,1.0007,-3.495,-2.943,0.000416
ASTRO_11,171,47,F,58.4,1.015,1.031,NOMINAL,106.3,85.5,54.8,7398.0,29.2,12.7,1081.0,1000,1,0.9794,1.0006,-3.509,-2.953,0.000416
ASTRO_11,172,47,F,58.4,1.015,1.031,NOMINAL,99.5,106.8,76.3,8478.0,28.1,11.9,1233.0,1000,1,0.9792,1.0004,-3.526,-2.964,0.000416
ASTRO_11,173,47,F,58.4,1.015,1.031,NOMINAL,115.8,86.2,66.1,8043.0,30.4,18.1,1183.0,1000,0,0.979,1.0003,-3.547,-2.976,0.000416
ASTRO_11,174,47,F,58.4,1.015,1.031,NOMINAL,88.3,100.7,69.2,7746.0,32.9,18.9,1166.0,800,0,0.9788,1.0001,-3.566,-2.993,0.000416
ASTRO_11,175,47,F,58.4,1.015,1.031,SCHEDULED_REST,0.0,0.0,0.0,0.0,15.0,0.0,1190.0,800,0,0.9784,0.9997,-3.609,-3.033,0.000416
ASTRO_11,176,47,F,58.4,1.015,1.031,NOMINAL,102.5,91.6,70.4,7935.0,32.0,19.0,1143.0,800,1,0.9782,0.9997,-3.623,-3.04,0.000416
ASTRO_11,177,47,F,58.4,1.015,1.031,NOMINAL,98.9,91.6,65.2,7671.0,28.9,24.2,1110.0,1000,1,0.9781,0.9996,-3.636,-3.047,0.000416
ASTRO_11,178,47,F,58.4,1.015,1.031,NOMINAL,101.4,95.0,60.8,7716.0,32.9,22.1,1000.0,1200,1,0.978,0.9995,-3.643,-3.055,0.000416
ASTRO_11,179,47,F,58.4,1.015,1.031,NOMINAL,64.2,95.7,83.2,7293.0,27.2,10.5,1086.0,1000,1,0.9779,0.9994,-3.655,-3.063,0.000416
ASTRO_11,180,47,F,58.4,1.015,1.031,NOMINAL,98.5,91.2,77.5,8016.0,33.4,12.9,1318.0,1000,0,0.9777,0.9993,-3.67,-3.078,0.000416
ASTRO_12,1,40,M,84.7,1.194,1.202,NOMINAL,151.0,136.3,106.0,11799.0,20.3,21.9,1152.0,800,0,1.1939,1.2019,-0.008,-0.009,0.000433
ASTRO_12,2,40,M,84.7,1.194,1.202,NOMINAL,146.4,123.2,108.2,11334.0,26.3,22.0,997.0,1200,0,1.1937,1.2018,-0.022,-0.02,0.000433
ASTRO_12,3,40,M,84.7,1.194,1.202,NOMINAL,147.8,143.5,101.8,11793.0,35.0,15.3,1378.0,1200,0,1.1936,1.2016,-0.037,-0.031,0.000433
ASTRO_12,4,40,M,84.7,1.194,1.202,NOMINAL,144.2,127.5,99.6,11139.0,28.8,22.8,1137.0,800,0,1.1934,1.2015,-0.052,-0.044,0.000433
ASTRO_12,5,40,M,84.7,1.194,1.202,PARTIAL_SESSION,40.3,0.0,39.9,2406.0,17.3,0.0,963.0,1000,0,1.1931,1.2012,-0.077,-0.063,0.000433
ASTRO_12,6,40,M,84.7,1.194,1.202,NOMINAL,146.2,130.5,104.1,11424.0,28.7,17.7,872.0,1200,0,1.1929,1.2011,-0.092,-0.072,0.000433
ASTRO_12,7,40,M,84.7,1.194,1.202,SCHEDULED_REST,0.0,0.0,0.0,0.0,15.0,0.0,1177.0,1200,0,1.1925,1.2007,-0.128,-0.108,0.000433
ASTRO_12,8,40,M,84.7,1.194,1.202,NOMINAL,166.9,144.8,90.0,12051.0,27.0,21.9,1080.0,1000,0,1.1923,1.2005,-0.141,-0.121,0.000433
ASTRO_12,9,40,M,84.7,1.194,1.202,NOMINAL,148.4,131.6,111.3,11739.0,23.9,22.8,966.0,1000,0,1.1922,1.2004,-0.152,-0.133,0.000433
ASTRO_12,10,40,M,84.7,1.194,1.202,NOMINAL,160.8,157.9,99.1,12534.0,29.8,20.8,991.0,1200,0,1.192,1.2003,-0.166,-0.143,0.000433
ASTRO_12,11,40,M,84.7,1.194,1.202,NOMINAL,135.8,137.6,110.0,11502.0,31.6,19.7,1010.0,800,0,1.1918,1.2001,-0.183,-0.158,0.000433
ASTRO_12,12,40,M,84.7,1.194,1.202,NOMINAL,144.0,150.3,116.2,12315.0,24.4,26.5,1214.0,800,0,1.1916,1.2,-0.2,-0.168,0.000433
ASTRO_12,13,40,M,84.7,1.194,1.202,NOMINAL,136.2,127.8,103.7,11031.0,34.8,22.6,1118.0,800,0,1.1915,1.1998,-0.213,-0.18,0.000433
ASTRO_12,14,40,M,84.7,1.194,1.202,SCHEDULED_REST,0.0,0.0,0.0,0.0,15.0,0.0,1074.0,1200,0,1.191,1.1994,-0.249,-0.213,0.000433
ASTRO_12,15,40,M,84.7,1.194,1.202,PARTIAL_SESSION,57.4,0.0,34.4,2754.0,10.3,0.0,1134.0,1200,0,1.1907,1.1992,-0.274,-0.231,0.000433
ASTRO_12,16,40,M,84.7,1.194,1.202,NOMINAL,142.6,134.3,96.5,11202.0,27.2,20.7,1146.0,800,0,1.1905,1.1991,-0.291,-0.242,0.000433
ASTRO_12,17,40,M,84.7,1.194,1.202,NOMINAL,132.0,133.0,92.6,10728.0,27.5,24.4,950.0,1200,0,1.1904,1.1989,-0.301,-0.255,0.000433
ASTRO_12,18,40,M,84.7,1.194,1.202,PARTIAL_SESSION,54.6,0.0,38.3,2787.0,14.0,0.0,1234.0,1200,0,1.1901,1.1987,-0.324,-0.278,0.000433
ASTRO_12,19,40,M,84.7,1.194,1.202,NOMINAL,146.4,132.7,112.4,11745.0,33.9,14.5,1146.0,1000,0,1.19,1.1985,-0.337,-0.292,0.000433
ASTRO_12,20,40,M,84.7,1.194,1.202,NOMINAL,145.5,136.0,84.9,10992.0,29.9,17.8,1115.0,800,0,1.1898,1.1984,-0.349,-0.304,0.000433
ASTRO_12,21,40,M,84.7,1.194,1.202,SCHEDULED_REST,0.0,0.0,0.0,0.0,0.0,0.0,1051.0,1200,0,1.1894,1.1979,-0.388,-0.339,0.000433
ASTRO_12,22,40,M,84.7,1.194,1.202,NOMINAL,131.3,125.3,99.0,10668.0,21.8,19.5,1144.0,1000,0,1.1892,1.1978,-0.402,-0.351,0.000433
ASTRO_12,23,40,M,84.7,1.194,1.202,NOMINAL,135.3,133.6,104.9,11214.0,30.1,25.5,1141.0,1200,0,1.1891,1.1977,-0.414,-0.36,0.000433
ASTRO_12,24,40,M,84.7,1.194,1.202,NOMINAL,147.6,138.0,107.5,11793.0,31.3,19.8,1145.0,800,0,1.1889,1.1976,-0.427,-0.367,0.000433
ASTRO_12,25,40,M,84.7,1.194,1.202,NOMINAL,133.3,138.3,99.8,11142.0,33.2,24.7,1225.0,1000,0,1.1887,1.1974,-0.441,-0.38,0.000433
ASTRO_12,26,40,M,84.7,1.194,1.202,PARTIAL_SESSION,52.4,0.0,52.8,3156.0,18.7,0.0,1084.0,1200,0,1.1884,1.1972,-0.469,-0.401,0.000433
ASTRO_12,27,40,M,84.7,1.194,1.202,NOMINAL,144.5,141.1,92.0,11328.0,27.8,19.7,1167.0,1000,0,1.1883,1.197,-0.48,-0.413,0.000433
ASTRO_12,28,40,M,84.7,1.194,1.202,SCHEDULED_REST,0.0,0.0,0.0,0.0,15.0,0.0,963.0,800,0,1.1879,1.1966,-0.514,-0.449,0.000433
ASTRO_12,29,40,M,84.7,1.194,1.202,PARTIAL_SESSION,59.4,0.0,43.1,3075.0,10.9,0.0,1083.0,1200,0,1.1876,1.1963,-0.537,-0.47,0.000433
ASTRO_12,30,40,M,84.7,1.194,1.202,NOMINAL,172.8,113.9,96.3,11490.0,27.9,22.4,1163.0,800,0,1.1874,1.1962,-0.549,-0.481,0.000433
ASTRO_12,31,40,M,84.7,1.194,1.202,NOMINAL,141.2,130.8,105.2,11316.0,27.9,11.9,1129.0,1200,0,1.1873,1.1961,-0.562,-0.491,0.000433
ASTRO_12,32,40,M,84.7,1.194,1.202,NOMINAL,146.6,143.1,113.2,12087.0,35.3,14.2,1102.0,800,0,1.1871,1.196,-0.576,-0.497,0.000433
ASTRO_12,33,40,M,84.7,1.194,1.202,NOMINAL,161.1,153.1,100.6,12444.0,30.2,31.1,1236.0,1200,0,1.187,1.1959,-0.587,-0.508,0.000433
ASTRO_12,34,40,M,84.7,1.194,1.202,PARTIAL_SESSION,40.3,0.0,48.3,2658.0,17.9,0.0,1184.0,1200,0,1.1867,1.1956,-0.61,-0.532,0.000433
ASTRO_12,35,40,M,84.7,1.194,1.202,SCHEDULED_REST,0.0,0.0,0.0,0.0,0.0,0.0,1043.0,800,0,1.1863,1.1952,-0.648,-0.565,0.000433
ASTRO_12,36,40,M,84.7,1.194,1.202,NOMINAL,128.6,116.0,102.5,10413.0,19.5,22.4,1156.0,1200,0,1.1861,1.1951,-0.664,-0.577,0.000433
ASTRO_12,37,40,M,84.7,1.194,1.202,NOMINAL,146.5,144.3,106.6,11922.0,33.7,23.2,1185.0,1000,0,1.1859,1.195,-0.679,-0.585,0.000433
ASTRO_12,38,40,M,84.7,1.194,1.202,NOMINAL,134.1,121.6,105.6,10839.0,30.1,20.1,1211.0,800,0,1.1857,1.1948,-0.694,-0.596,0.000433
ASTRO_12,39,40,M,84.7,1.194,1.202,NOMINAL,150.8,133.5,101.9,11586.0,28.8,17.5,1007.0,1200,0,1.1855,1.1947,-0.711,-0.607,0.000433
ASTRO_12,40,40,M,84.7,1.194,1.202,NOMINAL,172.8,148.7,109.5,12930.0,24.4,21.0,1245.0,1000,0,1.1853,1.1946,-0.727,-0.619,0.000433
ASTRO_12,41,40,M,84.7,1.194,1.202,NOMINAL,162.2,155.6,99.3,12513.0,28.7,15.5,1020.0,1000,0,1.1851,1.1944,-0.746,-0.628,0.000433
ASTRO_12,42,40,M,84.7,1.194,1.202,SCHEDULED_REST,0.0,0.0,0.0,0.0,0.0,0.0,1054.0,800,0,1.1846,1.194,-0.786,-0.663,0.000433
ASTRO_12,43,40,M,84.7,1.194,1.202,NOMINAL,138.8,131.3,107.3,11322.0,29.7,24.2,944.0,1000,0,1.1845,1.1939,-0.799,-0.675,0.000433
ASTRO_12,44,40,M,84.7,1.194,1.202,NOMINAL,148.9,114.0,109.6,11175.0,24.0,20.5,1140.0,800,0,1.1843,1.1937,-0.812,-0.688,0.000433
ASTRO_12,45,40,M,84.7,1.194,1.202,NOMINAL,158.8,138.2,102.5,11985.0,32.1,20.4,970.0,800,0,1.1841,1.1936,-0.828,-0.698,0.000433
ASTRO_12,46,40,M,84.7,1.194,1.202,PARTIAL_SESSION,50.8,0.0,30.6,2442.0,20.0,0.0,1208.0,800,0,1.1838,1.1933,-0.855,-0.72,0.000433
ASTRO_12,47,40,M,84.7,1.194,1.202,NOMINAL,138.0,134.2,97.8,11100.0,28.4,21.3,1220.0,1200,0,1.1836,1.1932,-0.875,-0.732,0.000433
ASTRO_12,48,40,M,84.7,1.194,1.202,NOMINAL,150.7,118.5,96.8,10980.0,33.9,19.5,935.0,800,0,1.1834,1.1931,-0.887,-0.743,0.000433
ASTRO_12,49,40,M,84.7,1.194,1.202,SCHEDULED_REST,0.0,0.0,0.0,0.0,15.0,0.0,1115.0,1000,0,1.1829,1.1927,-0.929,-0.775,0.000433
ASTRO_12,50,40,M,84.7,1.194,1.202,NOMINAL,143.3,139.0,94.2,11295.0,34.8,24.0,1210.0,1000,0,1.1828,1.1926,-0.94,-0.785,0.000433
ASTRO_12,51,40,M,84.7,1.194,1.202,NOMINAL,146.7,138.7,99.3,11541.0,32.8,16.0,1249.0,1200,0,1.1826,1.1924,-0.956,-0.796,0.000433
ASTRO_12,52,40,M,84.7,1.194,1.202,NOMINAL,146.6,136.4,97.1,11403.0,30.7,14.5,1158.0,1000,0,1.1824,1.1923,-0.97,-0.806,0.000433
ASTRO_12,53,40,M,84.7,1.194,1.202,NOMINAL,138.0,144.3,110.3,11778.0,31.1,19.2,1007.0,800,0,1.1822,1.1922,-0.985,-0.818,0.000433
ASTRO_12,54,40,M,84.7,1.194,1.202,NOMINAL,150.9,124.1,100.8,11274.0,27.9,25.9,1016.0,1200,0,1.1821,1.192,-0.997,-0.83,0.000433
ASTRO_12,55,40,M,84.7,1.194,1.202,NOMINAL,133.6,121.3,101.0,10677.0,30.7,15.3,1122.0,1200,0,1.1819,1.1919,-1.014,-0.84,0.000433
ASTRO_12,56,40,M,84.7,1.194,1.202,SCHEDULED_REST,0.0,0.0,0.0,0.0,15.0,0.0,1285.0,1000,0,1.1815,1.1915,-1.044,-0.874,0.000433
ASTRO_12,57,40,M,84.7,1.194,1.202,NOMINAL,147.7,113.2,103.1,10920.0,30.1,13.0,1154.0,800,0,1.1814,1.1914,-1.057,-0.884,0.000433
ASTRO_12,58,40,M,84.7,1.194,1.202,NOMINAL,170.3,140.4,85.7,11892.0,33.3,12.0,1154.0,1200,0,1.1812,1.1913,-1.074,-0.894,0.000433
ASTRO_12,59,40,M,84.7,1.194,1.202,NOMINAL,135.0,140.8,99.5,11259.0,27.3,13.2,1181.0,1000,0,1.181,1.1911,-1.089,-0.905,0.000433
ASTRO_12,60,40,M,84.7,1.194,1.202,NOMINAL,139.2,159.0,116.2,12432.0,23.0,14.2,1155.0,1000,0,1.1808,1.191,-1.103,-0.914,0.000433
ASTRO_12,61,40,M,84.7,1.194,1.202,NOMINAL,154.8,129.1,105.5,11682.0,28.1,15.9,1128.0,1000,0,1.1807,1.1909,-1.112,-0.924,0.000433
ASTRO_12,62,40,M,84.7,1.194,1.202,NOMINAL,142.7,137.3,112.5,11775.0,29.8,15.6,906.0,800,0,1.1805,1.1908,-1.128,-0.933,0.000433
ASTRO_12,63,40,M,84.7,1.194,1.202,SCHEDULED_REST,0.0,0.0,0.0,0.0,0.0,0.0,956.0,1000,0,1.1801,1.1904,-1.165,-0.967,0.000433
ASTRO_12,64,40,M,84.7,1.194,1.202,NOMINAL,160.6,140.0,98.2,11964.0,30.3,25.5,1210.0,1200,0,1.18,1.1902,-1.176,-0.978,0.000433
ASTRO_12,65,40,M,84.7,1.194,1.202,PARTIAL_SESSION,44.7,0.0,56.4,3033.0,12.4,0.0,1084.0,1000,0,1.1797,1.19,-1.198,-0.999,0.000433
ASTRO_12,66,40,M,84.7,1.194,1.202,NOMINAL,146.1,137.1,93.0,11286.0,28.6,27.0,1302.0,1200,0,1.1795,1.1898,-1.212,-1.011,0.000433
ASTRO_12,67,40,M,84.7,1.194,1.202,NOMINAL,155.2,127.9,101.5,11538.0,26.5,16.7,1158.0,1000,0,1.1794,1.1897,-1.224,-1.025,0.000433
ASTRO_12,68,40,M,84.7,1.194,1.202,NOMINAL,148.3,147.7,94.0,11700.0,32.8,22.4,1129.0,800,0,1.1793,1.1895,-1.234,-1.037,0.000433
ASTRO_12,69,40,M,84.7,1.194,1.202,PARTIAL_SESSION,61.2,0.0,54.6,3474.0,16.6,0.0,957.0,800,0,1.179,1.1893,-1.259,-1.059,0.000433
ASTRO_12,70,40,M,84.7,1.194,1.202,SCHEDULED_REST,0.0,0.0,0.0,0.0,15.0,0.0,1218.0,1000,0,1.1785,1.1889,-1.296,-1.092,0.000433
ASTRO_12,71,40,M,84.7,1.194,1.202,NOMINAL,157.0,127.8,112.6,11922.0,27.4,15.9,1066.0,1000,0,1.1784,1.1887,-1.307,-1.103,0.000433
ASTRO_12,72,40,M,84.7,1.194,1.202,NOMINAL,143.3,141.7,110.5,11865.0,29.6,17.4,1261.0,1000,0,1.1782,1.1886,-1.322,-1.117,0.000433
ASTRO_12,73,40,M,84.7,1.194,1.202,NOMINAL,145.6,136.8,103.6,11580.0,30.5,29.7,1047.0,800,0,1.1781,1.1884,-1.335,-1.133,0.000433
ASTRO_12,74,40,M,84.7,1.194,1.202,NOMINAL,150.0,140.7,101.5,11766.0,31.1,20.2,1157.0,1200,0,1.1779,1.1882,-1.346,-1.146,0.000433
ASTRO_12,75,40,M,84.7,1.194,1.202,NOMINAL,137.4,119.9,87.3,10338.0,31.8,15.4,1083.0,800,0,1.1778,1.1881,-1.361,-1.158,0.000433
ASTRO_12,76,40,M,84.7,1.194,1.202,NOMINAL,140.7,123.8,105.1,11088.0,29.5,22.9,814.0,800,0,1.1776,1.188,-1.375,-1.167,0.000433
ASTRO_12,77,40,M,84.7,1.194,1.202,SCHEDULED_REST,0.0,0.0,0.0,0.0,0.0,0.0,983.0,1000,0,1.1772,1.1875,-1.41,-1.203,0.000433
ASTRO_12,78,40,M,84.7,1.194,1.202,NOMINAL,163.8,141.4,91.8,11910.0,29.8,19.4,1191.0,800,0,1.177,1.1874,-1.422,-1.214,0.000433
ASTRO_12,79,40,M,84.7,1.194,1.202,NOMINAL,146.1,139.8,115.1,12030.0,34.0,31.7,1021.0,1000,0,1.1769,1.1873,-1.432,-1.224,0.000433
ASTRO_12,80,40,M,84.7,1.194,1.202,NOMINAL,141.9,122.9,100.7,10965.0,37.1,26.4,999.0,800,0,1.1767,1.1872,-1.448,-1.234,0.000433
ASTRO_12,81,40,M,84.7,1.194,1.202,NOMINAL,145.7,127.1,98.1,11127.0,27.2,14.3,1111.0,1200,0,1.1765,1.1871,-1.463,-1.242,0.000433
ASTRO_12,82,40,M,84.7,1.194,1.202,NOMINAL,148.0,144.9,105.1,11940.0,27.3,25.1,911.0,1200,0,1.1764,1.187,-1.478,-1.251,0.000433
ASTRO_12,83,40,M,84.7,1.194,1.202,NOMINAL,156.2,123.7,92.9,11184.0,26.8,28.3,1070.0,1000,0,1.1761,1.1868,-1.498,-1.261,0.000433
ASTRO_12,84,40,M,84.7,1.194,1.202,SCHEDULED_REST,0.0,0.0,0.0,0.0,15.0,0.0,1029.0,1200,0,1.1757,1.1864,-1.533,-1.295,0.000433
ASTRO_12,85,40,M,84.7,1.194,1.202,NOMINAL,141.4,137.2,96.8,11262.0,30.2,20.4,1058.0,800,0,1.1755,1.1863,-1.548,-1.305,0.000433
ASTRO_12,86,40,M,84.7,1.194,1.202,NOMINAL,136.9,129.8,108.2,11247.0,30.8,15.6,875.0,800,0,1.1753,1.1862,-1.566,-1.317,0.000433
ASTRO_12,87,40,M,84.7,1.194,1.202,NOMINAL,155.0,141.0,111.2,12216.0,27.1,22.0,1115.0,1000,0,1.1752,1.1861,-1.573,-1.326,0.000433
ASTRO_12,88,40,M,84.7,1.194,1.202,NOMINAL,134.8,139.1,117.1,11730.0,26.8,23.8,1150.0,1200,0,1.175,1.1859,-1.589,-1.337,0.000433
ASTRO_12,89,40,M,84.7,1.194,1.202,NOMINAL,126.1,147.0,97.4,11115.0,31.5,4.2,1160.0,1200,0,1.1749,1.1858,-1.598,-1.349,0.000433
ASTRO_12,90,40,M,84.7,1.194,1.202,NOMINAL,133.4,127.7,110.6,11151.0,27.6,12.4,1164.0,800,0,1.1747,1.1856,-1.618,-1.362,0.000433
ASTRO_12,91,40,M,84.7,1.194,1.202,SCHEDULED_REST,0.0,0.0,0.0,0.0,0.0,0.0,971.0,800,0,1.1743,1.1852,-1.654,-1.397,0.000433
ASTRO_12,92,40,M,84.7,1.194,1.202,NOMINAL,165.9,133.8,112.7,12372.0,30.8,18.1,1083.0,1000,0,1.1741,1.1851,-1.668,-1.408,0.000433
ASTRO_12,93,40,M,84.7,1.194,1.202,NOMINAL,141.1,135.0,108.6,11541.0,29.1,23.0,1097.0,1000,0,1.1739,1.1849,-1.686,-1.419,0.000433
ASTRO_12,94,40,M,84.7,1.194,1.202,NOMINAL,154.6,136.4,107.6,11958.0,36.1,25.6,1234.0,1000,0,1.1737,1.1848,-1.699,-1.428,0.000433
ASTRO_12,95,40,M,84.7,1.194,1.202,NOMINAL,167.3,145.6,113.3,12786.0,28.6,18.3,1341.0,1200,0,1.1736,1.1847,-1.711,-1.436,0.000433
ASTRO_12,96,40,M,84.7,1.194,1.202,PARTIAL_SESSION,66.7,0.0,49.0,3471.0,16.3,0.0,1048.0,1000,0,1.1733,1.1845,-1.737,-1.455,0.000433
ASTRO_12,97,40,M,84.7,1.194,1.202,NOMINAL,156.7,138.6,96.6,11757.0,27.0,18.3,944.0,1200,0,1.173,1.1844,-1.755,-1.465,0.000433
ASTRO_12,98,40,M,84.7,1.194,1.202,SCHEDULED_REST,0.0,0.0,0.0,0.0,0.0,0.0,1094.0,800,0,1.1727,1.184,-1.787,-1.496,0.000433
ASTRO_12,99,40,M,84.7,1.194,1.202,NOMINAL,140.0,122.4,87.3,10491.0,25.1,16.5,1330.0,1000,0,1.1725,1.1838,-1.802,-1.51,0.000433
ASTRO_12,100,40,M,84.7,1.194,1.202,NOMINAL,116.9,141.1,105.4,10902.0,29.7,23.4,1168.0,800,0,1.1723,1.1837,-1.817,-1.521,0.000433
ASTRO_12,101,40,M,84.7,1.194,1.202,PARTIAL_SESSION,51.2,0.0,47.0,2946.0,18.0,0.0,1306.0,1000,0,1.1721,1.1834,-1.833,-1.544,0.000433
ASTRO_12,102,40,M,84.7,1.194,1.202,NOMINAL,158.4,127.6,115.4,12042.0,32.6,11.9,1027.0,1200,0,1.172,1.1833,-1.843,-1.555,0.000433
ASTRO_12,103,40,M,84.7,1.194,1.202,NOMINAL,148.3,129.4,102.6,11409.0,31.0,13.8,1110.0,800,0,1.1718,1.1832,-1.859,-1.566,0.000433
ASTRO_12,104,40,M,84.7,1.194,1.202,NOMINAL,150.8,130.9,97.5,11376.0,34.7,19.2,1356.0,1000,0,1.1716,1.1831,-1.874,-1.576,0.000433
ASTRO_12,105,40,M,84.7,1.194,1.202,SCHEDULED_REST,0.0,0.0,0.0,0.0,0.0,0.0,1120.0,1000,0,1.1712,1.1826,-1.909,-1.614,0.000433
ASTRO_12,106,40,M,84.7,1.194,1.202,NOMINAL,127.0,113.6,97.0,10128.0,29.9,19.8,1090.0,1200,0,1.1711,1.1824,-1.922,-1.627,0.000433
ASTRO_12,107,40,M,84.7,1.194,1.202,NOMINAL,136.5,131.7,108.1,11289.0,24.6,9.3,1048.0,1200,0,1.1709,1.1823,-1.933,-1.637,0.000433
ASTRO_12,108,40,M,84.7,1.194,1.202,NOMINAL,174.7,142.1,90.8,12228.0,33.4,19.4,1469.0,1200,0,1.1707,1.1822,-1.953,-1.648,0.000433
ASTRO_12,109,40,M,84.7,1.194,1.202,NOMINAL,148.5,138.3,104.6,11742.0,31.3,22.0,1141.0,1200,0,1.1705,1.182,-1.97,-1.661,0.000433
ASTRO_12,110,40,M,84.7,1.194,1.202,NOMINAL,145.1,135.1,121.3,12045.0,33.1,27.6,1199.0,1000,0,1.1703,1.1819,-1.984,-1.672,0.000433
ASTRO_12,111,40,M,84.7,1.194,1.202,NOMINAL,154.7,139.8,104.8,11979.0,32.8,23.7,1089.0,1200,0,1.1701,1.1817,-1.999,-1.687,0.000433
ASTRO_12,112,40,M,84.7,1.194,1.202,SCHEDULED_REST,0.0,0.0,0.0,0.0,15.0,0.0,1102.0,1000,0,1.1697,1.1813,-2.038,-1.723,0.000433
ASTRO_12,113,40,M,84.7,1.194,1.202,NOMINAL,135.0,133.2,96.6,10944.0,36.6,18.4,990.0,800,0,1.1695,1.1811,-2.056,-1.736,0.000433
ASTRO_12,114,40,M,84.7,1.194,1.202,NOMINAL,143.9,150.6,113.0,12225.0,33.4,22.7,1299.0,1200,0,1.1693,1.181,-2.072,-1.746,0.000433
ASTRO_12,115,40,M,84.7,1.194,1.202,PARTIAL_SESSION,51.1,0.0,39.2,2709.0,12.8,0.0,1204.0,1200,0,1.169,1.1807,-2.097,-1.771,0.000433
ASTRO_12,116,40,M,84.7,1.194,1.202,NOMINAL,151.1,141.7,111.4,12126.0,28.5,19.3,1080.0,800,0,1.1688,1.1806,-2.111,-1.783,0.000433
ASTRO_12,117,40,M,84.7,1.194,1.202,NOMINAL,156.1,140.9,103.9,12027.0,30.5,19.7,947.0,800,0,1.1686,1.1804,-2.125,-1.796,0.000433
ASTRO_12,118,40,M,84.7,1.194,1.202,NOMINAL,128.5,130.8,90.9,10506.0,24.6,9.5,1135.0,800,0,1.1685,1.1803,-2.137,-1.805,0.000433
ASTRO_12,119,40,M,84.7,1.194,1.202,SCHEDULED_REST,0.0,0.0,0.0,0.0,0.0,0.0,1114.0,800,0,1.168,1.1799,-2.177,-1.841,0.000433
ASTRO_12,120,40,M,84.7,1.194,1.202,NOMINAL,121.1,161.4,95.2,11331.0,28.3,22.7,1142.0,800,0,1.1679,1.1797,-2.19,-1.853,0.000433
ASTRO_12,121,40,M,84.7,1.194,1.202,NOMINAL,136.7,125.5,95.3,10725.0,21.6,19.0,1206.0,1000,0,1.1677,1.1796,-2.205,-1.866,0.000433
ASTRO_12,122,40,M,84.7,1.194,1.202,NOMINAL,151.4,125.6,97.3,11229.0,32.0,17.1,1199.0,800,0,1.1674,1.1794,-2.224,-1.877,0.000433
ASTRO_12,123,40,M,84.7,1.194,1.202,NOMINAL,145.2,153.8,112.1,12333.0,36.2,15.0,875.0,800,0,1.1673,1.1793,-2.234,-1.886,0.000433
ASTRO_12,124,40,M,84.7,1.194,1.202,PARTIAL_SESSION,41.4,0.0,53.5,2847.0,13.8,0.0,1132.0,1200,0,1.167,1.1791,-2.259,-1.907,0.000433
ASTRO_12,125,40,M,84.7,1.194,1.202,NOMINAL,135.8,143.3,95.1,11226.0,31.4,24.0,1167.0,800,0,1.1668,1.179,-2.274,-1.918,0.000433
ASTRO_12,126,40,M,84.7,1.194,1.202,SCHEDULED_REST,0.0,0.0,0.0,0.0,15.0,0.0,1120.0,800,0,1.1664,1.1785,-2.313,-1.953,0.000433
ASTRO_12,127,40,M,84.7,1.194,1.202,NOMINAL,142.5,152.5,108.2,12096.0,28.3,26.5,1134.0,1000,0,1.1662,1.1784,-2.325,-1.963,0.000433
ASTRO_12,128,40,M,84.7,1.194,1.202,NOMINAL,149.8,141.1,94.7,11568.0,34.7,24.9,1262.0,800,0,1.1661,1.1783,-2.341,-1.973,0.000433
ASTRO_12,129,40,M,84.7,1.194,1.202,NOMINAL,167.8,134.7,89.3,11754.0,25.2,20.2,1117.0,800,0,1.1659,1.1782,-2.357,-1.983,0.000433
ASTRO_12,130,40,M,84.7,1.194,1.202,NOMINAL,128.9,115.5,96.9,10239.0,33.8,17.4,1075.0,800,0,1.1657,1.178,-2.37,-1.997,0.000433
ASTRO_12,131,40,M,84.7,1.194,1.202,NOMINAL,170.9,146.9,98.7,12495.0,30.0,18.4,954.0,800,0,1.1655,1.1779,-2.388,-2.007,0.000433
ASTRO_12,132,40,M,84.7,1.194,1.202,NOMINAL,169.4,128.5,100.7,11958.0,28.1,13.3,1208.0,1000,0,1.1653,1.1778,-2.405,-2.017,0.000433
ASTRO_12,133,40,M,84.7,1.194,1.202,SCHEDULED_REST,0.0,0.0,0.0,0.0,0.0,0.0,1078.0,1000,0,1.1648,1.1774,-2.444,-2.05,0.000433
ASTRO_12,134,40,M,84.7,1.194,1.202,NOMINAL,143.6,143.1,90.0,11301.0,29.3,16.8,1364.0,1000,0,1.1646,1.1772,-2.461,-2.059,0.000433
ASTRO_12,135,40,M,84.7,1.194,1.202,NOMINAL,152.0,143.3,110.8,12183.0,39.3,16.2,1033.0,800,0,1.1645,1.1771,-2.475,-2.068,0.000433
ASTRO_12,136,40,M,84.7,1.194,1.202,NOMINAL,146.4,140.7,98.8,11577.0,29.6,24.7,948.0,1000,0,1.1643,1.177,-2.489,-2.081,0.000433
ASTRO_12,137,40,M,84.7,1.194,1.202,NOMINAL,141.3,129.6,104.7,11268.0,27.6,23.1,1240.0,1200,0,1.1641,1.1769,-2.504,-2.091,0.000433
ASTRO_12,138,40,M,84.7,1.194,1.202,PARTIAL_SESSION,69.3,0.0,48.7,3540.0,11.5,0.0,1075.0,800,0,1.1638,1.1766,-2.53,-2.111,0.000433
ASTRO_12,139,40,M,84.7,1.194,1.202,NOMINAL,155.6,123.0,95.3,11217.0,30.4,27.3,1116.0,800,0,1.1636,1.1765,-2.542,-2.122,0.000433
ASTRO_12,140,40,M,84.7,1.194,1.202,SCHEDULED_REST,0.0,0.0,0.0,0.0,0.0,0.0,1335.0,1200,0,1.1632,1.1761,-2.58,-2.155,0.000433
ASTRO_12,141,40,M,84.7,1.194,1.202,NOMINAL,170.1,128.4,103.7,12066.0,36.2,27.4,866.0,1000,0,1.163,1.1759,-2.594,-2.167,0.000433
ASTRO_12,142,40,M,84.7,1.194,1.202,NOMINAL,130.0,147.5,93.0,11115.0,24.7,21.9,1092.0,1000,0,1.1629,1.1758,-2.607,-2.18,0.000433
ASTRO_12,143,40,M,84.7,1.194,1.202,NOMINAL,173.4,139.9,103.7,12510.0,27.4,17.3,999.0,1200,0,1.1627,1.1756,-2.618,-2.193,0.000433
ASTRO_12,144,40,M,84.7,1.194,1.202,NOMINAL,128.1,137.4,92.9,10752.0,28.2,16.4,949.0,1000,0,1.1626,1.1755,-2.63,-2.203,0.000433
ASTRO_12,145,40,M,84.7,1.194,1.202,NOMINAL,170.4,138.4,109.7,12555.0,27.7,24.8,1055.0,1200,0,1.1624,1.1754,-2.647,-2.215,0.000433
ASTRO_12,146,40,M,84.7,1.194,1.202,NOMINAL,148.2,139.5,96.2,11517.0,34.8,22.6,997.0,1000,0,1.1622,1.1753,-2.664,-2.225,0.000433
ASTRO_12,147,40,M,84.7,1.194,1.202,SCHEDULED_REST,0.0,0.0,0.0,0.0,0.0,0.0,1247.0,1200,0,1.1617,1.1749,-2.701,-2.258,0.000433
ASTRO_12,148,40,M,84.7,1.194,1.202,NOMINAL,135.6,132.9,96.6,10953.0,32.0,24.0,1016.0,800,0,1.1616,1.1747,-2.712,-2.268,0.000433
ASTRO_12,149,40,M,84.7,1.194,1.202,NOMINAL,140.0,126.3,85.0,10539.0,26.8,25.2,1093.0,1000,0,1.1614,1.1746,-2.729,-2.278,0.000433
ASTRO_12,150,40,M,84.7,1.194,1.202,NOMINAL,154.3,126.7,111.4,11772.0,32.0,18.2,1051.0,800,0,1.1613,1.1745,-2.739,-2.288,0.000433
ASTRO_12,151,40,M,84.7,1.194,1.202,NOMINAL,154.5,136.8,113.8,12153.0,36.1,15.7,1245.0,800,0,1.1611,1.1744,-2.753,-2.299,0.000433
ASTRO_12,152,40,M,84.7,1.194,1.202,NOMINAL,168.4,134.0,100.3,12081.0,31.6,22.6,1227.0,800,0,1.161,1.1743,-2.768,-2.307,0.000433
ASTRO_12,153,40,M,84.7,1.194,1.202,NOMINAL,146.7,136.4,112.6,11871.0,30.7,33.2,1273.0,1000,0,1.1608,1.1741,-2.78,-2.318,0.000433
ASTRO_12,154,40,M,84.7,1.194,1.202,SCHEDULED_REST,0.0,0.0,0.0,0.0,15.0,0.0,1387.0,1200,0,1.1604,1.1737,-2.817,-2.352,0.000433
ASTRO_12,155,40,M,84.7,1.194,1.202,NOMINAL,162.4,124.6,86.0,11190.0,30.8,22.5,1192.0,800,0,1.1602,1.1736,-2.833,-2.366,0.000433
ASTRO_12,156,40,M,84.7,1.194,1.202,NOMINAL,141.5,128.4,104.3,11226.0,31.3,16.6,1133.0,800,0,1.16,1.1734,-2.844,-2.377,0.000433
ASTRO_12,157,40,M,84.7,1.194,1.202,PARTIAL_SESSION,67.1,0.0,54.6,3651.0,17.3,0.0,918.0,800,0,1.1598,1.1732,-2.867,-2.399,0.000433
ASTRO_12,158,40,M,84.7,1.194,1.202,NOMINAL,135.7,120.3,98.7,10641.0,30.0,19.1,1061.0,1200,0,1.1596,1.173,-2.879,-2.409,0.000433
ASTRO_12,159,40,M,84.7,1.194,1.202,NOMINAL,158.7,132.8,86.8,11349.0,28.5,27.3,1218.0,800,0,1.1594,1.1729,-2.897,-2.42,0.000433
ASTRO_12,160,40,M,84.7,1.194,1.202,NOMINAL,152.7,125.0,113.2,11727.0,30.0,14.5,1223.0,800,0,1.1593,1.1728,-2.909,-2.432,0.000433
ASTRO_12,161,40,M,84.7,1.194,1.202,SCHEDULED_REST,0.0,0.0,0.0,0.0,0.0,0.0,1095.0,1200,0,1.1588,1.1723,-2.947,-2.468,0.000433
ASTRO_12,162,40,M,84.7,1.194,1.202,NOMINAL,131.6,123.7,97.4,10581.0,27.1,16.0,1023.0,800,0,1.1586,1.1722,-2.961,-2.48,0.000433
ASTRO_12,163,40,M,84.7,1.194,1.202,NOMINAL,152.8,137.5,101.1,11742.0,27.1,24.6,858.0,1200,0,1.1585,1.172,-2.972,-2.493,0.000433
ASTRO_12,164,40,M,84.7,1.194,1.202,NOMINAL,157.6,145.1,86.6,11679.0,23.9,15.5,1151.0,1200,0,1.1584,1.1719,-2.984,-2.504,0.000433
ASTRO_12,165,40,M,84.7,1.194,1.202,NOMINAL,157.8,134.5,91.8,11523.0,31.5,21.4,1153.0,1200,0,1.1582,1.1718,-2.998,-2.515,0.000433
ASTRO_12,166,40,M,84.7,1.194,1.202,NOMINAL,140.4,132.1,93.7,10986.0,25.5,27.0,1316.0,1000,0,1.1581,1.1716,-3.008,-2.528,0.000433
ASTRO_12,167,40,M,84.7,1.194,1.202,NOMINAL,147.8,135.6,113.1,11895.0,32.3,28.6,1108.0,1000,0,1.1579,1.1715,-3.026,-2.536,0.000433
ASTRO_12,168,40,M,84.7,1.194,1.202,SCHEDULED_REST,0.0,0.0,0.0,0.0,0.0,0.0,1316.0,800,0,1.1574,1.1711,-3.064,-2.569,0.000433
ASTRO_12,169,40,M,84.7,1.194,1.202,NOMINAL,168.0,137.8,116.4,12666.0,33.8,13.3,1108.0,1200,0,1.1573,1.171,-3.076,-2.578,0.000433
ASTRO_12,170,40,M,84.7,1.194,1.202,PARTIAL_SESSION,59.9,0.0,48.3,3246.0,14.7,0.0,1214.0,800,0,1.157,1.1708,-3.1,-2.598,0.000433
ASTRO_12,171,40,M,84.7,1.194,1.202,NOMINAL,143.3,157.8,102.6,12111.0,32.5,19.7,1140.0,1200,0,1.1568,1.1706,-3.119,-2.609,0.000433
ASTRO_12,172,40,M,84.7,1.194,1.202,PARTIAL_SESSION,56.3,0.0,43.1,2982.0,14.5,0.0,1102.0,1000,0,1.1565,1.1704,-3.144,-2.629,0.000433
ASTRO_12,173,40,M,84.7,1.194,1.202,NOMINAL,146.8,144.8,114.1,12171.0,28.7,15.0,1246.0,1000,0,1.1562,1.1703,-3.163,-2.641,0.000433
ASTRO_12,174,40,M,84.7,1.194,1.202,NOMINAL,168.4,127.5,86.8,11481.0,27.2,16.0,1178.0,1000,0,1.156,1.1702,-3.179,-2.65,0.000433
ASTRO_12,175,40,M,84.7,1.194,1.202,SCHEDULED_REST,0.0,0.0,0.0,0.0,0.0,0.0,1072.0,1200,0,1.1556,1.1697,-3.215,-2.684,0.000433
ASTRO_12,176,40,M,84.7,1.194,1.202,NOMINAL,163.6,136.4,108.4,12252.0,22.5,20.1,1217.0,800,0,1.1554,1.1696,-3.231,-2.695,0.000433
ASTRO_12,177,40,M,84.7,1.194,1.202,NOMINAL,142.4,144.2,103.6,11706.0,38.5,13.9,1096.0,1000,0,1.1552,1.1695,-3.246,-2.705,0.000433
ASTRO_12,178,40,M,84.7,1.194,1.202,NOMINAL,136.4,129.1,105.3,11124.0,30.6,22.9,1045.0,1200,0,1.1551,1.1694,-3.259,-2.716,0.000433
ASTRO_12,179,40,M,84.7,1.194,1.202,NOMINAL,139.5,121.6,100.4,10845.0,28.3,17.5,907.0,1000,0,1.1549,1.1692,-3.273,-2.727,0.000433
ASTRO_12,180,40,M,84.7,1.194,1.202,NOMINAL,141.3,149.5,85.0,11274.0,33.2,12.3,1247.0,800,0,1.1547,1.1691,-3.289,-2.733,0.000433
